entity_id,counterparty_id,transactions,amount_cad,first_seen,last_seen,max_risk_score,directions,shared_entity_degree
ENT-01468,CPT-03258,4,151041.14,2025-10-23 17:13:42,2026-05-26 16:44:51,70.0,inbound;outbound,6
ENT-00060,CPT-01696,3,149920.09,2026-03-27 10:18:38,2026-06-19 20:05:56,70.0,inbound;outbound,2
ENT-01203,CPT-05179,1,129156.32,2025-12-09 09:48:18,2025-12-09 09:48:18,70.0,inbound,4
ENT-00303,CPT-03941,1,118264.05,2026-01-08 17:27:43,2026-01-08 17:27:43,70.0,inbound,2
ENT-00492,CPT-02272,3,117894.41,2026-04-27 13:31:09,2026-05-18 13:49:16,70.0,inbound;outbound,5
ENT-00125,CPT-01174,4,113513.53,2025-10-22 14:22:12,2025-11-20 18:16:02,70.0,inbound;outbound,1
ENT-01393,CPT-02549,4,112733.85,2025-10-21 11:12:23,2026-05-11 09:42:54,70.0,outbound,1
ENT-00189,CPT-05179,1,106317.41,2025-11-16 11:36:57,2025-11-16 11:36:57,70.0,inbound,4
ENT-00862,CPT-02202,1,104088.64,2026-04-24 11:57:16,2026-04-24 11:57:16,70.0,inbound,9
ENT-00589,CPT-01061,3,92633.88,2025-09-27 18:39:12,2026-06-14 13:58:34,70.0,inbound;outbound,5
ENT-01289,CPT-02418,4,79683.2,2025-12-08 12:01:46,2026-01-22 11:45:52,70.0,outbound,28
ENT-01494,CPT-03009,1,72653.66,2026-05-18 10:01:50,2026-05-18 10:01:50,70.0,inbound,3
ENT-00678,CPT-00104,24,59233.94,2025-08-15 09:31:56,2026-07-31 08:39:59,70.0,inbound,2
ENT-01468,CPT-02695,5,39290.32,2025-08-05 17:18:54,2026-04-02 18:08:58,70.0,outbound,166
ENT-00060,CPT-01458,1,36875.69,2026-03-28 02:36:06,2026-03-28 02:36:06,70.0,outbound,1
ENT-01228,CPT-03330,6,35060.52,2025-11-20 16:15:00,2026-07-16 18:29:47,70.0,outbound,67
ENT-01203,CPT-05879,1,34436.06,2025-12-10 15:54:30,2025-12-10 15:54:30,70.0,outbound,1
ENT-00060,CPT-01630,2,34188.77,2025-09-27 21:19:09,2026-03-28 03:49:24,70.0,outbound,2
ENT-00060,CPT-00735,6,33746.01,2025-08-01 09:16:40,2026-04-27 19:16:10,70.0,outbound,14
ENT-00891,CPT-01293,2,32642.87,2026-03-25 13:01:28,2026-06-05 09:07:54,70.0,inbound;outbound,7
ENT-01203,CPT-05907,1,30698.17,2025-12-10 03:06:01,2025-12-10 03:06:01,70.0,outbound,2
ENT-00862,CPT-00633,1,30362.79,2026-04-25 03:30:55,2026-04-25 03:30:55,70.0,outbound,1
ENT-01203,CPT-04428,1,26381.5,2025-12-10 20:52:55,2025-12-10 20:52:55,70.0,outbound,3
ENT-00862,CPT-02161,1,26291.43,2026-04-25 22:17:13,2026-04-25 22:17:13,70.0,outbound,27
ENT-00189,CPT-05357,1,25947.73,2025-11-17 21:00:49,2025-11-17 21:00:49,70.0,outbound,5
ENT-01150,CPT-05773,1,24704.27,2025-11-19 23:41:25,2025-11-19 23:41:25,70.0,outbound,1
ENT-00060,CPT-01643,2,24082.36,2025-11-06 14:35:27,2026-03-28 05:52:52,70.0,outbound,5
ENT-00060,CPT-02362,3,19296.15,2025-09-08 12:06:44,2026-06-26 19:16:24,70.0,outbound,4
ENT-00644,CPT-01331,1,18000.0,2025-11-29 09:25:33,2025-11-29 09:25:33,70.0,outbound,3
ENT-00687,CPT-01620,1,16000.0,2026-05-16 11:43:53,2026-05-16 11:43:53,70.0,outbound,2
ENT-00386,CPT-01106,2,15586.86,2025-12-08 19:23:44,2026-06-18 16:57:05,70.0,inbound;outbound,11
ENT-00125,CPT-01854,3,13377.56,2025-10-23 22:38:52,2026-04-09 15:41:52,70.0,inbound;outbound,1
ENT-00918,CPT-00612,2,12443.48,2025-08-04 19:39:01,2025-11-29 12:37:37,70.0,outbound,1
ENT-01228,CPT-03297,9,12375.6,2025-11-20 16:21:08,2026-07-09 13:47:40,70.0,outbound,110
ENT-00882,CPT-04891,1,2057.07,2025-12-06 23:11:15,2025-12-06 23:11:15,70.0,inbound,11
ENT-00882,CPT-03709,1,1973.85,2025-12-07 15:23:10,2025-12-07 15:23:10,70.0,inbound,2
ENT-00882,CPT-04896,1,1792.96,2025-12-07 18:25:24,2025-12-07 18:25:24,70.0,inbound,1
ENT-00104,CPT-05796,1,1727.28,2025-12-21 23:08:43,2025-12-21 23:08:43,70.0,inbound,1
ENT-00982,CPT-04479,1,1712.03,2025-11-02 05:16:52,2025-11-02 05:16:52,70.0,inbound,2
ENT-01460,CPT-04922,1,1573.6,2025-08-29 03:44:35,2025-08-29 03:44:35,70.0,inbound,2
ENT-01460,CPT-05168,1,1519.28,2025-08-29 05:36:19,2025-08-29 05:36:19,70.0,inbound,2
ENT-00678,CPT-03795,1,1055.08,2025-12-30 01:45:18,2025-12-30 01:45:18,70.0,inbound,9
ENT-00902,CPT-03606,1,998.01,2025-11-29 21:27:31,2025-11-29 21:27:31,70.0,inbound,1
ENT-01292,CPT-05526,1,893.58,2025-10-19 17:25:35,2025-10-19 17:25:35,70.0,inbound,2
ENT-01292,CPT-03819,1,840.78,2025-10-19 09:54:38,2025-10-19 09:54:38,70.0,inbound,1
ENT-01270,CPT-05782,1,650.31,2025-10-06 12:03:30,2025-10-06 12:03:30,70.0,inbound,2
ENT-01270,CPT-04706,1,597.19,2025-10-06 18:57:37,2025-10-06 18:57:37,70.0,inbound,2
ENT-01270,CPT-05398,1,593.11,2025-10-06 07:34:23,2025-10-06 07:34:23,70.0,inbound,2
ENT-01270,CPT-04477,1,585.93,2025-10-07 05:51:07,2025-10-07 05:51:07,70.0,inbound,2
ENT-01270,CPT-05130,1,518.35,2025-10-06 10:38:53,2025-10-06 10:38:53,70.0,inbound,4
ENT-01270,CPT-05410,1,518.28,2025-10-06 06:30:26,2025-10-06 06:30:26,70.0,inbound,1
ENT-01270,CPT-04042,1,443.9,2025-10-06 19:20:44,2025-10-06 19:20:44,70.0,inbound,3
ENT-01408,CPT-02911,24,338614.14,2025-08-15 14:45:01,2026-07-31 11:38:13,69.9,outbound,2
ENT-01135,CPT-02657,24,285308.96,2025-08-15 12:07:48,2026-07-31 15:43:04,69.9,outbound,4
ENT-00333,CPT-01682,3,98600.97,2026-04-24 16:48:38,2026-06-29 16:55:51,69.9,inbound;outbound,3
ENT-01289,CPT-02486,3,60796.46,2025-12-05 14:47:07,2026-01-13 10:50:43,69.9,outbound,11
ENT-00387,CPT-01747,5,55795.41,2026-03-30 09:08:37,2026-06-17 12:32:11,69.9,outbound,2
ENT-01289,CPT-02458,2,54202.51,2025-11-25 09:58:14,2026-01-22 12:04:23,69.9,outbound,1
ENT-00980,CPT-00860,4,42473.34,2025-10-17 19:20:55,2026-03-21 15:41:12,69.9,outbound,16
ENT-00876,CPT-00875,3,41546.91,2026-04-08 16:14:26,2026-07-06 09:08:55,69.9,inbound;outbound,1
ENT-00918,CPT-01696,2,40000.0,2025-12-01 14:39:02,2025-12-13 17:18:37,69.9,outbound,2
ENT-01049,CPT-01432,3,38356.18,2026-04-03 17:53:55,2026-07-03 22:17:01,69.9,outbound,6
ENT-00189,CPT-05944,1,34154.09,2025-11-16 16:15:06,2025-11-16 16:15:06,69.9,outbound,3
ENT-01188,CPT-03529,6,30240.62,2025-10-16 18:33:54,2026-05-14 17:44:25,69.9,outbound,1
ENT-00125,CPT-01729,5,29818.15,2025-08-08 10:00:32,2026-07-27 12:22:15,69.9,inbound;outbound,1
ENT-00303,CPT-04828,1,27527.21,2026-01-09 18:24:49,2026-01-09 18:24:49,69.9,outbound,1
ENT-00589,CPT-01683,3,25940.66,2025-09-12 12:57:01,2026-06-16 00:12:11,69.9,outbound,13
ENT-01436,CPT-03297,2,24548.94,2026-03-09 14:23:22,2026-04-30 16:56:40,69.9,outbound,110
ENT-00687,CPT-00964,2,24000.0,2026-04-14 17:55:36,2026-04-26 10:10:33,69.9,outbound,6
ENT-00862,CPT-02064,2,23120.44,2025-08-14 15:21:45,2026-04-25 20:40:48,69.9,outbound,6
ENT-00120,CPT-01480,3,22844.62,2025-08-11 22:15:40,2026-06-01 19:19:57,69.9,outbound,1
ENT-00496,CPT-00713,3,21065.28,2025-09-28 16:28:09,2026-04-22 22:41:54,69.9,outbound,7
ENT-00980,CPT-01727,3,21050.95,2025-12-12 18:04:32,2026-07-20 18:29:20,69.9,outbound,12
ENT-00868,CPT-00973,3,20461.37,2025-12-21 10:37:14,2026-06-26 16:35:54,69.9,outbound,1
ENT-00387,CPT-00660,2,18182.63,2026-04-12 15:59:05,2026-07-25 10:40:33,69.9,outbound,1
ENT-01203,CPT-04091,1,16861.29,2025-12-10 02:09:00,2025-12-10 02:09:00,69.9,outbound,1
ENT-00289,CPT-02136,1,16076.09,2026-01-20 16:11:06,2026-01-20 16:11:06,69.9,outbound,5
ENT-00917,CPT-01742,4,15185.99,2025-11-18 17:20:45,2026-03-29 16:11:52,69.9,outbound,27
ENT-00918,CPT-02360,1,15000.0,2025-12-27 17:22:47,2025-12-27 17:22:47,69.9,outbound,1
ENT-00492,CPT-01499,3,12649.08,2025-12-26 19:28:38,2026-07-25 12:59:11,69.9,outbound,1
ENT-00248,CPT-02185,1,11534.89,2026-05-04 14:11:50,2026-05-04 14:11:50,69.9,outbound,2
ENT-01188,CPT-02925,3,7718.34,2025-10-16 18:35:47,2025-11-11 11:48:50,69.9,outbound,6
ENT-00454,CPT-00994,15,4245.78,2025-09-12 14:10:50,2026-04-26 21:36:52,69.9,inbound;outbound,1
ENT-00130,CPT-01441,7,4102.42,2025-10-18 09:48:07,2026-07-16 10:28:33,69.9,inbound;outbound,5
ENT-00882,CPT-04994,1,2133.14,2025-12-07 13:11:59,2025-12-07 13:11:59,69.9,inbound,2
ENT-00982,CPT-04262,1,1735.85,2025-11-03 01:08:39,2025-11-03 01:08:39,69.9,inbound,2
ENT-00882,CPT-05832,1,1726.19,2025-12-07 13:19:35,2025-12-07 13:19:35,69.9,inbound,1
ENT-00982,CPT-05635,1,1666.09,2025-11-03 06:42:33,2025-11-03 06:42:33,69.9,inbound,4
ENT-00104,CPT-04479,1,1645.68,2025-12-21 18:36:46,2025-12-21 18:36:46,69.9,inbound,2
ENT-00149,CPT-04974,1,1631.36,2025-08-24 18:06:20,2025-08-24 18:06:20,69.9,inbound,1
ENT-00982,CPT-04153,1,1590.44,2025-11-02 19:52:51,2025-11-02 19:52:51,69.9,inbound,2
ENT-00982,CPT-03943,1,1559.69,2025-11-02 18:22:15,2025-11-02 18:22:15,69.9,inbound,1
ENT-00982,CPT-04717,1,1555.69,2025-11-01 23:57:39,2025-11-01 23:57:39,69.9,inbound,1
ENT-00210,CPT-05612,1,1523.54,2025-10-19 20:54:13,2025-10-19 20:54:13,69.9,inbound,2
ENT-00104,CPT-04990,1,1436.61,2025-12-21 20:28:01,2025-12-21 20:28:01,69.9,inbound,2
ENT-00522,CPT-01838,4,1419.69,2025-09-09 14:13:21,2026-07-24 19:30:55,69.9,inbound;outbound,24
ENT-00902,CPT-03824,1,1388.13,2025-11-29 03:01:30,2025-11-29 03:01:30,69.9,inbound,1
ENT-00678,CPT-04153,1,1374.34,2025-12-29 21:25:18,2025-12-29 21:25:18,69.9,inbound,2
ENT-01460,CPT-05662,1,1226.82,2025-08-28 21:24:39,2025-08-28 21:24:39,69.9,inbound,1
ENT-00902,CPT-05539,1,1106.65,2025-11-29 11:51:31,2025-11-29 11:51:31,69.9,inbound,1
ENT-00678,CPT-05384,1,1029.09,2025-12-30 07:30:36,2025-12-30 07:30:36,69.9,inbound,1
ENT-00902,CPT-03830,1,981.92,2025-11-29 16:46:14,2025-11-29 16:46:14,69.9,inbound,1
ENT-00902,CPT-05066,1,912.32,2025-11-29 13:31:51,2025-11-29 13:31:51,69.9,inbound,1
ENT-01292,CPT-03686,1,893.95,2025-10-18 08:23:57,2025-10-18 08:23:57,69.9,inbound,1
ENT-01292,CPT-04205,1,851.25,2025-10-18 12:43:30,2025-10-18 12:43:30,69.9,inbound,1
ENT-01270,CPT-03926,1,723.72,2025-10-05 21:45:54,2025-10-05 21:45:54,69.9,inbound,2
ENT-01270,CPT-04478,1,543.61,2025-10-06 04:28:24,2025-10-06 04:28:24,69.9,inbound,2
ENT-01270,CPT-03827,1,457.59,2025-10-06 03:32:35,2025-10-06 03:32:35,69.9,inbound,1
ENT-01352,CPT-02695,13,127306.81,2025-09-02 13:49:52,2026-07-21 17:54:44,69.8,inbound;outbound,166
ENT-01228,CPT-05414,5,83122.07,2025-08-13 15:33:36,2026-06-22 14:52:49,69.8,inbound,22
ENT-00907,CPT-00044,24,53091.6,2025-08-15 08:52:15,2026-07-31 08:51:26,69.8,inbound,2
ENT-01387,CPT-03981,3,48262.66,2025-12-22 13:58:01,2026-03-13 13:30:13,69.8,inbound,191
ENT-00917,CPT-02201,7,33306.31,2025-08-08 19:19:04,2026-04-02 12:56:42,69.8,outbound,3
ENT-00642,CPT-01223,7,32985.31,2025-08-29 09:15:15,2026-07-17 11:10:37,69.8,inbound;outbound,5
ENT-00125,CPT-01742,7,32975.82,2025-08-13 12:30:06,2026-07-30 17:04:10,69.8,inbound;outbound,27
ENT-01188,CPT-02824,4,30886.31,2025-10-02 11:13:44,2026-03-26 09:58:55,69.8,outbound,4
ENT-00125,CPT-01907,3,22708.46,2025-09-03 17:42:14,2025-10-23 00:54:33,69.8,inbound;outbound,5
ENT-00125,CPT-02069,5,19615.3,2025-10-23 04:18:52,2026-07-15 15:52:48,69.8,inbound;outbound,6
ENT-00189,CPT-03941,1,18208.54,2025-11-17 19:39:18,2025-11-17 19:39:18,69.8,outbound,2
ENT-00642,CPT-02114,6,17912.54,2025-10-28 13:39:34,2026-07-21 13:30:39,69.8,inbound;outbound,2
ENT-01135,CPT-02695,8,17576.83,2025-10-28 12:05:00,2026-05-26 18:27:31,69.8,outbound,166
ENT-01188,CPT-02889,5,17009.88,2025-10-16 18:33:51,2026-05-14 17:18:22,69.8,outbound,3
ENT-00303,CPT-04428,1,16185.85,2026-01-09 18:02:20,2026-01-09 18:02:20,69.8,outbound,3
ENT-00303,CPT-04192,1,15896.1,2026-01-09 18:19:00,2026-01-09 18:19:00,69.8,outbound,2
ENT-00333,CPT-01754,2,15628.09,2025-08-22 15:49:05,2026-06-30 15:21:48,69.8,outbound,2
ENT-01203,CPT-04254,1,13937.32,2025-12-09 23:48:07,2025-12-09 23:48:07,69.8,outbound,1
ENT-00687,CPT-00997,2,13232.64,2025-10-18 12:49:47,2026-05-09 10:50:17,69.8,outbound,4
ENT-00195,CPT-01085,1,12661.19,2026-02-16 16:43:45,2026-02-16 16:43:45,69.8,outbound,1
ENT-00333,CPT-02091,3,7265.34,2026-06-21 20:27:38,2026-06-30 17:28:29,69.8,outbound,1
ENT-00387,CPT-02052,2,6776.74,2026-03-31 14:48:38,2026-07-26 12:05:03,69.8,outbound,1
ENT-00454,CPT-01465,7,3506.35,2025-12-23 12:17:44,2026-05-04 13:52:49,69.8,inbound;outbound,3
ENT-00653,CPT-01156,4,2150.21,2025-08-05 10:01:28,2026-05-18 11:57:54,69.8,inbound;outbound,1
ENT-00882,CPT-05118,1,1777.07,2025-12-06 17:49:30,2025-12-06 17:49:30,69.8,inbound,2
ENT-00149,CPT-04873,1,1767.05,2025-08-24 11:35:21,2025-08-24 11:35:21,69.8,inbound,1
ENT-00104,CPT-05547,1,1642.76,2025-12-22 16:03:54,2025-12-22 16:03:54,69.8,inbound,1
ENT-00149,CPT-03942,1,1613.28,2025-08-24 09:49:32,2025-08-24 09:49:32,69.8,inbound,1
ENT-00210,CPT-05552,1,1560.05,2025-10-21 01:46:46,2025-10-21 01:46:46,69.8,inbound,1
ENT-00149,CPT-03692,1,1477.06,2025-08-24 06:37:52,2025-08-24 06:37:52,69.8,inbound,3
ENT-00149,CPT-05894,1,1387.92,2025-08-25 03:42:56,2025-08-25 03:42:56,69.8,inbound,1
ENT-00210,CPT-03815,1,1309.33,2025-10-19 17:23:40,2025-10-19 17:23:40,69.8,inbound,2
ENT-01292,CPT-05577,1,1197.67,2025-10-18 08:18:25,2025-10-18 08:18:25,69.8,inbound,1
ENT-00902,CPT-05823,1,1103.37,2025-11-29 07:03:08,2025-11-29 07:03:08,69.8,inbound,3
ENT-01270,CPT-03805,1,572.59,2025-10-06 01:39:18,2025-10-06 01:39:18,69.8,inbound,1
ENT-01270,CPT-05635,1,511.45,2025-10-05 08:54:14,2025-10-05 08:54:14,69.8,inbound,4
ENT-01135,CPT-02493,14,33771.83,2025-10-28 12:34:50,2026-06-30 11:17:31,69.7,outbound,101
ENT-01135,CPT-03349,13,32261.54,2025-08-12 10:34:42,2026-06-30 10:34:43,69.7,outbound,3
ENT-01228,CPT-02821,15,32122.29,2025-11-20 16:10:02,2026-07-16 18:51:22,69.7,outbound,28
ENT-01056,CPT-02692,4,31531.16,2025-10-07 16:22:49,2026-03-03 16:56:17,69.7,outbound,19
ENT-01375,CPT-02695,5,20299.58,2025-10-21 12:01:00,2026-07-16 14:16:56,69.7,outbound,166
ENT-00333,CPT-01742,1,17245.99,2026-06-30 04:44:53,2026-06-30 04:44:53,69.7,outbound,27
ENT-00917,CPT-02034,2,17045.05,2026-02-20 14:14:04,2026-04-22 20:45:05,69.7,outbound,3
ENT-00492,CPT-02161,2,15648.2,2026-04-28 16:50:54,2026-06-09 18:36:59,69.7,outbound,27
ENT-00687,CPT-02222,1,14000.0,2026-04-20 11:17:25,2026-04-20 11:17:25,69.7,outbound,3
ENT-00644,CPT-01742,2,11103.3,2025-11-19 17:13:55,2026-04-14 17:58:02,69.7,outbound,27
ENT-01408,CPT-03242,3,8241.86,2025-10-14 10:30:19,2026-05-05 11:53:27,69.7,outbound,34
ENT-00882,CPT-05337,1,1945.17,2025-12-06 16:46:01,2025-12-06 16:46:01,69.7,inbound,1
ENT-00454,CPT-02029,9,1922.48,2025-09-04 13:29:56,2026-07-10 13:26:53,69.7,inbound;outbound,3
ENT-00104,CPT-05153,1,1591.73,2025-12-21 08:53:45,2025-12-21 08:53:45,69.7,inbound,1
ENT-00907,CPT-03818,1,1527.25,2026-05-29 02:55:43,2026-05-29 02:55:43,69.7,inbound,3
ENT-00210,CPT-04693,1,1510.16,2025-10-19 14:41:24,2025-10-19 14:41:24,69.7,inbound,2
ENT-00149,CPT-04081,1,1490.26,2025-08-24 06:05:24,2025-08-24 06:05:24,69.7,inbound,2
ENT-00104,CPT-05689,1,1449.99,2025-12-21 09:45:47,2025-12-21 09:45:47,69.7,inbound,2
ENT-00104,CPT-05563,1,1396.3,2025-12-21 14:50:17,2025-12-21 14:50:17,69.7,inbound,1
ENT-00907,CPT-05274,1,1117.26,2026-05-29 08:15:10,2026-05-29 08:15:10,69.7,inbound,2
ENT-01230,CPT-03773,1,945.57,2026-06-25 01:08:24,2026-06-25 01:08:24,69.7,inbound,2
ENT-01270,CPT-05611,1,498.42,2025-10-05 04:01:38,2025-10-05 04:01:38,69.7,inbound,2
ENT-01270,CPT-03742,1,461.67,2025-10-05 02:52:29,2025-10-05 02:52:29,69.7,inbound,5
ENT-01150,CPT-05944,1,72763.91,2025-11-18 16:34:15,2025-11-18 16:34:15,69.6,inbound,3
ENT-01352,CPT-03206,14,46427.01,2025-09-02 13:57:34,2026-07-14 11:23:46,69.6,outbound,38
ENT-00589,CPT-01296,2,33207.7,2026-02-28 19:06:56,2026-06-15 19:08:59,69.6,outbound,6
ENT-01150,CPT-05159,1,32776.72,2025-11-19 06:54:51,2025-11-19 06:54:51,69.6,outbound,1
ENT-00303,CPT-05357,1,29036.62,2026-01-08 22:02:18,2026-01-08 22:02:18,69.6,outbound,5
ENT-00303,CPT-05179,1,26576.79,2026-01-09 17:07:26,2026-01-09 17:07:26,69.6,outbound,4
ENT-01468,CPT-02866,4,26062.94,2025-11-18 13:04:02,2026-05-26 16:43:48,69.6,outbound,10
ENT-01468,CPT-02784,3,23889.25,2025-12-16 15:55:22,2026-06-25 11:17:56,69.6,outbound,40
ENT-01398,CPT-03242,2,18178.59,2026-04-21 15:18:25,2026-05-28 12:40:53,69.6,outbound,34
ENT-00917,CPT-01927,1,18000.0,2026-03-26 12:58:01,2026-03-26 12:58:01,69.6,outbound,18
ENT-01408,CPT-02680,8,16596.17,2025-09-04 10:39:41,2026-07-23 12:43:14,69.6,outbound,1
ENT-00333,CPT-01205,2,15043.55,2025-09-16 10:50:49,2026-06-30 10:15:05,69.6,outbound,2
ENT-01228,CPT-02756,7,13639.77,2026-06-16 13:49:23,2026-07-16 18:22:34,69.6,outbound,17
ENT-00644,CPT-02043,1,13000.0,2025-12-03 09:38:26,2025-12-03 09:38:26,69.6,outbound,1
ENT-00130,CPT-01522,6,2515.98,2025-08-08 19:53:46,2026-06-20 16:03:14,69.6,inbound;outbound,7
ENT-00982,CPT-04140,1,1801.97,2025-11-01 02:50:42,2025-11-01 02:50:42,69.6,inbound,1
ENT-00210,CPT-05902,1,1685.35,2025-10-20 04:18:28,2025-10-20 04:18:28,69.6,inbound,1
ENT-00882,CPT-03868,1,1637.55,2025-12-06 07:06:37,2025-12-06 07:06:37,69.6,inbound,2
ENT-00104,CPT-05835,1,1565.19,2025-12-21 01:36:49,2025-12-21 01:36:49,69.6,inbound,2
ENT-01460,CPT-04028,1,1548.3,2025-08-28 12:39:22,2025-08-28 12:39:22,69.6,inbound,3
ENT-00210,CPT-04491,1,1429.99,2025-10-19 11:33:30,2025-10-19 11:33:30,69.6,inbound,1
ENT-00104,CPT-03634,1,1427.8,2025-12-22 12:46:55,2025-12-22 12:46:55,69.6,inbound,9
ENT-00678,CPT-04704,1,1234.89,2025-12-29 17:46:36,2025-12-29 17:46:36,69.6,inbound,2
ENT-01352,CPT-02821,10,53113.37,2025-12-04 17:06:37,2026-07-21 17:54:10,69.5,outbound,28
ENT-00624,CPT-00434,12,36000.0,2025-08-02 19:48:44,2026-07-02 13:18:59,69.5,outbound,1
ENT-00387,CPT-01698,2,17000.0,2026-04-10 11:55:55,2026-04-24 13:35:08,69.5,outbound,4
ENT-00868,CPT-01296,2,13037.9,2025-09-03 12:38:58,2025-12-01 10:27:00,69.5,outbound,6
ENT-00496,CPT-00990,2,12713.62,2025-09-25 17:15:13,2025-10-02 09:51:56,69.5,outbound,2
ENT-01408,CPT-03330,6,12589.77,2025-10-09 14:23:10,2026-07-21 13:53:11,69.5,outbound,67
ENT-00687,CPT-01486,1,6000.0,2026-04-09 09:06:40,2026-04-09 09:06:40,69.5,outbound,2
ENT-00130,CPT-01486,5,5398.9,2026-02-22 14:44:56,2026-06-10 15:44:01,69.5,inbound;outbound,2
ENT-00149,CPT-04116,1,1889.72,2025-08-24 03:25:46,2025-08-24 03:25:46,69.5,inbound,2
ENT-00982,CPT-04674,1,1618.78,2025-11-01 18:10:58,2025-11-01 18:10:58,69.5,inbound,5
ENT-01460,CPT-03724,1,1527.63,2025-08-28 12:22:32,2025-08-28 12:22:32,69.5,inbound,1
ENT-00882,CPT-05455,1,1352.91,2025-12-06 00:09:30,2025-12-06 00:09:30,69.5,inbound,5
ENT-00678,CPT-04003,1,1175.81,2025-12-28 15:58:38,2025-12-28 15:58:38,69.5,inbound,2
ENT-00678,CPT-03798,1,1115.2,2025-12-29 17:07:34,2025-12-29 17:07:34,69.5,inbound,1
ENT-00678,CPT-04114,1,1105.87,2025-12-28 01:07:39,2025-12-28 01:07:39,69.5,inbound,19
ENT-01408,CPT-02695,7,28116.57,2025-09-04 10:42:33,2026-05-05 11:29:12,69.4,outbound,166
ENT-00492,CPT-01944,2,23633.69,2025-10-21 10:41:39,2026-04-28 15:20:54,69.4,outbound,2
ENT-00496,CPT-01646,1,19000.0,2025-10-08 16:23:47,2025-10-08 16:23:47,69.4,outbound,1
ENT-00917,CPT-01727,3,12123.38,2025-11-26 12:33:21,2026-04-13 13:48:01,69.4,outbound,12
ENT-01398,CPT-02462,4,7844.03,2025-08-19 12:37:57,2026-07-30 16:05:37,69.4,outbound,4
ENT-01375,CPT-03579,3,3376.37,2025-10-16 12:54:59,2026-07-16 14:43:54,69.4,outbound,2
ENT-00210,CPT-03755,1,1351.78,2025-10-19 09:49:53,2025-10-19 09:49:53,69.4,inbound,3
ENT-01408,CPT-02571,5,25128.46,2025-10-09 14:08:50,2026-04-21 17:14:24,69.3,outbound,1
ENT-00189,CPT-04028,1,19153.75,2025-11-17 16:24:37,2025-11-17 16:24:37,69.3,outbound,3
ENT-00492,CPT-01440,1,13563.84,2026-04-28 04:52:25,2026-04-28 04:52:25,69.3,outbound,22
ENT-01150,CPT-03855,1,12008.32,2025-11-19 08:34:07,2025-11-19 08:34:07,69.3,outbound,2
ENT-00104,CPT-05164,1,1580.6,2025-12-20 21:44:03,2025-12-20 21:44:03,69.3,inbound,1
ENT-00907,CPT-05765,1,1377.77,2026-05-28 15:06:00,2026-05-28 15:06:00,69.3,inbound,2
ENT-01460,CPT-05935,1,1203.61,2025-08-28 09:40:57,2025-08-28 09:40:57,69.3,inbound,2
ENT-01426,CPT-02695,2,819.07,2025-12-16 17:54:00,2026-05-07 14:02:14,69.3,outbound,166
ENT-01199,CPT-03461,3,33064.7,2025-10-10 16:04:44,2026-06-29 11:51:16,69.2,outbound,4
ENT-01375,CPT-02979,9,17145.48,2026-01-15 15:51:26,2026-07-16 14:57:51,69.2,outbound,2
ENT-01460,CPT-04175,1,1768.26,2025-08-28 07:06:09,2025-08-28 07:06:09,69.2,inbound,1
ENT-00678,CPT-04361,1,1425.29,2025-12-29 10:02:17,2025-12-29 10:02:17,69.2,inbound,1
ENT-00678,CPT-05130,1,1356.11,2025-12-29 07:35:04,2025-12-29 07:35:04,69.2,inbound,4
ENT-00678,CPT-03737,1,1030.78,2025-12-27 22:21:02,2025-12-27 22:21:02,69.2,inbound,1
ENT-01292,CPT-04594,1,859.16,2025-10-17 23:28:47,2025-10-17 23:28:47,69.2,inbound,1
ENT-01203,CPT-03101,3,16368.0,2026-03-19 12:45:23,2026-06-30 12:11:33,69.1,outbound,6
ENT-01460,CPT-05764,3,15101.19,2025-08-28 09:05:06,2026-04-03 11:00:09,69.1,inbound,4
ENT-01228,CPT-02975,8,12740.45,2026-05-26 17:03:02,2026-07-09 13:53:16,69.1,outbound,3
ENT-00210,CPT-05948,1,1553.94,2025-10-19 09:27:25,2025-10-19 09:27:25,69.1,inbound,1
ENT-01230,CPT-05499,1,685.36,2026-06-24 01:29:05,2026-06-24 01:29:05,69.1,inbound,2
ENT-01375,CPT-02654,5,28807.42,2026-03-10 14:16:57,2026-07-16 14:21:53,69.0,outbound,1
ENT-00454,CPT-01824,9,2172.91,2025-09-02 14:30:46,2026-05-15 18:57:14,69.0,inbound;outbound,1
ENT-00907,CPT-04132,1,1514.44,2026-05-28 13:13:10,2026-05-28 13:13:10,69.0,inbound,2
ENT-00210,CPT-04449,1,1467.13,2025-10-19 06:32:44,2025-10-19 06:32:44,69.0,inbound,2
ENT-00678,CPT-05370,1,1050.86,2025-12-28 15:51:39,2025-12-28 15:51:39,69.0,inbound,4
ENT-01230,CPT-05117,1,853.21,2026-06-24 12:47:13,2026-06-24 12:47:13,69.0,inbound,3
ENT-01270,CPT-04528,1,616.76,2025-10-04 19:25:22,2025-10-04 19:25:22,69.0,inbound,1
ENT-01120,CPT-03676,3,29875.44,2025-09-01 17:49:56,2026-03-10 13:45:17,68.9,inbound,1
ENT-01483,CPT-02575,6,21521.34,2025-08-05 14:39:50,2026-05-19 10:49:12,68.9,outbound,2
ENT-00980,CPT-01319,1,7000.0,2026-03-10 13:11:27,2026-03-10 13:11:27,68.9,outbound,1
ENT-00678,CPT-05100,1,1366.66,2025-12-28 07:46:19,2025-12-28 07:46:19,68.9,inbound,1
ENT-00189,CPT-02202,1,303.93,2025-11-16 15:12:28,2025-11-16 15:12:28,68.9,outbound,9
ENT-01426,CPT-02816,24,339983.13,2025-08-15 12:37:40,2026-07-31 10:31:27,68.8,outbound,2
ENT-01120,CPT-03297,8,38575.11,2025-08-19 12:16:05,2026-06-16 17:21:21,68.8,outbound,110
ENT-01151,CPT-03553,7,27994.5,2026-05-26 10:49:58,2026-07-07 16:36:10,68.8,outbound,1
ENT-01483,CPT-02500,10,22646.85,2025-08-05 14:48:11,2026-07-30 14:47:18,68.8,outbound,60
ENT-00982,CPT-03637,1,1464.87,2025-11-01 10:02:31,2025-11-01 10:02:31,68.8,inbound,3
ENT-01203,CPT-02695,3,9270.07,2026-03-19 12:36:44,2026-05-19 09:51:23,68.7,outbound,166
ENT-01460,CPT-04878,1,1474.26,2025-08-28 06:06:12,2025-08-28 06:06:12,68.7,inbound,2
ENT-01468,CPT-03180,24,431794.42,2025-08-15 09:44:41,2026-07-31 15:00:44,68.6,outbound,1
ENT-01375,CPT-03980,2,54585.73,2025-09-24 14:06:57,2026-07-16 13:40:40,68.6,inbound,32
ENT-01483,CPT-05687,2,43512.74,2025-09-02 12:12:02,2026-01-16 09:01:31,68.6,inbound,2
ENT-01151,CPT-03501,4,21605.79,2025-09-04 18:39:11,2026-05-26 11:34:48,68.6,outbound,2
ENT-01120,CPT-02431,31,360322.16,2025-08-15 16:10:51,2026-07-31 13:38:50,68.5,outbound,30
ENT-00333,CPT-01004,2,17540.35,2025-10-03 19:39:51,2026-06-29 21:12:42,68.5,outbound,1
ENT-01387,CPT-02500,3,14174.74,2025-12-16 16:36:15,2026-06-02 10:15:03,68.5,outbound,60
ENT-00868,CPT-01206,2,9110.55,2025-12-18 14:28:06,2025-12-27 10:50:59,68.5,outbound,6
ENT-00907,CPT-04870,1,1565.1,2026-05-28 11:31:31,2026-05-28 11:31:31,68.5,inbound,2
ENT-01460,CPT-04263,1,1500.0,2025-08-28 03:55:03,2025-08-28 03:55:03,68.5,inbound,1
ENT-00907,CPT-04651,1,1265.81,2026-05-27 22:45:50,2026-05-27 22:45:50,68.5,inbound,1
ENT-00902,CPT-03736,1,1203.01,2025-11-28 21:13:58,2025-11-28 21:13:58,68.5,inbound,1
ENT-01135,CPT-03729,3,30904.97,2025-09-01 16:56:22,2026-02-17 17:38:54,68.4,inbound,69
ENT-01151,CPT-03152,2,5899.29,2026-05-26 11:11:13,2026-05-26 11:31:13,68.4,outbound,4
ENT-00149,CPT-05443,1,1589.23,2025-08-23 18:04:09,2025-08-23 18:04:09,68.4,inbound,2
ENT-01270,CPT-04452,1,593.0,2025-10-04 17:33:03,2025-10-04 17:33:03,68.4,inbound,1
ENT-01188,CPT-03534,8,31647.37,2025-10-14 13:16:44,2026-05-19 10:36:37,68.3,outbound,30
ENT-01375,CPT-03310,4,3871.82,2026-05-07 13:12:06,2026-07-16 15:02:44,68.3,outbound,1
ENT-00210,CPT-05608,1,1570.39,2025-10-19 00:12:02,2025-10-19 00:12:02,68.3,inbound,1
ENT-00907,CPT-04773,1,1121.23,2026-05-28 08:06:15,2026-05-28 08:06:15,68.3,inbound,3
ENT-01120,CPT-02787,2,9987.08,2025-09-02 12:30:18,2026-07-28 16:20:49,68.2,outbound,42
ENT-01292,CPT-04745,1,935.47,2025-10-17 21:50:53,2025-10-17 21:50:53,68.2,inbound,2
ENT-00862,CPT-00689,3,22715.12,2025-11-26 17:22:33,2026-05-10 15:37:50,68.1,outbound,2
ENT-01130,CPT-03038,3,19984.13,2026-03-05 13:56:27,2026-06-23 16:07:58,68.1,outbound,1
ENT-01398,CPT-02464,3,17601.24,2025-08-05 16:15:01,2026-05-28 12:26:34,68.1,outbound,2
ENT-00678,CPT-04319,1,1312.98,2025-12-27 20:35:39,2025-12-27 20:35:39,68.1,inbound,1
ENT-01188,CPT-03240,24,344939.86,2025-08-15 17:17:37,2026-07-31 16:30:12,68.0,outbound,2
ENT-01352,CPT-02797,12,22290.21,2025-09-02 13:58:08,2026-05-05 14:06:24,68.0,outbound,1
ENT-01408,CPT-02899,3,10872.1,2025-10-09 14:29:38,2026-05-05 11:50:56,68.0,outbound,3
ENT-01426,CPT-02929,2,1527.42,2025-12-16 17:50:06,2026-01-15 18:00:45,68.0,outbound,15
ENT-00678,CPT-04872,1,1390.91,2025-12-28 15:03:25,2025-12-28 15:03:25,68.0,inbound,2
ENT-00678,CPT-05516,1,1469.7,2025-12-27 14:30:37,2025-12-27 14:30:37,67.9,inbound,1
ENT-00149,CPT-05558,1,1420.31,2025-08-23 08:10:53,2025-08-23 08:10:53,67.9,inbound,4
ENT-01188,CPT-03278,2,7686.38,2025-10-16 18:20:15,2025-11-13 13:24:18,67.8,outbound,3
ENT-00104,CPT-03818,1,1580.54,2025-12-20 18:28:27,2025-12-20 18:28:27,67.8,inbound,3
ENT-01122,CPT-02500,3,16375.89,2026-01-01 17:23:18,2026-01-01 17:50:36,67.7,outbound,60
ENT-01203,CPT-03307,5,16272.11,2025-08-19 12:42:29,2026-04-23 16:46:46,67.7,outbound,7
ENT-01126,CPT-03534,2,6811.07,2026-01-22 10:06:34,2026-01-22 10:21:49,67.7,outbound,30
ENT-00149,CPT-04775,1,1672.93,2025-08-23 09:29:24,2025-08-23 09:29:24,67.7,inbound,1
ENT-01460,CPT-05636,1,1572.96,2025-08-27 21:45:31,2025-08-27 21:45:31,67.7,inbound,3
ENT-01292,CPT-04915,1,874.76,2025-10-17 05:33:58,2025-10-17 05:33:58,67.7,inbound,4
ENT-01130,CPT-03116,5,7601.34,2025-11-25 11:58:54,2026-03-05 13:58:57,67.5,outbound,17
ENT-01387,CPT-03288,3,7001.08,2025-12-23 16:51:10,2026-06-02 09:59:51,67.5,outbound,1
ENT-01387,CPT-03175,2,1732.72,2025-12-23 16:21:02,2025-12-23 16:50:47,67.5,outbound,12
ENT-01230,CPT-05951,1,768.62,2026-06-24 11:45:35,2026-06-24 11:45:35,67.5,inbound,1
ENT-01398,CPT-03376,7,35351.01,2025-08-19 13:17:44,2026-05-28 12:19:57,67.4,outbound,16
ENT-01483,CPT-02712,7,32339.94,2025-09-02 17:16:47,2026-05-19 10:19:52,67.4,outbound,4
ENT-01120,CPT-02652,5,10413.5,2025-08-19 12:41:12,2026-07-28 16:21:48,67.4,outbound,4
ENT-01414,CPT-02695,4,9453.91,2025-12-16 16:21:25,2026-06-16 16:20:21,67.4,outbound,166
ENT-01408,CPT-02015,1,16303.95,2025-10-13 10:14:59,2025-10-13 10:14:59,67.3,inbound,1
ENT-01426,CPT-03409,4,7040.86,2025-12-16 17:42:16,2026-03-10 11:09:22,67.2,outbound,1
ENT-01126,CPT-03323,3,3431.54,2025-11-06 10:06:06,2026-05-14 14:37:12,67.2,outbound,2
ENT-01423,CPT-02825,1,2053.38,2025-11-04 12:20:33,2025-11-04 12:20:33,67.2,outbound,3
ENT-01270,CPT-05906,1,473.15,2025-10-04 12:09:07,2025-10-04 12:09:07,67.2,inbound,1
ENT-00589,CPT-02089,3,26221.53,2025-10-10 10:43:17,2026-06-15 15:03:17,67.1,outbound,3
ENT-01414,CPT-03200,4,6457.92,2025-10-28 10:37:54,2026-03-12 17:27:10,67.1,outbound,4
ENT-01130,CPT-02711,5,37196.02,2025-11-25 11:53:11,2026-06-30 11:44:43,67.0,outbound,4
ENT-01292,CPT-05416,1,1003.88,2025-10-17 11:09:51,2025-10-17 11:09:51,67.0,inbound,1
ENT-01292,CPT-04375,1,805.91,2025-10-17 16:10:36,2025-10-17 16:10:36,67.0,inbound,4
ENT-01387,CPT-03335,3,21168.05,2025-08-21 11:21:18,2026-04-02 13:43:07,66.8,outbound,3
ENT-01426,CPT-02461,6,12213.27,2025-10-07 10:05:09,2026-03-10 12:53:09,66.6,outbound,2
ENT-00104,CPT-05619,1,1650.68,2025-12-20 13:51:07,2025-12-20 13:51:07,66.5,inbound,1
ENT-01292,CPT-04672,1,870.38,2025-10-16 19:30:19,2025-10-16 19:30:19,66.5,inbound,14
ENT-01184,CPT-02687,22,73171.99,2025-09-18 10:56:01,2026-06-16 12:27:38,66.4,outbound,15
ENT-01426,CPT-02438,2,14771.76,2026-01-29 10:46:38,2026-01-29 10:47:33,66.4,outbound,2
ENT-00104,CPT-04030,1,1792.67,2025-12-20 06:11:44,2025-12-20 06:11:44,66.4,inbound,2
ENT-00902,CPT-04710,1,1162.34,2025-11-27 10:15:50,2025-11-27 10:15:50,66.4,inbound,2
ENT-01270,CPT-03889,1,551.92,2025-10-04 14:00:00,2025-10-04 14:00:00,66.3,inbound,3
ENT-00492,CPT-00939,1,17442.88,2026-04-27 17:54:40,2026-04-27 17:54:40,66.2,outbound,3
ENT-01122,CPT-02695,6,12532.87,2025-11-25 11:46:22,2026-07-07 13:57:25,66.1,outbound,166
ENT-01203,CPT-03297,2,11034.71,2025-12-18 12:35:55,2026-03-19 12:28:37,66.1,outbound,110
ENT-01292,CPT-01701,2,6795.6,2025-10-16 15:48:39,2026-03-31 11:59:27,66.1,inbound,3
ENT-01188,CPT-03558,4,4783.75,2025-10-14 13:56:44,2026-05-14 17:57:57,66.1,outbound,7
ENT-00149,CPT-04907,1,1290.9,2025-08-23 16:18:59,2025-08-23 16:18:59,66.1,inbound,5
ENT-01423,CPT-02630,4,5395.74,2025-11-04 11:41:38,2026-04-23 15:08:06,66.0,outbound,5
ENT-00882,CPT-03993,1,1776.5,2025-12-05 22:02:07,2025-12-05 22:02:07,66.0,inbound,3
ENT-01119,CPT-03408,5,15484.53,2026-01-15 17:45:11,2026-05-05 15:19:26,65.9,outbound,2
ENT-01387,CPT-02708,5,12321.33,2025-12-16 16:47:19,2026-06-02 10:11:40,65.9,outbound,2
ENT-01230,CPT-05106,1,950.95,2026-06-23 18:30:05,2026-06-23 18:30:05,65.9,inbound,1
ENT-01184,CPT-04411,4,40578.28,2025-08-04 11:58:36,2026-06-15 13:31:41,65.8,inbound,6
ENT-01126,CPT-02991,2,5808.66,2026-01-22 10:19:17,2026-06-16 11:12:42,65.5,outbound,3
ENT-01423,CPT-02787,6,19058.98,2025-11-04 11:25:26,2026-02-24 09:45:13,65.4,outbound,42
ENT-01408,CPT-03364,8,18527.03,2025-09-04 10:22:10,2026-07-23 11:53:37,65.4,outbound,2
ENT-01188,CPT-03999,5,40824.8,2025-10-08 14:31:03,2026-05-05 09:10:57,65.3,inbound,1
ENT-01426,CPT-03297,7,27783.98,2025-10-28 09:48:47,2026-05-07 13:51:05,65.1,outbound,110
ENT-01423,CPT-03431,3,5448.14,2025-11-04 12:06:08,2026-04-23 14:50:16,65.1,outbound,1
ENT-01414,CPT-03026,6,29158.05,2025-10-28 10:50:57,2026-05-28 12:05:59,65.0,outbound,4
ENT-00902,CPT-05008,1,1057.39,2025-11-28 19:40:06,2025-11-28 19:40:06,64.9,inbound,1
ENT-01184,CPT-02414,16,25736.04,2025-08-21 13:13:24,2026-06-16 12:25:06,64.6,outbound,22
ENT-01119,CPT-02668,4,7229.17,2025-11-25 17:52:32,2026-06-25 11:21:44,64.6,outbound,1
ENT-00902,CPT-04640,1,982.68,2025-11-27 23:16:28,2025-11-27 23:16:28,64.5,inbound,2
ENT-01398,CPT-01742,2,38890.56,2025-10-06 10:02:37,2026-05-27 12:18:28,63.8,inbound,27
ENT-01398,CPT-02706,8,25431.1,2026-04-21 15:10:37,2026-07-30 16:49:16,63.8,outbound,2
ENT-01414,CPT-03297,5,13694.87,2025-12-16 16:28:29,2026-05-28 11:19:58,63.8,outbound,110
ENT-01126,CPT-02852,26,273039.86,2025-08-15 13:00:04,2026-07-31 09:44:41,63.7,outbound,13
ENT-01402,CPT-03307,7,15448.05,2025-08-21 13:21:42,2026-04-07 17:12:37,63.6,outbound,7
ENT-01398,CPT-02990,6,14007.17,2025-08-05 16:21:33,2026-07-30 16:12:48,63.6,outbound,2
ENT-01122,CPT-03317,2,7025.94,2026-01-01 17:46:47,2026-07-07 13:25:22,63.4,outbound,2
ENT-01230,CPT-03730,1,741.07,2026-06-23 17:33:48,2026-06-23 17:33:48,63.1,inbound,1
ENT-00907,CPT-03806,1,1250.09,2026-05-27 16:01:29,2026-05-27 16:01:29,63.0,inbound,1
ENT-01414,CPT-02677,4,12246.3,2025-10-28 10:44:08,2026-06-16 15:27:40,62.9,outbound,1
ENT-01159,CPT-03448,4,11022.02,2025-08-28 17:44:40,2025-11-20 15:57:47,62.8,outbound,12
ENT-01151,CPT-04324,5,66122.43,2025-08-26 16:30:22,2026-06-16 15:16:06,62.7,inbound,71
ENT-01460,CPT-05787,1,1394.04,2025-08-27 09:09:27,2025-08-27 09:09:27,62.4,inbound,3
ENT-01119,CPT-03040,6,21288.79,2025-08-26 18:05:34,2026-05-05 15:47:36,62.3,outbound,2
ENT-01126,CPT-02929,3,12119.36,2026-01-22 10:07:59,2026-06-16 11:29:49,62.0,outbound,15
ENT-01188,CPT-02695,5,15480.08,2025-11-13 13:11:04,2026-05-19 10:17:52,61.9,outbound,166
ENT-00902,CPT-05636,1,1169.07,2025-11-28 19:04:54,2025-11-28 19:04:54,61.9,inbound,3
ENT-01230,CPT-04381,1,918.91,2026-06-23 17:30:53,2026-06-23 17:30:53,61.8,inbound,1
ENT-01402,CPT-02418,6,23536.76,2025-10-07 12:54:03,2026-04-14 11:29:43,61.7,outbound,28
ENT-01159,CPT-03037,5,7087.66,2025-08-28 17:57:55,2025-11-20 15:36:32,61.6,outbound,10
ENT-01203,CPT-04108,2,30079.54,2026-01-02 16:08:43,2026-03-17 13:24:38,61.5,inbound,2
ENT-01352,CPT-03121,10,22608.67,2025-09-02 13:49:05,2026-07-21 17:50:51,61.3,outbound,2
ENT-01414,CPT-03477,3,5161.75,2025-10-28 10:42:23,2026-07-16 16:16:17,61.3,outbound,2
ENT-01188,CPT-03414,4,6014.16,2025-11-13 13:04:07,2026-05-19 11:03:15,61.2,outbound,8
ENT-01426,CPT-05627,2,24753.76,2025-11-20 09:45:04,2026-01-29 10:05:51,60.9,inbound,1
ENT-01203,CPT-03328,4,18662.88,2026-03-19 12:19:18,2026-06-30 12:26:24,60.8,outbound,3
ENT-00907,CPT-04402,1,1152.77,2026-05-27 14:59:30,2026-05-27 14:59:30,60.8,inbound,6
ENT-01414,CPT-02493,2,9458.8,2025-10-28 10:39:32,2026-05-28 12:00:18,60.4,outbound,101
ENT-01119,CPT-05330,3,76331.35,2025-12-29 13:31:50,2026-04-06 15:34:08,60.2,inbound,2
ENT-00902,CPT-05356,1,1277.45,2025-11-28 19:01:22,2025-11-28 19:01:22,60.0,inbound,2
ENT-01414,CPT-02887,5,16237.86,2025-10-28 10:41:55,2026-06-16 15:51:17,59.6,outbound,15
ENT-01159,CPT-03137,4,7420.53,2025-08-28 18:13:48,2026-04-21 10:48:31,59.3,outbound,1
ENT-01126,CPT-02748,1,410.11,2026-01-22 09:44:03,2026-01-22 09:44:03,59.3,outbound,13
ENT-00882,CPT-05405,1,1571.17,2025-12-05 12:36:01,2025-12-05 12:36:01,59.2,inbound,6
ENT-01122,CPT-03248,6,42113.1,2026-01-01 17:24:41,2026-07-07 14:17:11,59.1,outbound,12
ENT-00907,CPT-03836,1,1176.97,2026-05-27 06:03:56,2026-05-27 06:03:56,59.1,inbound,1
ENT-01426,CPT-03204,4,3267.54,2025-10-28 09:34:13,2026-04-16 16:38:24,59.0,outbound,9
ENT-01122,CPT-02161,1,15996.24,2025-12-31 13:57:40,2025-12-31 13:57:40,58.5,inbound,27
ENT-01426,CPT-03242,4,9016.07,2025-10-28 09:36:02,2026-04-02 10:30:48,58.4,outbound,34
ENT-01230,CPT-04980,1,798.01,2026-06-23 12:12:13,2026-06-23 12:12:13,58.1,inbound,2
ENT-01398,CPT-03246,8,21335.4,2025-08-19 12:39:20,2026-06-09 15:00:44,57.8,outbound,4
ENT-01119,CPT-02993,6,11331.79,2026-03-05 13:39:33,2026-07-30 13:16:30,57.7,outbound,3
ENT-01130,CPT-02485,3,9927.42,2026-03-05 13:51:26,2026-06-30 11:13:06,57.5,outbound,3
ENT-00882,CPT-05803,1,1766.39,2025-12-05 02:15:48,2025-12-05 02:15:48,57.5,inbound,1
ENT-01460,CPT-03856,1,1172.68,2025-08-26 17:59:50,2025-08-26 17:59:50,57.5,inbound,2
ENT-00902,CPT-04078,1,957.46,2025-11-28 12:18:55,2025-11-28 12:18:55,57.3,inbound,1
ENT-00982,CPT-04827,1,1600.61,2025-10-31 17:27:40,2025-10-31 17:27:40,57.0,inbound,1
ENT-01328,CPT-03016,24,310232.47,2025-08-15 10:49:31,2026-07-31 17:28:06,56.5,outbound,2
ENT-00882,CPT-04373,1,1466.32,2025-12-05 10:49:13,2025-12-05 10:49:13,56.3,inbound,7
ENT-01426,CPT-03983,3,46881.16,2025-09-23 12:38:13,2026-03-26 12:39:26,56.0,inbound,33
ENT-01423,CPT-02843,8,22091.05,2025-11-04 11:47:16,2026-04-23 14:38:19,55.6,outbound,6
ENT-01252,CPT-02821,30,386263.08,2025-08-15 09:46:56,2026-07-31 10:25:11,55.5,outbound,28
ENT-01126,CPT-03402,5,14002.64,2026-01-22 09:43:36,2026-06-16 11:55:42,55.4,outbound,1
ENT-00907,CPT-04242,1,974.6,2026-05-27 11:58:05,2026-05-27 11:58:05,55.4,inbound,1
ENT-01159,CPT-03453,6,18117.23,2025-09-11 10:43:32,2026-04-21 10:44:27,55.3,outbound,2
ENT-00882,CPT-05675,1,1718.88,2025-12-05 09:50:49,2025-12-05 09:50:49,55.2,inbound,1
ENT-01130,CPT-03502,4,12430.76,2026-03-05 13:33:23,2026-06-30 11:27:18,55.1,outbound,3
ENT-01230,CPT-04364,1,803.31,2026-06-22 19:58:10,2026-06-22 19:58:10,53.8,inbound,2
ENT-01423,CPT-05881,6,32468.35,2025-08-12 12:49:17,2026-07-15 12:43:32,53.6,inbound,1
ENT-01230,CPT-04152,1,864.73,2026-06-22 17:08:32,2026-06-22 17:08:32,53.4,inbound,1
ENT-00104,CPT-05406,1,1167.9,2025-12-19 19:46:28,2025-12-19 19:46:28,53.3,inbound,1
ENT-00907,CPT-05295,1,1157.97,2026-05-27 08:32:55,2026-05-27 08:32:55,52.8,inbound,1
ENT-01122,CPT-02771,3,6945.44,2026-01-01 17:18:24,2026-06-25 17:55:40,52.7,outbound,25
ENT-01252,CPT-02852,4,3609.92,2025-09-16 15:01:19,2026-02-26 16:48:53,52.7,outbound,13
ENT-01414,CPT-05668,2,16803.98,2025-08-20 11:13:01,2025-10-27 09:54:56,52.6,inbound,3
ENT-01328,CPT-02493,3,11623.95,2025-09-09 10:33:10,2025-12-30 10:05:28,51.6,outbound,101
ENT-00982,CPT-04971,1,1834.62,2025-10-31 14:14:53,2025-10-31 14:14:53,51.5,inbound,2
ENT-01230,CPT-04918,1,801.54,2026-06-22 17:11:05,2026-06-22 17:11:05,51.5,inbound,2
ENT-01328,CPT-02965,10,24595.8,2025-09-09 10:27:04,2026-07-28 09:33:49,51.1,outbound,4
ENT-01130,CPT-03330,4,9764.01,2025-11-25 11:39:57,2026-05-28 13:41:06,51.1,outbound,67
ENT-01203,CPT-02431,4,4534.85,2025-10-16 14:04:00,2026-04-23 15:53:10,51.0,outbound,30
ENT-01426,CPT-02743,4,11315.53,2025-10-07 10:47:05,2026-03-10 11:47:57,50.9,outbound,8
ENT-01159,CPT-05308,6,76097.27,2025-08-01 15:28:10,2026-05-28 16:40:31,50.7,inbound,1
ENT-01119,CPT-02414,3,9602.57,2025-11-25 18:25:51,2026-07-30 12:47:08,50.7,outbound,22
ENT-01328,CPT-03758,4,31386.47,2025-08-25 09:48:29,2026-04-28 09:40:16,50.6,inbound,2
ENT-01159,CPT-02498,3,4224.06,2025-11-11 09:51:40,2026-04-14 18:42:30,50.6,outbound,45
ENT-01188,CPT-04791,5,44685.79,2025-09-18 14:19:09,2026-06-15 11:08:06,50.4,inbound,8
ENT-01460,CPT-04281,1,1275.12,2025-08-26 13:57:30,2025-08-26 13:57:30,50.2,inbound,2
ENT-01252,CPT-03574,4,12333.52,2026-01-20 12:17:17,2026-04-09 15:31:19,50.0,outbound,5
ENT-01402,CPT-02864,7,27524.71,2025-12-02 10:42:25,2026-03-31 10:02:19,49.8,outbound,10
ENT-01252,CPT-02493,8,30390.13,2025-09-16 15:24:39,2026-07-16 18:19:02,49.7,outbound,101
ENT-01184,CPT-03283,24,371521.32,2025-08-15 13:18:38,2026-07-31 13:08:07,49.6,outbound,3
ENT-01130,CPT-01727,2,19863.41,2026-03-02 09:02:20,2026-03-05 09:46:56,49.1,inbound,12
ENT-00907,CPT-05643,1,1180.02,2026-05-27 01:47:20,2026-05-27 01:47:20,48.8,inbound,1
ENT-01122,CPT-03206,24,307553.74,2025-08-15 11:49:01,2026-07-31 10:25:24,48.5,outbound,38
ENT-01126,CPT-05057,3,23408.0,2026-01-21 17:17:18,2026-07-16 12:51:04,48.1,inbound,2
ENT-01414,CPT-05778,2,16802.96,2025-09-03 09:08:10,2026-03-12 11:57:00,46.0,inbound,3
ENT-01252,CPT-03980,3,28868.15,2025-08-22 11:18:38,2026-05-19 17:24:09,45.7,inbound,32
ENT-01328,CPT-02724,5,19319.4,2025-10-30 10:31:00,2026-07-28 09:16:25,45.0,outbound,2
ENT-01402,CPT-05450,4,41887.98,2025-08-13 12:19:16,2026-07-14 10:10:32,44.9,inbound,29
ENT-01402,CPT-03330,11,22416.54,2025-08-19 11:03:05,2026-04-07 13:23:31,43.9,outbound,67
ENT-01414,CPT-02414,4,5327.2,2025-10-28 10:14:08,2026-06-16 15:38:38,42.7,outbound,22
ENT-01454,CPT-01414,2,559686.49,2025-08-06 09:44:07,2026-01-26 16:08:08,40.0,inbound,2
ENT-01382,CPT-02695,24,430311.5,2025-08-15 13:28:47,2026-07-31 16:40:50,40.0,outbound,166
ENT-01358,CPT-03330,24,422949.5,2025-08-15 12:20:57,2026-07-31 11:53:13,40.0,outbound,67
ENT-01130,CPT-02623,24,394102.51,2025-08-15 11:40:05,2026-07-31 12:58:30,40.0,outbound,6
ENT-01289,CPT-03297,29,384324.11,2025-08-15 11:03:40,2026-07-31 15:56:07,40.0,outbound,110
ENT-01103,CPT-02695,25,382816.76,2025-08-15 13:29:18,2026-07-31 13:12:46,40.0,outbound,166
ENT-01287,CPT-03070,24,381733.29,2025-08-15 14:42:52,2026-07-31 12:58:48,40.0,outbound,3
ENT-01416,CPT-02695,25,367971.27,2025-08-15 10:24:21,2026-07-31 15:49:26,40.0,outbound,166
ENT-01170,CPT-02726,24,359981.09,2025-08-15 13:12:50,2026-07-31 12:21:34,40.0,outbound,2
ENT-01259,CPT-02695,24,350512.07,2025-08-15 13:29:57,2026-07-31 10:07:09,40.0,outbound,166
ENT-01402,CPT-03356,24,349045.0,2025-08-15 17:08:51,2026-07-31 10:04:13,40.0,outbound,4
ENT-01151,CPT-02695,29,346021.8,2025-08-15 13:32:42,2026-07-31 11:27:35,40.0,outbound,166
ENT-01356,CPT-03439,24,331389.38,2025-08-15 10:06:15,2026-07-31 11:59:07,40.0,outbound,5
ENT-01216,CPT-02984,24,326891.36,2025-08-15 15:35:32,2026-07-31 11:01:51,40.0,outbound,2
ENT-01483,CPT-02472,24,325956.77,2025-08-15 16:46:31,2026-07-31 14:10:43,40.0,outbound,3
ENT-01242,CPT-02901,24,324130.56,2025-08-15 12:04:23,2026-07-31 14:26:39,40.0,outbound,1
ENT-01203,CPT-03068,24,314957.37,2025-08-15 14:16:39,2026-07-31 17:18:26,40.0,outbound,22
ENT-01265,CPT-02729,24,309888.51,2025-08-15 16:14:05,2026-07-31 12:57:09,40.0,outbound,3
ENT-01148,CPT-02940,24,301976.19,2025-08-15 09:46:04,2026-07-31 09:19:28,40.0,outbound,3
ENT-01460,CPT-02636,24,291055.31,2025-08-15 13:32:59,2026-07-31 12:31:46,40.0,outbound,1
ENT-01462,CPT-03913,3,232747.45,2025-12-04 16:08:25,2026-04-24 12:05:44,40.0,inbound,2
ENT-01316,CPT-04272,4,203991.69,2025-08-25 11:35:42,2026-01-29 17:03:12,40.0,inbound,3
ENT-01164,CPT-02499,12,196777.19,2025-08-29 11:18:42,2026-07-31 12:03:34,40.0,outbound,3
ENT-01182,CPT-02284,5,159533.44,2025-12-18 15:21:26,2026-05-08 17:57:35,40.0,inbound,2
ENT-01176,CPT-05366,2,158557.03,2025-11-24 10:56:05,2026-05-14 12:15:59,40.0,inbound,6
ENT-01466,CPT-05355,2,158021.3,2025-10-23 12:18:11,2026-06-17 11:03:22,40.0,inbound,9
ENT-01415,CPT-01112,3,136084.06,2025-09-02 14:25:54,2026-06-26 17:44:28,40.0,inbound,49
ENT-01265,CPT-04426,1,133470.77,2026-03-16 16:34:45,2026-03-16 16:34:45,40.0,inbound,4
ENT-01358,CPT-05486,5,126133.81,2025-10-24 12:21:26,2026-01-23 12:43:11,40.0,inbound,5
ENT-01189,CPT-03661,2,124519.24,2025-12-04 17:41:33,2026-05-21 12:53:59,40.0,inbound,5
ENT-01462,CPT-04972,1,124272.42,2025-12-09 14:40:00,2025-12-09 14:40:00,40.0,inbound,3
ENT-01189,CPT-05414,4,121493.74,2025-09-01 14:12:37,2026-06-30 12:18:02,40.0,inbound,22
ENT-01377,CPT-03176,4,120413.03,2025-10-14 15:25:09,2026-06-04 16:31:23,40.0,outbound,2
ENT-01385,CPT-05753,5,119950.71,2025-09-22 10:18:19,2026-04-03 11:01:34,40.0,inbound,1
ENT-01100,CPT-02136,2,118268.43,2025-08-29 11:04:56,2025-12-12 16:38:15,40.0,inbound,5
ENT-01311,CPT-03989,4,108138.77,2025-09-18 11:26:54,2026-07-20 11:56:15,40.0,inbound,14
ENT-01108,CPT-05189,5,105707.63,2025-08-08 09:15:10,2026-05-22 09:45:07,40.0,inbound,11
ENT-01108,CPT-02131,2,98689.45,2025-11-07 17:03:24,2025-11-25 17:52:18,40.0,inbound,1
ENT-01287,CPT-05042,3,97587.75,2025-09-25 15:36:28,2026-07-16 14:23:14,40.0,inbound,1
ENT-01352,CPT-04768,2,95296.24,2025-12-10 15:15:46,2026-05-15 12:29:39,40.0,inbound,4
ENT-01203,CPT-04629,3,92673.0,2026-01-05 17:28:18,2026-03-13 17:15:34,40.0,inbound,1
ENT-00492,CPT-00097,24,91304.27,2025-08-15 09:25:30,2026-07-31 09:18:21,40.0,inbound,1
ENT-01387,CPT-03729,4,87099.02,2025-10-20 15:48:46,2026-07-08 11:08:03,40.0,inbound,69
ENT-01494,CPT-03330,4,86990.35,2025-09-23 18:18:56,2026-06-30 17:06:08,40.0,outbound,67
ENT-01111,CPT-03634,4,82213.89,2025-10-24 17:49:55,2026-05-27 17:39:12,40.0,inbound,9
ENT-01374,CPT-01095,1,79737.03,2025-09-17 12:48:43,2025-09-17 12:48:43,40.0,inbound,1
ENT-01204,CPT-04666,1,69612.77,2025-10-03 13:33:06,2025-10-03 13:33:06,40.0,inbound,1
ENT-01189,CPT-01374,2,63983.3,2026-05-27 09:20:18,2026-07-21 13:34:53,40.0,inbound,2
ENT-01265,CPT-03981,4,62589.92,2025-12-16 17:20:11,2026-06-24 15:20:04,40.0,inbound,191
ENT-00060,CPT-00022,24,60020.73,2025-08-15 08:57:31,2026-07-31 08:58:20,40.0,inbound,1
ENT-01393,CPT-02421,4,57733.58,2025-10-21 11:33:53,2026-07-16 11:26:32,40.0,outbound,1
ENT-01467,CPT-04345,2,55321.48,2025-08-11 10:13:07,2026-06-11 11:23:01,40.0,inbound,1
ENT-01289,CPT-04203,3,33178.25,2025-12-15 09:37:50,2026-07-14 17:51:04,40.0,inbound,2
ENT-00060,CPT-00360,12,32700.0,2025-08-02 13:39:15,2026-07-02 20:45:28,40.0,outbound,9
ENT-01483,CPT-02870,7,32488.39,2026-02-05 14:37:15,2026-07-30 14:39:16,40.0,outbound,54
ENT-01287,CPT-03139,5,32129.93,2025-08-28 10:29:48,2026-06-25 12:05:50,40.0,outbound,21
ENT-01289,CPT-02695,5,31294.42,2025-12-11 14:39:18,2026-03-26 18:23:09,40.0,outbound,166
ENT-01203,CPT-02282,3,26687.46,2025-11-28 15:40:15,2026-01-27 17:24:58,40.0,inbound,1
ENT-01176,CPT-01285,3,26471.21,2025-11-20 17:10:16,2026-04-14 09:35:36,40.0,inbound,25
ENT-01454,CPT-03981,1,22455.99,2026-01-27 12:36:03,2026-01-27 12:36:03,40.0,inbound,191
ENT-01414,CPT-02500,4,21272.59,2026-04-09 10:04:17,2026-07-16 16:38:03,40.0,outbound,60
ENT-01356,CPT-02695,8,18790.76,2026-02-17 17:21:26,2026-06-04 16:58:18,40.0,outbound,166
ENT-01287,CPT-02695,5,17875.69,2025-08-26 15:48:55,2026-06-04 14:22:32,40.0,outbound,166
ENT-00678,CPT-00305,12,14100.0,2025-08-01 12:33:40,2026-07-01 18:58:01,40.0,outbound,1
ENT-00688,CPT-00360,12,12000.0,2025-08-02 20:54:02,2026-07-01 22:52:23,40.0,outbound,9
ENT-01148,CPT-00722,2,6244.09,2025-10-01 16:50:26,2026-07-30 17:58:12,40.0,inbound,5
ENT-01287,CPT-01514,2,5917.96,2025-09-01 15:05:46,2026-05-14 10:49:05,40.0,inbound,8
ENT-01474,CPT-02644,3,5094.05,2025-11-10 16:57:53,2026-06-05 13:47:55,40.0,outbound,3
ENT-01203,CPT-05684,1,869.85,2025-12-12 13:08:00,2025-12-12 13:08:00,40.0,inbound,1
ENT-00104,CPT-04288,2,647.59,2025-12-25 19:14:31,2025-12-30 18:13:04,40.0,outbound,2
ENT-01414,CPT-02784,24,397125.79,2025-08-15 14:56:31,2026-07-31 12:39:05,39.9,outbound,40
ENT-01367,CPT-02577,24,386517.94,2025-08-15 15:22:25,2026-07-31 11:38:22,39.9,outbound,8
ENT-01423,CPT-02695,24,385158.81,2025-08-15 16:08:48,2026-07-31 13:12:10,39.9,outbound,166
ENT-01233,CPT-03297,34,383746.19,2025-08-15 13:03:06,2026-07-31 12:26:02,39.9,outbound,110
ENT-01246,CPT-02493,24,381941.1,2025-08-15 12:12:11,2026-07-31 17:57:46,39.9,outbound,101
ENT-01064,CPT-02493,24,381555.2,2025-08-15 14:00:02,2026-07-31 15:18:38,39.9,outbound,101
ENT-01332,CPT-03588,24,368952.74,2025-08-15 16:25:20,2026-07-31 14:53:39,39.9,outbound,1
ENT-01152,CPT-02493,25,358938.97,2025-08-15 14:57:38,2026-07-31 09:34:25,39.9,outbound,101
ENT-01385,CPT-03584,24,358643.25,2025-08-15 13:55:43,2026-07-31 11:36:38,39.9,outbound,8
ENT-01312,CPT-02500,24,355458.72,2025-08-15 12:09:05,2026-07-31 09:29:16,39.9,outbound,60
ENT-01440,CPT-03299,24,353105.43,2025-08-15 13:51:25,2026-07-31 16:41:10,39.9,outbound,3
ENT-01179,CPT-02758,24,345618.7,2025-08-15 13:43:22,2026-07-31 12:21:43,39.9,outbound,35
ENT-01194,CPT-03297,27,341146.02,2025-08-15 10:04:43,2026-07-31 17:51:01,39.9,outbound,110
ENT-01178,CPT-02966,24,324401.5,2025-08-15 11:12:34,2026-07-31 11:25:49,39.9,outbound,1
ENT-01370,CPT-02695,26,318513.33,2025-08-15 12:37:11,2026-07-31 14:52:07,39.9,outbound,166
ENT-01131,CPT-03458,24,314796.62,2025-08-15 13:46:23,2026-07-31 11:26:21,39.9,outbound,2
ENT-01114,CPT-02695,28,314251.83,2025-08-14 14:08:47,2026-07-31 12:26:13,39.9,outbound,166
ENT-01375,CPT-02678,24,312949.42,2025-08-15 11:11:12,2026-07-31 10:12:54,39.9,outbound,4
ENT-01454,CPT-02581,24,311715.1,2025-08-15 09:56:22,2026-07-31 11:13:58,39.9,outbound,2
ENT-01474,CPT-02886,24,310766.98,2025-08-15 17:51:29,2026-07-31 09:47:58,39.9,outbound,1
ENT-01111,CPT-02391,24,304832.2,2025-08-15 10:32:15,2026-07-31 12:44:07,39.9,outbound,3
ENT-01407,CPT-03297,24,303033.63,2025-08-15 14:38:54,2026-07-31 17:52:07,39.9,outbound,110
ENT-01471,CPT-02866,24,290925.46,2025-08-15 11:52:46,2026-07-31 15:29:20,39.9,outbound,10
ENT-01462,CPT-02695,25,282938.81,2025-08-15 09:12:24,2026-07-31 10:48:15,39.9,outbound,166
ENT-01271,CPT-02414,24,281733.37,2025-08-15 16:14:50,2026-07-31 11:40:16,39.9,outbound,22
ENT-01056,CPT-02493,24,271345.98,2025-08-15 17:09:06,2026-07-31 17:45:10,39.9,outbound,101
ENT-01455,CPT-02695,12,192665.57,2025-08-29 14:56:48,2026-07-31 09:52:43,39.9,outbound,166
ENT-01393,CPT-02460,14,191697.89,2025-08-15 10:05:15,2026-07-31 15:53:17,39.9,outbound,4
ENT-01500,CPT-02848,12,155454.63,2025-08-29 16:12:25,2026-07-31 13:18:59,39.9,outbound,2
ENT-01323,CPT-02857,12,147761.0,2025-08-29 11:10:08,2026-07-31 15:29:17,39.9,outbound,1
ENT-01120,CPT-00829,3,124713.42,2025-11-11 16:11:36,2026-04-01 15:52:51,39.9,inbound,3
ENT-01266,CPT-05414,4,118341.56,2025-09-05 14:58:20,2026-07-21 15:03:56,39.9,inbound,22
ENT-00149,CPT-00016,24,113085.08,2025-08-15 08:40:40,2026-07-31 09:23:52,39.9,inbound,7
ENT-01476,CPT-05611,4,111796.06,2026-01-30 17:38:23,2026-05-27 16:36:05,39.9,inbound,2
ENT-01137,CPT-05072,2,109368.31,2026-04-07 09:54:26,2026-05-08 16:29:26,39.9,inbound,31
ENT-01196,CPT-05040,6,105490.54,2025-08-29 16:28:56,2026-05-14 14:28:37,39.9,inbound,8
ENT-01141,CPT-05595,4,100769.67,2025-10-03 17:07:37,2026-07-10 11:29:06,39.9,inbound,1
ENT-01356,CPT-03981,5,98724.09,2025-08-18 12:49:23,2026-07-16 12:08:01,39.9,inbound,191
ENT-01448,CPT-04299,6,97751.77,2025-11-10 14:33:41,2026-07-22 16:07:19,39.9,inbound,44
ENT-01191,CPT-01810,3,96799.97,2025-11-20 15:18:58,2026-06-03 16:48:14,39.9,inbound,2
ENT-01092,CPT-04945,1,95392.28,2026-02-09 10:22:31,2026-02-09 10:22:31,39.9,inbound,24
ENT-01125,CPT-05810,1,93789.36,2025-08-06 12:26:27,2025-08-06 12:26:27,39.9,inbound,3
ENT-01456,CPT-02853,2,91529.55,2025-10-27 13:00:52,2026-02-09 13:42:47,39.9,outbound,2
ENT-01105,CPT-03981,3,88131.84,2025-09-16 14:03:58,2026-05-04 15:40:56,39.9,inbound,191
ENT-01146,CPT-05334,4,85861.82,2025-08-20 09:46:41,2026-07-30 13:38:12,39.9,inbound,1
ENT-01155,CPT-01112,4,84086.95,2026-02-24 10:07:19,2026-06-09 14:08:08,39.9,inbound,49
ENT-01247,CPT-04280,1,83750.24,2026-07-31 11:15:08,2026-07-31 11:15:08,39.9,inbound,7
ENT-01236,CPT-03687,3,81540.35,2025-09-17 09:20:44,2026-05-22 17:44:23,39.9,inbound,2
ENT-01324,CPT-04532,2,77075.37,2025-09-02 09:50:25,2026-04-15 09:56:52,39.9,inbound,5
ENT-01265,CPT-00625,2,76407.36,2025-09-29 16:22:20,2026-06-02 11:52:04,39.9,inbound,6
ENT-01242,CPT-03981,5,75382.01,2025-11-10 15:39:26,2026-07-07 12:20:56,39.9,inbound,191
ENT-01101,CPT-02781,4,74516.67,2025-12-02 10:36:24,2026-05-22 12:57:24,39.9,outbound,2
ENT-01426,CPT-05142,3,71233.79,2025-11-13 15:08:53,2026-05-22 11:29:41,39.9,inbound,1
ENT-01393,CPT-03381,2,68081.85,2026-05-12 14:43:21,2026-05-21 14:03:02,39.9,outbound,1
ENT-01486,CPT-04942,2,62749.27,2025-12-24 17:03:12,2026-02-23 12:57:15,39.9,inbound,36
ENT-01093,CPT-04324,2,62692.13,2026-04-16 12:24:33,2026-05-21 11:23:23,39.9,inbound,71
ENT-01094,CPT-04044,2,59344.17,2025-08-20 10:17:09,2026-03-19 12:37:47,39.9,inbound,4
ENT-01356,CPT-03857,2,59061.39,2026-03-20 12:42:37,2026-04-15 10:56:45,39.9,inbound,1
ENT-01346,CPT-03729,1,55344.95,2026-01-26 10:28:27,2026-01-26 10:28:27,39.9,inbound,69
ENT-01062,CPT-05616,8,49679.53,2025-08-08 14:35:13,2026-07-16 10:53:30,39.9,inbound,4
ENT-01159,CPT-04926,5,48474.76,2025-09-01 16:29:22,2025-12-31 17:14:46,39.9,inbound,1
ENT-01401,CPT-02994,5,47937.16,2025-12-08 11:36:53,2026-06-09 10:33:42,39.9,outbound,4
ENT-01460,CPT-03981,2,47488.31,2025-10-29 10:28:12,2026-07-29 14:59:42,39.9,inbound,191
ENT-01277,CPT-05786,4,45779.6,2025-10-02 16:18:11,2026-02-05 11:35:32,39.9,inbound,2
ENT-01148,CPT-03204,3,42957.84,2025-09-30 12:10:29,2026-04-23 16:08:22,39.9,outbound,9
ENT-01079,CPT-01551,3,42725.19,2025-11-10 11:21:08,2026-06-16 16:34:05,39.9,inbound,7
ENT-01203,CPT-02611,5,39924.19,2025-10-16 13:32:25,2026-06-30 12:32:01,39.9,outbound,2
ENT-00303,CPT-00057,24,38701.15,2025-08-15 07:31:27,2026-07-31 09:49:08,39.9,inbound,1
ENT-01203,CPT-05633,3,37539.81,2026-01-07 13:00:06,2026-05-21 14:33:07,39.9,inbound,3
ENT-00677,CPT-00573,12,36000.0,2025-08-02 12:40:36,2026-07-02 15:31:00,39.9,outbound,1
ENT-00981,CPT-00377,12,36000.0,2025-08-02 21:20:04,2026-07-02 14:16:10,39.9,outbound,2
ENT-01414,CPT-03981,4,35141.39,2025-09-26 16:45:35,2026-06-09 11:39:22,39.9,inbound,191
ENT-01393,CPT-03774,3,30445.9,2025-09-04 11:41:04,2026-05-15 13:07:41,39.9,inbound,1
ENT-01225,CPT-04324,4,29218.96,2025-10-23 13:42:57,2026-07-06 16:26:41,39.9,inbound,71
ENT-01287,CPT-04883,4,28966.69,2025-09-10 09:32:13,2026-06-16 17:06:33,39.9,inbound,1
ENT-01311,CPT-03206,2,28158.57,2025-11-20 17:52:59,2026-07-14 13:02:01,39.9,outbound,38
ENT-01483,CPT-02887,7,27718.31,2025-08-05 14:48:01,2026-05-19 10:58:36,39.9,outbound,15
ENT-01471,CPT-02695,11,27693.3,2025-09-23 14:37:38,2026-07-09 14:48:04,39.9,outbound,166
ENT-01120,CPT-04324,2,27512.51,2025-08-20 15:09:15,2025-11-28 14:31:27,39.9,inbound,71
ENT-00333,CPT-00375,12,27000.0,2025-08-02 09:16:34,2026-07-01 16:48:16,39.9,outbound,1
ENT-01287,CPT-02623,7,26065.47,2025-08-26 15:45:52,2026-05-26 12:24:43,39.9,outbound,6
ENT-01339,CPT-03448,6,25572.46,2025-12-30 13:23:14,2026-04-16 13:07:06,39.9,outbound,12
ENT-01484,CPT-02805,3,24247.62,2025-09-11 18:46:41,2026-06-25 09:28:54,39.9,outbound,1
ENT-01356,CPT-05072,3,21693.82,2026-02-12 10:17:20,2026-06-05 14:19:44,39.9,inbound,31
ENT-01452,CPT-00740,3,21140.18,2025-10-15 13:03:34,2026-03-04 09:53:30,39.9,inbound,1
ENT-01170,CPT-02695,9,20642.6,2025-10-21 14:17:04,2026-07-28 15:03:03,39.9,outbound,166
ENT-01356,CPT-03070,6,20263.94,2025-08-21 15:34:32,2026-07-21 14:58:41,39.9,outbound,3
ENT-01176,CPT-04791,3,19720.63,2025-11-24 11:28:55,2026-07-28 13:23:44,39.9,inbound,8
ENT-01287,CPT-03983,4,17348.51,2025-09-12 15:42:17,2026-07-15 17:33:00,39.9,inbound,33
ENT-01196,CPT-03379,2,17138.17,2026-07-30 16:14:22,2026-07-30 16:45:42,39.9,outbound,7
ENT-01108,CPT-01838,4,15046.51,2025-08-14 09:57:07,2026-04-08 12:52:03,39.9,inbound,24
ENT-01053,CPT-03358,6,14140.22,2026-01-05 10:56:14,2026-05-29 12:12:42,39.9,outbound,3
ENT-01245,CPT-03206,5,13526.42,2025-09-02 09:59:45,2026-06-25 14:02:13,39.9,outbound,38
ENT-01492,CPT-02431,6,13233.4,2025-08-19 17:24:56,2026-07-09 09:39:53,39.9,outbound,30
ENT-01494,CPT-05926,3,12935.48,2025-11-14 12:08:56,2026-07-02 12:07:09,39.9,inbound,1
ENT-00418,CPT-00264,12,12000.0,2025-08-02 13:10:26,2026-07-02 20:14:52,39.9,outbound,1
ENT-00526,CPT-00247,12,12000.0,2025-08-01 20:10:53,2026-07-02 11:04:50,39.9,outbound,1
ENT-01188,CPT-02500,9,11485.3,2025-10-02 11:20:25,2026-05-19 10:21:58,39.9,outbound,60
ENT-01465,CPT-02695,5,11066.32,2025-12-25 11:16:07,2026-07-23 12:30:46,39.9,outbound,166
ENT-01213,CPT-02660,5,10334.05,2025-08-25 09:36:23,2026-07-29 10:45:32,39.9,outbound,5
ENT-01494,CPT-04299,2,8528.81,2026-05-21 12:53:47,2026-05-22 15:18:03,39.9,inbound,44
ENT-01083,CPT-04791,6,8459.57,2025-10-11 13:27:14,2026-07-20 11:50:24,39.9,inbound,8
ENT-01288,CPT-02695,4,8279.93,2025-12-24 14:09:18,2026-04-09 09:54:04,39.9,outbound,166
ENT-01446,CPT-03136,4,7999.33,2025-09-25 09:16:35,2026-04-23 09:32:39,39.9,outbound,3
ENT-01459,CPT-03534,5,7806.59,2025-12-11 09:52:19,2026-04-16 12:36:21,39.9,outbound,30
ENT-01121,CPT-02787,5,7432.2,2025-08-28 09:44:38,2026-05-21 16:54:17,39.9,outbound,42
ENT-01126,CPT-03782,2,7365.61,2026-05-15 12:32:17,2026-05-27 11:29:06,39.9,inbound,1
ENT-01188,CPT-03466,6,6954.35,2025-10-02 11:31:40,2025-12-23 10:10:39,39.9,outbound,2
ENT-01115,CPT-03981,4,6678.61,2025-08-30 17:08:44,2025-12-05 11:30:43,39.9,inbound,191
ENT-01340,CPT-02161,4,6506.17,2026-01-29 17:25:49,2026-06-19 15:15:40,39.9,inbound,27
ENT-01391,CPT-02493,3,6182.51,2025-10-24 14:24:10,2026-07-30 11:28:31,39.9,outbound,101
ENT-01479,CPT-02787,4,5554.0,2025-08-06 09:37:44,2026-02-23 10:29:09,39.9,outbound,42
ENT-01341,CPT-03981,2,5282.71,2026-02-17 10:17:34,2026-06-27 09:01:36,39.9,inbound,191
ENT-01446,CPT-02500,1,5000.0,2026-01-01 16:46:14,2026-01-01 16:46:14,39.9,outbound,60
ENT-01150,CPT-03629,3,4874.59,2025-11-21 10:19:01,2026-07-11 11:02:14,39.9,inbound,1
ENT-00675,CPT-00594,9,4553.51,2025-10-25 16:39:21,2026-07-01 18:24:48,39.9,inbound;outbound,5
ENT-01399,CPT-02493,2,4277.54,2025-09-03 10:36:33,2026-07-14 17:01:35,39.9,outbound,101
ENT-01120,CPT-04303,2,3773.6,2025-08-19 16:15:01,2025-10-02 15:08:20,39.9,inbound,22
ENT-01225,CPT-02222,1,3107.07,2026-07-07 10:38:31,2026-07-07 10:38:31,39.9,inbound,3
ENT-01492,CPT-03297,2,3074.85,2025-08-21 15:12:16,2025-10-21 17:32:52,39.9,outbound,110
ENT-01265,CPT-03037,2,3042.08,2026-05-28 16:06:30,2026-07-30 15:30:38,39.9,outbound,10
ENT-01232,CPT-03297,2,2763.83,2026-01-02 17:37:58,2026-07-10 15:30:01,39.9,outbound,110
ENT-01265,CPT-03244,2,2707.64,2025-12-16 12:22:23,2026-05-28 16:03:54,39.9,outbound,3
ENT-01494,CPT-04925,1,2448.73,2025-09-24 09:06:54,2025-09-24 09:06:54,39.9,inbound,3
ENT-01468,CPT-05237,2,2416.85,2025-10-02 17:16:47,2026-01-06 11:51:22,39.9,inbound,3
ENT-01265,CPT-02695,3,2039.95,2026-04-21 16:40:40,2026-07-30 15:10:10,39.9,outbound,166
ENT-01170,CPT-01838,1,2001.73,2025-11-12 10:17:33,2025-11-12 10:17:33,39.9,inbound,24
ENT-01082,CPT-03343,1,2000.0,2025-10-24 11:41:27,2025-10-24 11:41:27,39.9,outbound,1
ENT-00689,CPT-01212,11,1965.8,2025-08-01 18:00:28,2026-07-09 09:48:10,39.9,inbound;outbound,1
ENT-01213,CPT-02695,3,1650.91,2025-08-12 13:14:23,2026-06-23 12:00:37,39.9,outbound,166
ENT-01148,CPT-00652,1,999.2,2025-10-01 11:33:32,2025-10-01 11:33:32,39.9,inbound,2
ENT-00689,CPT-03993,2,920.27,2025-09-21 16:42:41,2026-02-10 11:29:14,39.9,outbound,3
ENT-00855,CPT-03981,2,603.49,2025-08-10 10:31:28,2026-06-21 22:18:30,39.9,outbound,191
ENT-00900,CPT-03981,2,204.64,2026-02-17 17:39:30,2026-04-05 19:58:22,39.9,outbound,191
ENT-00303,CPT-01769,3,119.72,2025-11-24 11:51:11,2026-01-13 16:37:36,39.9,outbound,1
ENT-01220,CPT-03456,24,420794.41,2025-08-15 15:41:39,2026-07-31 12:19:49,39.8,outbound,5
ENT-01384,CPT-03566,24,415395.64,2025-08-15 13:22:28,2026-07-31 17:38:15,39.8,outbound,2
ENT-01069,CPT-02758,25,386957.99,2025-08-15 17:14:29,2026-07-31 17:54:39,39.8,outbound,35
ENT-01457,CPT-02493,24,386076.09,2025-08-15 10:15:17,2026-07-31 12:14:19,39.8,outbound,101
ENT-01297,CPT-03197,27,384800.53,2025-08-15 09:28:27,2026-07-31 10:50:57,39.8,outbound,39
ENT-01095,CPT-02500,24,378207.9,2025-08-15 14:25:53,2026-07-31 09:43:10,39.8,outbound,60
ENT-01230,CPT-03029,24,373334.34,2025-08-15 16:13:58,2026-07-31 15:55:17,39.8,outbound,1
ENT-01211,CPT-03503,24,369899.63,2025-08-15 15:26:33,2026-07-31 12:52:13,39.8,outbound,2
ENT-01276,CPT-02695,27,368391.62,2025-08-15 10:45:22,2026-07-31 10:10:01,39.8,outbound,166
ENT-01180,CPT-02683,24,360403.44,2025-08-15 09:26:14,2026-07-31 16:42:04,39.8,outbound,6
ENT-01186,CPT-03555,24,357508.54,2025-08-15 09:38:18,2026-07-31 14:32:31,39.8,outbound,10
ENT-01210,CPT-03114,24,350171.25,2025-08-15 12:38:05,2026-07-31 14:30:00,39.8,outbound,11
ENT-01347,CPT-02493,28,347022.91,2025-08-15 11:56:15,2026-07-31 14:47:29,39.8,outbound,101
ENT-01060,CPT-03027,24,344566.18,2025-08-15 17:21:41,2026-07-31 17:10:05,39.8,outbound,2
ENT-01301,CPT-02821,24,342130.88,2025-08-15 14:32:25,2026-07-31 11:06:53,39.8,outbound,28
ENT-01299,CPT-02651,24,341461.86,2025-08-15 10:57:00,2026-07-31 17:46:00,39.8,outbound,2
ENT-01249,CPT-02646,24,339121.58,2025-08-15 11:46:02,2026-07-31 14:13:15,39.8,outbound,2
ENT-01136,CPT-02773,24,337469.3,2025-08-15 17:52:02,2026-07-31 10:21:46,39.8,outbound,3
ENT-01450,CPT-02470,24,333805.54,2025-08-15 16:45:17,2026-07-31 14:22:01,39.8,outbound,6
ENT-01434,CPT-03110,24,333434.71,2025-08-15 12:17:35,2026-07-31 15:32:14,39.8,outbound,1
ENT-01090,CPT-03448,24,331864.86,2025-08-15 12:45:35,2026-07-31 14:40:05,39.8,outbound,12
ENT-01432,CPT-03584,24,326892.1,2025-08-15 11:42:55,2026-07-31 16:57:41,39.8,outbound,8
ENT-01062,CPT-03182,24,326071.23,2025-08-15 16:33:58,2026-07-31 14:33:57,39.8,outbound,3
ENT-01200,CPT-02784,24,326059.4,2025-08-15 15:38:30,2026-07-31 11:10:19,39.8,outbound,40
ENT-01245,CPT-02494,24,326043.66,2025-08-15 14:56:28,2026-07-31 13:04:12,39.8,outbound,1
ENT-01372,CPT-03297,26,324965.02,2025-08-15 16:34:29,2026-07-31 14:09:10,39.8,outbound,110
ENT-01092,CPT-03017,24,320904.08,2025-08-15 10:58:55,2026-07-31 17:29:11,39.8,outbound,4
ENT-01320,CPT-03406,24,319824.26,2025-08-15 16:08:07,2026-07-31 13:46:40,39.8,outbound,1
ENT-01348,CPT-02801,24,318445.0,2025-08-15 09:05:28,2026-07-31 14:50:39,39.8,outbound,5
ENT-01401,CPT-02435,24,318008.91,2025-08-15 10:52:06,2026-07-31 11:56:01,39.8,outbound,1
ENT-01225,CPT-02813,24,314613.23,2025-08-15 09:20:37,2026-07-31 14:34:06,39.8,outbound,2
ENT-01138,CPT-02695,25,312714.85,2025-08-15 09:57:50,2026-07-31 11:17:38,39.8,outbound,166
ENT-01222,CPT-03128,24,312714.3,2025-08-15 10:14:29,2026-07-31 11:34:09,39.8,outbound,10
ENT-01489,CPT-02695,26,312213.71,2025-08-15 11:48:11,2026-07-31 09:19:11,39.8,outbound,166
ENT-01204,CPT-03297,24,310234.36,2025-08-15 09:01:27,2026-07-31 10:04:34,39.8,outbound,110
ENT-01113,CPT-02852,24,309330.21,2025-08-15 12:12:01,2026-07-31 15:23:35,39.8,outbound,13
ENT-01316,CPT-03162,24,304536.85,2025-08-15 15:37:12,2026-07-31 10:52:27,39.8,outbound,2
ENT-01055,CPT-02472,24,293723.96,2025-08-15 10:50:04,2026-07-31 10:17:58,39.8,outbound,3
ENT-01389,CPT-02552,24,281496.25,2025-08-15 15:49:15,2026-07-31 16:04:21,39.8,outbound,6
ENT-01484,CPT-03197,24,274996.21,2025-08-15 13:43:33,2026-07-31 12:00:28,39.8,outbound,39
ENT-01304,CPT-02493,24,269105.07,2025-08-15 12:49:44,2026-07-31 17:03:56,39.8,outbound,101
ENT-01427,CPT-03037,12,185465.81,2025-08-29 16:33:12,2026-07-31 14:29:46,39.8,outbound,10
ENT-01341,CPT-03242,12,172703.23,2025-08-29 09:46:12,2026-07-31 15:12:02,39.8,outbound,34
ENT-01083,CPT-02550,12,156412.32,2025-08-29 10:38:21,2026-07-31 14:00:01,39.8,outbound,2
ENT-01100,CPT-05189,3,143304.93,2025-11-11 10:13:33,2026-06-22 09:29:27,39.8,inbound,11
ENT-01059,CPT-01246,3,97758.62,2025-11-24 15:22:08,2026-06-12 15:44:06,39.8,inbound,3
ENT-01196,CPT-03865,2,96208.44,2025-09-15 09:47:27,2025-10-06 09:54:05,39.8,inbound,8
ENT-01472,CPT-02218,2,90511.9,2025-11-24 17:19:04,2026-03-03 10:24:57,39.8,inbound,3
ENT-01333,CPT-01123,3,89055.41,2025-09-09 10:59:39,2026-07-14 14:04:22,39.8,inbound,2
ENT-01237,CPT-02069,3,80505.19,2025-09-01 09:09:03,2026-04-01 13:34:53,39.8,inbound,6
ENT-01057,CPT-04427,2,74370.14,2026-06-05 10:25:46,2026-07-17 14:41:11,39.8,inbound,1
ENT-01353,CPT-05031,1,72415.2,2026-07-30 17:42:01,2026-07-30 17:42:01,39.8,inbound,5
ENT-01345,CPT-05958,3,67634.31,2025-08-01 11:07:13,2026-03-06 14:42:02,39.8,inbound,13
ENT-01108,CPT-00623,7,60543.82,2025-10-17 14:42:02,2026-06-09 17:41:21,39.8,inbound,1
ENT-01184,CPT-04325,1,60478.1,2026-02-03 09:36:23,2026-02-03 09:36:23,39.8,inbound,1
ENT-01233,CPT-01084,2,57839.44,2025-08-26 09:10:13,2025-12-25 13:06:29,39.8,inbound,3
ENT-01411,CPT-02517,2,54101.22,2025-08-18 14:41:15,2026-05-20 15:39:12,39.8,outbound,9
ENT-00718,CPT-00016,24,50606.44,2025-08-15 08:42:36,2026-07-31 08:53:23,39.8,inbound,7
ENT-01471,CPT-02772,13,42580.92,2025-08-05 16:53:25,2026-05-05 15:18:24,39.8,outbound,4
ENT-01375,CPT-00997,1,40313.37,2026-03-10 17:23:52,2026-03-10 17:23:52,39.8,inbound,4
ENT-00532,CPT-00510,12,40200.0,2025-08-02 21:37:38,2026-07-01 16:43:07,39.8,outbound,1
ENT-01402,CPT-03116,9,37543.38,2025-08-19 10:20:24,2026-06-11 17:48:56,39.8,outbound,17
ENT-01005,CPT-00199,12,36000.0,2025-08-01 20:32:40,2026-07-02 10:07:17,39.8,outbound,1
ENT-01408,CPT-04303,5,34716.0,2025-12-03 15:10:53,2026-07-14 14:50:15,39.8,inbound,22
ENT-01203,CPT-03981,3,34554.06,2025-08-11 11:50:34,2026-07-03 11:07:33,39.8,inbound,191
ENT-01225,CPT-03487,4,34009.41,2026-01-06 12:28:55,2026-06-02 10:30:43,39.8,outbound,1
ENT-01441,CPT-02758,2,33535.83,2025-08-07 16:35:12,2026-05-07 13:18:57,39.8,outbound,35
ENT-01471,CPT-02444,10,32604.5,2025-10-28 13:24:29,2026-05-05 14:37:29,39.8,outbound,8
ENT-01426,CPT-03390,3,32303.3,2026-03-10 12:58:37,2026-05-07 14:22:34,39.8,outbound,8
ENT-01305,CPT-03224,7,28553.27,2025-08-05 16:22:42,2026-07-09 13:29:22,39.8,outbound,1
ENT-01375,CPT-04200,3,27618.22,2026-01-13 12:31:03,2026-06-05 12:16:15,39.8,inbound,2
ENT-01468,CPT-02498,5,26346.74,2025-08-05 17:14:41,2026-06-25 11:39:27,39.8,outbound,45
ENT-01414,CPT-03085,4,24600.92,2025-12-16 16:05:29,2026-07-16 16:57:33,39.8,outbound,9
ENT-00296,CPT-00575,12,24000.0,2025-08-02 12:18:06,2026-07-01 13:21:38,39.8,outbound,1
ENT-01379,CPT-02695,9,21787.65,2025-09-23 11:02:20,2026-07-14 15:43:17,39.8,outbound,166
ENT-01245,CPT-02784,8,20583.72,2025-09-25 10:32:37,2026-05-26 18:34:29,39.8,outbound,40
ENT-01441,CPT-03981,4,20431.94,2025-08-22 12:17:24,2026-07-23 14:17:29,39.8,inbound,191
ENT-01414,CPT-04423,3,20063.88,2025-12-02 15:08:14,2026-06-18 12:41:51,39.8,inbound,1
ENT-01328,CPT-02692,7,19870.41,2025-08-07 13:22:05,2026-06-02 14:25:09,39.8,outbound,19
ENT-01356,CPT-03416,9,19841.44,2025-08-21 16:28:31,2026-06-04 16:42:30,39.8,outbound,2
ENT-01305,CPT-02929,6,19826.9,2026-01-20 13:58:17,2026-05-14 12:44:05,39.8,outbound,15
ENT-01170,CPT-02485,5,18960.25,2025-11-06 09:58:11,2026-07-28 15:26:35,39.8,outbound,3
ENT-01375,CPT-03423,4,17767.51,2026-01-20 12:43:19,2026-07-09 14:33:10,39.8,outbound,1
ENT-01467,CPT-04553,3,17697.88,2025-08-08 14:11:43,2026-06-02 10:00:26,39.8,inbound,2
ENT-01062,CPT-02695,4,17641.46,2025-08-07 10:14:20,2026-06-18 17:51:07,39.8,outbound,166
ENT-01448,CPT-04324,3,17595.96,2025-11-28 12:54:25,2026-06-19 16:48:46,39.8,inbound,71
ENT-00907,CPT-00227,12,17100.0,2025-08-01 12:17:22,2026-07-02 19:11:04,39.8,outbound,1
ENT-01130,CPT-03981,1,16548.49,2026-07-10 10:13:04,2026-07-10 10:13:04,39.8,inbound,191
ENT-01289,CPT-05134,3,16244.23,2025-12-10 10:21:22,2026-07-29 09:10:13,39.8,inbound,2
ENT-01421,CPT-02410,7,15942.11,2025-12-15 15:42:28,2026-05-12 10:28:08,39.8,outbound,9
ENT-01428,CPT-02491,4,15228.88,2026-02-18 11:07:04,2026-07-30 11:17:16,39.8,outbound,1
ENT-01345,CPT-03534,6,15146.36,2025-12-04 16:23:27,2026-07-23 15:19:42,39.8,outbound,30
ENT-00492,CPT-00471,12,14400.0,2025-08-01 09:45:29,2026-07-01 14:01:45,39.8,outbound,1
ENT-01449,CPT-03981,2,14193.93,2026-07-08 17:02:38,2026-07-30 12:27:44,39.8,inbound,191
ENT-01245,CPT-03126,5,14118.21,2025-09-02 09:41:41,2026-05-26 18:35:07,39.8,outbound,2
ENT-01492,CPT-02493,3,14105.13,2025-08-19 17:44:38,2025-08-21 14:38:44,39.8,outbound,101
ENT-01177,CPT-03981,2,13865.26,2025-08-12 13:06:50,2026-03-08 16:59:59,39.8,inbound,191
ENT-01375,CPT-02493,7,13554.86,2025-10-16 12:59:53,2026-06-11 11:18:49,39.8,outbound,101
ENT-01430,CPT-02784,4,12808.0,2025-10-08 14:11:45,2026-01-26 16:20:13,39.8,outbound,40
ENT-01242,CPT-03085,2,12774.28,2026-02-12 18:15:18,2026-02-12 18:26:34,39.8,outbound,9
ENT-01105,CPT-03518,1,12000.0,2026-05-06 10:08:38,2026-05-06 10:08:38,39.8,outbound,3
ENT-01456,CPT-04690,6,11608.87,2025-10-31 17:19:59,2026-06-30 16:16:23,39.8,inbound,1
ENT-01483,CPT-02784,7,11096.86,2025-08-21 10:10:30,2026-07-30 14:22:22,39.8,outbound,40
ENT-01468,CPT-04931,2,10966.24,2026-01-30 09:26:48,2026-07-31 13:16:34,39.8,inbound,5
ENT-01148,CPT-03297,7,10795.11,2025-08-07 09:53:22,2026-04-23 16:41:15,39.8,outbound,110
ENT-01452,CPT-03205,3,9776.68,2025-10-28 17:46:37,2026-02-10 16:44:33,39.8,outbound,5
ENT-00902,CPT-01373,3,9608.44,2025-09-26 17:55:41,2026-07-13 11:55:34,39.8,inbound,6
ENT-01096,CPT-03981,4,9499.68,2025-10-02 11:15:40,2026-06-21 13:02:12,39.8,inbound,191
ENT-01425,CPT-00856,4,9219.3,2025-09-20 09:26:59,2026-07-22 10:39:17,39.8,inbound,1
ENT-01162,CPT-04025,5,8789.14,2025-11-01 09:45:10,2026-07-01 12:01:55,39.8,inbound,2
ENT-01342,CPT-03981,3,8750.63,2025-12-31 15:49:32,2026-07-02 14:01:58,39.8,inbound,191
ENT-00731,CPT-02161,7,8306.0,2025-08-18 16:17:06,2026-07-18 12:23:28,39.8,inbound;outbound,27
ENT-01111,CPT-02714,3,8156.6,2025-10-30 17:01:20,2026-05-26 10:31:17,39.8,outbound,3
ENT-01465,CPT-03015,3,7750.02,2026-01-08 10:12:51,2026-01-08 11:34:12,39.8,outbound,3
ENT-01456,CPT-03134,3,7677.16,2026-01-22 10:47:15,2026-05-08 11:25:28,39.8,outbound,2
ENT-01402,CPT-04625,1,7464.57,2026-03-13 15:41:08,2026-03-13 15:41:08,39.8,inbound,1
ENT-01479,CPT-02809,4,7312.74,2025-09-23 13:12:31,2026-05-01 10:09:26,39.8,outbound,1
ENT-01265,CPT-03248,3,6439.09,2026-04-21 17:20:05,2026-05-28 16:02:25,39.8,outbound,12
ENT-01416,CPT-03297,3,6152.44,2026-01-01 16:04:48,2026-03-26 11:56:59,39.8,outbound,110
ENT-01345,CPT-03981,2,5801.15,2025-12-22 17:37:39,2026-01-20 16:08:31,39.8,inbound,191
ENT-01472,CPT-03692,1,5684.26,2026-05-15 17:08:07,2026-05-15 17:08:07,39.8,inbound,3
ENT-01459,CPT-02878,4,5650.48,2025-12-11 10:10:13,2026-05-28 15:46:06,39.8,outbound,5
ENT-00036,CPT-03981,4,5624.99,2025-10-23 18:46:59,2026-07-26 13:57:39,39.8,outbound,191
ENT-01341,CPT-05078,3,5501.86,2025-10-09 15:13:53,2026-03-01 09:04:24,39.8,inbound,49
ENT-01305,CPT-03448,4,5458.93,2026-01-29 14:55:38,2026-06-16 17:50:45,39.8,outbound,12
ENT-01226,CPT-03297,2,5082.75,2025-10-30 09:54:38,2026-02-03 17:03:11,39.8,outbound,110
ENT-01128,CPT-02870,2,4737.23,2025-08-13 11:37:27,2026-03-30 15:18:52,39.8,outbound,54
ENT-01425,CPT-03981,3,4044.96,2025-10-09 17:02:16,2026-02-01 09:10:56,39.8,inbound,191
ENT-01133,CPT-05085,2,4004.17,2025-08-15 13:47:41,2026-04-20 16:28:14,39.8,inbound,3
ENT-01485,CPT-03441,1,4000.0,2026-02-13 13:26:14,2026-02-13 13:26:14,39.8,outbound,1
ENT-01210,CPT-02498,2,3881.9,2025-11-18 17:17:12,2026-01-27 16:48:26,39.8,outbound,45
ENT-01242,CPT-03164,4,3386.77,2025-09-18 16:10:14,2026-02-12 18:40:13,39.8,outbound,2
ENT-01418,CPT-02689,2,3333.45,2025-08-27 15:27:45,2025-10-06 10:40:06,39.8,outbound,1
ENT-01313,CPT-03349,2,3000.0,2026-04-16 17:08:49,2026-05-12 09:00:50,39.8,outbound,3
ENT-01281,CPT-04207,3,2917.42,2025-08-12 09:01:24,2025-11-20 09:13:14,39.8,inbound,1
ENT-00577,CPT-01511,7,2800.27,2025-10-21 14:56:37,2026-07-26 18:36:00,39.8,inbound;outbound,1
ENT-00471,CPT-02181,13,2629.31,2025-08-07 13:33:55,2026-06-24 13:12:30,39.8,inbound;outbound,31
ENT-01340,CPT-02315,2,2403.91,2026-04-07 09:53:49,2026-05-31 11:57:28,39.8,inbound,2
ENT-01137,CPT-03593,1,2326.74,2026-03-19 16:43:09,2026-03-19 16:43:09,39.8,inbound,8
ENT-01494,CPT-03297,2,2218.62,2025-08-12 17:22:53,2026-07-02 14:16:55,39.8,outbound,110
ENT-01462,CPT-02687,1,1892.01,2025-12-11 17:10:50,2025-12-11 17:10:50,39.8,outbound,15
ENT-01197,CPT-04876,2,1670.84,2025-08-31 11:12:09,2026-01-01 09:06:14,39.8,inbound,4
ENT-01393,CPT-03634,1,1386.25,2026-05-13 11:39:19,2026-05-13 11:39:19,39.8,inbound,9
ENT-01114,CPT-03359,1,1000.0,2025-10-15 09:45:00,2025-10-15 09:45:00,39.8,outbound,9
ENT-00282,CPT-01904,5,991.2,2025-08-16 19:06:13,2025-12-07 14:58:05,39.8,inbound;outbound,2
ENT-01060,CPT-03297,2,945.61,2026-03-05 11:12:43,2026-04-02 12:23:05,39.8,outbound,110
ENT-01203,CPT-02493,1,581.15,2025-12-18 12:18:22,2025-12-18 12:18:22,39.8,outbound,101
ENT-00424,CPT-03981,4,527.03,2025-09-02 18:10:55,2026-06-16 21:14:37,39.8,outbound,191
ENT-00653,CPT-01657,3,460.5,2025-08-01 13:07:06,2025-10-20 19:09:57,39.8,inbound;outbound,2
ENT-00246,CPT-03981,1,93.84,2026-06-14 22:35:42,2026-06-14 22:35:42,39.8,outbound,191
ENT-01193,CPT-03446,24,406150.55,2025-08-15 13:53:50,2026-07-31 10:02:45,39.7,outbound,1
ENT-01189,CPT-02695,25,394020.48,2025-08-15 14:45:38,2026-07-31 14:05:43,39.7,outbound,166
ENT-01273,CPT-03368,24,368569.49,2025-08-15 12:25:12,2026-07-31 17:33:13,39.7,outbound,4
ENT-01061,CPT-02715,24,367071.86,2025-08-15 10:32:49,2026-07-31 17:34:40,39.7,outbound,13
ENT-01421,CPT-02695,24,359692.38,2025-08-15 15:56:35,2026-07-31 13:03:42,39.7,outbound,166
ENT-01229,CPT-03525,24,359651.43,2025-08-15 15:10:18,2026-07-31 15:55:18,39.7,outbound,5
ENT-01082,CPT-03297,24,357481.26,2025-08-15 17:54:30,2026-07-31 16:21:51,39.7,outbound,110
ENT-01241,CPT-02659,24,351943.21,2025-08-15 14:10:37,2026-07-31 12:18:28,39.7,outbound,4
ENT-01226,CPT-03330,24,340910.23,2025-08-15 13:51:55,2026-07-31 11:44:23,39.7,outbound,67
ENT-01260,CPT-03297,26,338833.24,2025-08-15 12:49:48,2026-07-31 11:41:10,39.7,outbound,110
ENT-01280,CPT-03024,24,336959.97,2025-08-15 16:42:53,2026-07-31 16:21:56,39.7,outbound,1
ENT-01379,CPT-03206,29,331767.95,2025-08-15 16:52:04,2026-07-31 10:08:06,39.7,outbound,38
ENT-01453,CPT-02887,24,328968.76,2025-08-15 11:12:14,2026-07-31 17:39:41,39.7,outbound,15
ENT-01436,CPT-03088,24,325951.92,2025-08-15 12:56:13,2026-07-31 11:04:06,39.7,outbound,4
ENT-01397,CPT-02870,24,325872.78,2025-08-15 17:47:54,2026-07-31 11:52:59,39.7,outbound,54
ENT-01228,CPT-03113,24,325663.15,2025-08-15 14:29:55,2026-07-31 13:35:24,39.7,outbound,4
ENT-01360,CPT-02972,24,324144.86,2025-08-15 14:04:32,2026-07-31 15:18:09,39.7,outbound,4
ENT-01224,CPT-02693,24,322954.82,2025-08-15 14:00:33,2026-07-31 16:12:14,39.7,outbound,2
ENT-01487,CPT-02528,24,315555.48,2025-08-15 15:24:55,2026-07-31 15:22:27,39.7,outbound,1
ENT-01167,CPT-03051,24,312287.42,2025-08-15 11:05:32,2026-07-31 15:57:04,39.7,outbound,3
ENT-01373,CPT-02493,24,311883.56,2025-08-15 09:28:28,2026-07-31 13:22:43,39.7,outbound,101
ENT-01067,CPT-03015,24,309954.04,2025-08-15 13:32:40,2026-07-31 13:58:36,39.7,outbound,3
ENT-01141,CPT-03342,24,308188.68,2025-08-15 12:50:02,2026-07-31 11:27:04,39.7,outbound,14
ENT-01391,CPT-03356,24,307135.58,2025-08-15 13:44:57,2026-07-31 10:08:04,39.7,outbound,4
ENT-01108,CPT-03521,24,306093.76,2025-08-15 15:47:48,2026-07-31 16:51:01,39.7,outbound,7
ENT-01176,CPT-02940,24,290814.84,2025-08-15 17:45:04,2026-07-31 17:26:08,39.7,outbound,3
ENT-01311,CPT-03528,24,290274.79,2025-08-15 09:14:53,2026-07-31 09:10:03,39.7,outbound,9
ENT-01288,CPT-03558,24,285163.74,2025-08-15 16:10:40,2026-07-31 12:10:18,39.7,outbound,7
ENT-01058,CPT-03258,24,280708.88,2025-08-15 16:12:24,2026-07-31 17:15:21,39.7,outbound,6
ENT-01212,CPT-03360,12,192979.91,2025-08-29 17:46:57,2026-07-31 17:17:36,39.7,outbound,8
ENT-01281,CPT-02895,12,186383.45,2025-08-29 15:59:14,2026-07-31 12:10:28,39.7,outbound,1
ENT-01108,CPT-01295,8,154235.68,2025-10-07 14:55:59,2026-07-03 09:34:02,39.7,inbound,2
ENT-01331,CPT-02870,12,151510.45,2025-08-29 14:54:53,2026-07-31 09:16:13,39.7,outbound,54
ENT-01340,CPT-02687,12,148868.64,2025-08-29 16:33:37,2026-07-31 13:10:40,39.7,outbound,15
ENT-01385,CPT-02227,4,107657.64,2025-09-17 09:23:23,2026-07-07 15:49:22,39.7,inbound,12
ENT-01403,CPT-05322,3,101342.64,2025-10-03 11:04:23,2025-12-04 12:33:05,39.7,inbound,1
ENT-01352,CPT-04324,4,95220.3,2025-11-25 16:08:14,2026-04-23 11:42:42,39.7,inbound,71
ENT-01407,CPT-01230,2,91098.52,2026-02-26 14:57:52,2026-05-21 11:04:15,39.7,inbound,2
ENT-01483,CPT-05078,5,89237.5,2025-12-15 12:56:23,2026-06-18 17:50:36,39.7,inbound,49
ENT-01218,CPT-03729,3,88962.16,2025-10-31 15:35:54,2026-07-28 11:43:08,39.7,inbound,69
ENT-01349,CPT-05883,3,86502.35,2025-09-26 13:34:00,2026-07-08 15:11:53,39.7,inbound,1
ENT-01222,CPT-03704,3,85362.75,2026-01-15 17:39:22,2026-03-12 13:33:06,39.7,inbound,2
ENT-01377,CPT-05007,3,83868.49,2025-11-05 10:38:37,2025-12-31 12:08:57,39.7,inbound,9
ENT-01319,CPT-04324,4,80344.29,2025-10-14 16:25:27,2026-07-28 12:09:11,39.7,inbound,71
ENT-01079,CPT-00713,1,78218.8,2026-05-08 12:12:12,2026-05-08 12:12:12,39.7,inbound,7
ENT-01085,CPT-02695,4,75443.76,2025-12-05 10:45:30,2026-06-30 13:13:34,39.7,outbound,166
ENT-01289,CPT-04324,5,72498.04,2025-08-21 11:17:43,2026-06-30 14:37:42,39.7,inbound,71
ENT-01093,CPT-03742,3,71624.8,2026-04-27 13:48:29,2026-06-26 11:53:26,39.7,inbound,5
ENT-01460,CPT-02787,10,64730.53,2025-12-18 11:59:46,2026-07-16 13:33:41,39.7,outbound,42
ENT-01385,CPT-01293,4,63853.05,2025-09-05 10:16:49,2026-03-26 16:54:36,39.7,inbound,7
ENT-01169,CPT-03710,5,62003.4,2025-10-09 09:57:53,2026-07-06 12:45:36,39.7,inbound,2
ENT-01494,CPT-05001,2,59856.67,2025-12-02 13:44:46,2026-06-10 09:09:57,39.7,inbound,2
ENT-01402,CPT-02807,6,59613.1,2025-08-19 10:21:58,2026-04-07 17:07:36,39.7,outbound,3
ENT-01171,CPT-04952,2,59404.53,2025-09-22 15:59:54,2025-11-07 17:22:44,39.7,inbound,1
ENT-01245,CPT-02695,10,55568.96,2025-08-21 15:53:27,2026-05-26 15:17:16,39.7,outbound,166
ENT-01222,CPT-03786,1,54415.07,2025-08-05 14:21:08,2025-08-05 14:21:08,39.7,inbound,2
ENT-01486,CPT-05107,2,54282.13,2026-04-06 12:26:57,2026-06-29 11:41:22,39.7,inbound,15
ENT-01135,CPT-02500,7,52544.25,2025-08-12 10:42:04,2026-05-26 18:27:53,39.7,outbound,60
ENT-01423,CPT-03981,2,51315.2,2025-12-15 13:16:29,2026-06-23 15:33:16,39.7,inbound,191
ENT-01358,CPT-01219,2,50769.31,2025-08-06 12:34:16,2026-04-03 14:36:48,39.7,inbound,2
ENT-01483,CPT-04686,7,48407.41,2025-08-05 12:35:41,2026-05-01 12:32:50,39.7,inbound,4
ENT-01204,CPT-04672,4,47771.95,2025-10-08 09:45:31,2026-03-31 16:48:48,39.7,inbound,14
ENT-01345,CPT-05182,3,47619.45,2025-08-01 15:22:11,2026-05-15 17:32:45,39.7,inbound,5
ENT-00862,CPT-00119,24,44940.17,2025-08-15 08:23:21,2026-07-31 07:28:53,39.7,inbound,3
ENT-01095,CPT-03197,2,44503.18,2025-09-16 11:18:35,2026-04-07 12:04:01,39.7,outbound,39
ENT-01200,CPT-02167,2,40868.15,2025-10-10 10:15:39,2026-03-17 10:55:04,39.7,inbound,2
ENT-01459,CPT-04830,5,38920.06,2025-10-30 14:27:50,2026-07-30 11:12:50,39.7,inbound,7
ENT-01233,CPT-03981,2,38820.4,2025-12-23 09:44:55,2026-04-21 14:13:46,39.7,inbound,191
ENT-01245,CPT-03209,10,38750.58,2025-09-02 09:42:29,2026-05-26 18:25:16,39.7,outbound,8
ENT-00997,CPT-00544,12,38700.0,2025-08-02 21:52:43,2026-07-02 15:07:09,39.7,outbound,1
ENT-01460,CPT-00719,3,37376.87,2025-12-16 13:01:34,2026-07-20 17:04:00,39.7,inbound,3
ENT-00549,CPT-00523,12,36000.0,2025-08-01 18:50:15,2026-07-02 21:20:11,39.7,outbound,1
ENT-00698,CPT-00309,12,36000.0,2025-08-01 10:52:56,2026-07-02 18:33:44,39.7,outbound,1
ENT-01151,CPT-04039,3,34283.49,2025-09-05 15:01:42,2026-03-30 15:33:18,39.7,inbound,1
ENT-01398,CPT-05844,1,33380.7,2026-06-10 15:44:52,2026-06-10 15:44:52,39.7,inbound,2
ENT-00821,CPT-00440,12,33000.0,2025-08-02 20:52:07,2026-07-02 21:34:16,39.7,outbound,1
ENT-01424,CPT-03297,7,30306.8,2025-11-25 17:43:19,2026-07-09 12:55:30,39.7,outbound,110
ENT-01483,CPT-00884,4,30087.88,2025-08-06 16:33:10,2026-04-20 17:22:27,39.7,inbound,1
ENT-00474,CPT-00360,12,30000.0,2025-08-02 19:41:25,2026-07-01 19:28:29,39.7,outbound,9
ENT-01082,CPT-03197,3,29456.9,2025-08-13 13:24:49,2026-02-11 17:10:19,39.7,outbound,39
ENT-01379,CPT-03679,5,28575.92,2025-08-05 17:38:55,2026-07-16 09:44:09,39.7,inbound,2
ENT-01183,CPT-03384,5,27239.07,2025-10-31 12:00:31,2026-03-09 09:54:46,39.7,outbound,1
ENT-01430,CPT-03330,5,26456.63,2025-08-14 15:20:48,2026-06-29 17:35:44,39.7,outbound,67
ENT-01459,CPT-01258,6,26203.58,2025-11-13 15:56:15,2026-07-21 09:10:18,39.7,inbound,2
ENT-01380,CPT-05954,3,25666.82,2025-08-03 15:28:49,2026-07-25 12:03:19,39.7,inbound,6
ENT-01132,CPT-02517,6,25662.59,2025-09-04 12:28:12,2026-07-02 17:48:53,39.7,outbound,9
ENT-01316,CPT-04303,5,25650.79,2025-09-17 12:57:48,2026-07-27 09:20:32,39.7,inbound,22
ENT-01460,CPT-02864,9,25011.96,2025-11-27 12:12:02,2026-07-16 13:47:18,39.7,outbound,10
ENT-01344,CPT-02695,4,24445.94,2026-01-01 14:00:45,2026-07-24 14:51:58,39.7,outbound,166
ENT-01132,CPT-02427,4,23710.51,2025-08-14 12:36:00,2026-07-02 17:18:28,39.7,outbound,2
ENT-01226,CPT-02686,6,22755.63,2025-09-02 17:29:30,2026-05-05 17:50:27,39.7,outbound,1
ENT-01152,CPT-03981,4,22733.07,2025-09-30 11:28:37,2026-07-16 11:07:35,39.7,inbound,191
ENT-01381,CPT-02864,10,21497.96,2025-08-11 14:02:39,2026-07-01 15:47:51,39.7,outbound,10
ENT-01196,CPT-02756,6,20900.26,2025-08-21 10:40:43,2026-07-30 16:24:13,39.7,outbound,17
ENT-01122,CPT-03879,2,18735.14,2025-10-31 13:32:31,2026-07-08 17:57:36,39.7,inbound,1
ENT-01140,CPT-03981,3,17447.64,2026-01-26 16:22:53,2026-05-22 16:40:17,39.7,inbound,191
ENT-01468,CPT-02771,5,17391.61,2025-12-16 15:40:32,2026-05-21 12:43:26,39.7,outbound,25
ENT-01356,CPT-02500,3,16738.46,2026-04-07 13:40:39,2026-06-02 14:04:54,39.7,outbound,60
ENT-01170,CPT-03457,6,16326.83,2025-11-11 16:20:19,2026-07-28 15:13:53,39.7,outbound,1
ENT-01402,CPT-02674,4,15184.26,2025-10-07 12:53:34,2026-06-11 17:20:33,39.7,outbound,10
ENT-01363,CPT-02784,3,14357.88,2025-08-27 15:24:51,2025-09-03 16:16:19,39.7,outbound,40
ENT-01061,CPT-02695,4,14254.58,2025-09-15 12:10:38,2026-07-29 09:53:38,39.7,outbound,166
ENT-01497,CPT-04305,5,14225.34,2025-12-02 13:16:55,2026-06-03 14:29:55,39.7,inbound,1
ENT-01367,CPT-05638,3,14195.34,2025-12-16 09:46:41,2026-06-17 09:51:51,39.7,inbound,2
ENT-01130,CPT-03492,4,13820.68,2025-11-25 17:25:21,2026-06-30 12:05:21,39.7,outbound,8
ENT-01165,CPT-01667,7,13810.69,2025-08-20 11:28:21,2026-05-03 17:26:26,39.7,inbound,1
ENT-01266,CPT-03124,2,12845.04,2025-08-15 13:04:41,2026-07-24 17:12:35,39.7,outbound,1
ENT-01108,CPT-02758,5,12587.76,2025-08-12 16:25:05,2026-06-02 11:05:41,39.7,outbound,35
ENT-00694,CPT-00576,12,12000.0,2025-08-01 20:15:20,2026-07-01 13:54:55,39.7,outbound,1
ENT-01133,CPT-03644,3,11307.36,2025-08-15 14:29:48,2026-01-07 09:03:30,39.7,inbound,1
ENT-01206,CPT-03981,4,11013.6,2025-11-25 15:46:06,2026-07-25 13:47:31,39.7,inbound,191
ENT-01375,CPT-03116,5,10872.35,2025-10-21 12:11:14,2026-07-09 15:02:09,39.7,outbound,17
ENT-01096,CPT-02695,3,10715.68,2026-06-19 09:59:32,2026-07-13 17:07:50,39.7,outbound,166
ENT-01287,CPT-02473,3,10659.83,2025-08-28 10:27:27,2026-06-04 13:59:42,39.7,outbound,4
ENT-01184,CPT-04299,3,10318.13,2025-10-29 13:41:52,2025-12-17 10:42:13,39.7,inbound,44
ENT-00036,CPT-01285,17,10194.18,2025-10-04 16:28:17,2026-07-06 18:50:35,39.7,inbound;outbound,25
ENT-01180,CPT-02498,3,10147.12,2025-12-02 12:10:23,2026-02-24 14:32:53,39.7,outbound,45
ENT-01393,CPT-03981,1,9730.57,2025-10-21 12:48:56,2025-10-21 12:48:56,39.7,inbound,191
ENT-01185,CPT-03534,3,9703.58,2025-09-19 11:37:25,2026-06-17 13:28:24,39.7,outbound,30
ENT-01111,CPT-02887,2,9191.82,2026-04-30 12:11:23,2026-05-26 10:29:04,39.7,outbound,15
ENT-01201,CPT-04791,4,9189.73,2025-08-08 12:07:33,2026-06-08 12:35:19,39.7,inbound,8
ENT-01010,CPT-01972,9,8743.96,2025-11-10 14:42:46,2026-06-20 16:54:03,39.7,inbound;outbound,3
ENT-01471,CPT-02657,5,8743.54,2025-10-28 18:15:33,2026-01-08 11:20:31,39.7,outbound,4
ENT-01344,CPT-02687,3,8742.56,2026-03-02 16:22:28,2026-07-31 15:10:28,39.7,outbound,15
ENT-01210,CPT-02548,4,8510.06,2025-08-21 11:53:46,2026-04-09 15:33:19,39.7,outbound,4
ENT-01242,CPT-01012,3,8215.89,2025-09-25 10:24:05,2026-05-29 15:40:50,39.7,inbound,3
ENT-01371,CPT-03624,4,8201.4,2025-08-09 15:29:07,2026-06-09 16:19:40,39.7,inbound,1
ENT-01270,CPT-02660,2,8163.1,2025-10-13 15:46:18,2026-04-07 17:29:36,39.7,outbound,5
ENT-00496,CPT-00800,2,8081.69,2025-09-08 15:06:09,2025-09-25 11:08:24,39.7,outbound,3
ENT-01331,CPT-04670,3,8011.67,2026-01-18 11:11:36,2026-07-30 09:05:54,39.7,inbound,1
ENT-01082,CPT-02470,4,7853.94,2025-09-05 14:06:59,2026-06-09 16:58:10,39.7,outbound,6
ENT-00797,CPT-01992,4,7757.07,2025-08-17 21:54:17,2025-11-03 14:52:02,39.7,inbound;outbound,1
ENT-01459,CPT-03379,4,7664.08,2025-12-09 15:53:43,2026-05-28 16:02:30,39.7,outbound,7
ENT-01387,CPT-02555,3,7618.98,2026-02-03 14:49:32,2026-06-02 10:39:16,39.7,outbound,5
ENT-01114,CPT-03196,3,7543.59,2025-12-26 17:19:51,2026-02-19 10:59:30,39.7,outbound,3
ENT-01401,CPT-02758,3,7290.3,2025-11-14 12:06:50,2026-06-23 10:13:42,39.7,outbound,35
ENT-01360,CPT-02643,4,6948.41,2025-08-20 11:35:59,2026-03-31 10:28:37,39.7,outbound,5
ENT-01468,CPT-03729,2,6770.31,2026-01-07 16:15:30,2026-05-11 13:48:29,39.7,inbound,69
ENT-01201,CPT-02695,2,6428.25,2026-01-06 16:17:08,2026-01-06 16:25:10,39.7,outbound,166
ENT-01142,CPT-01939,4,6196.75,2025-08-30 13:32:18,2026-07-12 14:48:23,39.7,inbound,1
ENT-01468,CPT-03325,3,6088.43,2025-08-05 17:33:04,2026-06-04 15:09:30,39.7,outbound,3
ENT-00868,CPT-01806,1,6000.0,2025-12-06 16:04:55,2025-12-06 16:04:55,39.7,outbound,1
ENT-01479,CPT-02462,4,5846.44,2025-09-03 15:56:46,2026-06-04 10:43:16,39.7,outbound,4
ENT-01071,CPT-03981,3,5137.21,2025-12-05 11:04:12,2026-07-16 15:35:11,39.7,inbound,191
ENT-01468,CPT-03769,2,5112.85,2025-08-06 16:05:30,2025-12-02 10:26:05,39.7,inbound,2
ENT-01176,CPT-02418,4,4761.58,2025-11-20 14:17:42,2026-04-09 15:14:27,39.7,outbound,28
ENT-01289,CPT-02496,5,4723.87,2025-12-18 12:08:50,2026-05-12 15:07:11,39.7,outbound,3
ENT-01051,CPT-05254,2,4642.73,2025-08-20 09:13:37,2026-02-02 09:05:39,39.7,inbound,18
ENT-01061,CPT-02887,3,4610.73,2025-08-06 09:03:55,2026-02-02 16:31:52,39.7,outbound,15
ENT-01132,CPT-03926,1,4470.35,2026-05-01 15:38:34,2026-05-01 15:38:34,39.7,inbound,2
ENT-01380,CPT-03981,3,3783.99,2026-01-10 16:44:18,2026-07-01 10:47:48,39.7,inbound,191
ENT-01485,CPT-02791,2,3771.6,2025-11-25 17:10:00,2025-12-19 12:35:23,39.7,outbound,2
ENT-01180,CPT-03468,4,3538.26,2025-08-22 15:04:25,2026-04-14 12:27:30,39.7,outbound,1
ENT-01111,CPT-02493,2,3481.28,2025-08-19 16:55:15,2026-04-30 12:56:02,39.7,outbound,101
ENT-01498,CPT-03742,3,2988.32,2025-08-31 14:24:31,2026-07-09 13:50:01,39.7,inbound,5
ENT-01305,CPT-02913,3,2879.88,2025-08-05 16:40:25,2026-02-03 17:31:54,39.7,outbound,4
ENT-01358,CPT-01782,1,2842.44,2025-12-30 13:14:29,2025-12-30 13:14:29,39.7,inbound,1
ENT-01088,CPT-03756,2,2765.25,2025-11-29 09:21:19,2025-12-14 17:35:28,39.7,inbound,6
ENT-01484,CPT-02510,3,2617.38,2025-08-07 18:19:55,2026-06-25 09:34:47,39.7,outbound,1
ENT-01212,CPT-04561,2,2453.38,2026-02-28 13:06:04,2026-03-27 14:34:56,39.7,inbound,1
ENT-01083,CPT-05190,2,2154.22,2025-10-02 10:25:11,2025-11-02 14:31:59,39.7,inbound,1
ENT-00852,CPT-00704,8,1783.46,2025-08-19 10:59:32,2026-06-27 10:48:30,39.7,inbound;outbound,1
ENT-01266,CPT-03981,3,1741.29,2025-12-22 14:51:18,2026-07-23 11:28:32,39.7,inbound,191
ENT-01374,CPT-02619,2,1719.73,2025-09-18 15:24:11,2025-09-18 15:56:59,39.7,outbound,1
ENT-01207,CPT-02926,2,1657.08,2026-01-21 10:23:17,2026-05-26 16:36:20,39.7,outbound,2
ENT-01023,CPT-03981,2,1336.41,2026-05-06 17:47:45,2026-06-05 12:39:21,39.7,outbound,191
ENT-01155,CPT-02979,1,1000.0,2025-09-10 12:10:17,2025-09-10 12:10:17,39.7,outbound,2
ENT-01205,CPT-03126,1,1000.0,2025-09-19 12:10:46,2025-09-19 12:10:46,39.7,outbound,2
ENT-01282,CPT-03312,1,1000.0,2025-09-01 10:03:39,2025-09-01 10:03:39,39.7,outbound,2
ENT-01378,CPT-02784,1,1000.0,2025-11-28 14:38:48,2025-11-28 14:38:48,39.7,outbound,40
ENT-01293,CPT-05405,1,716.52,2025-08-30 14:09:12,2025-08-30 14:09:12,39.7,inbound,6
ENT-00880,CPT-03981,2,554.68,2025-12-15 19:24:08,2026-06-13 20:50:24,39.7,outbound,191
ENT-00997,CPT-03981,1,173.65,2026-07-12 18:22:11,2026-07-12 18:22:11,39.7,outbound,191
ENT-00081,CPT-03981,1,140.25,2026-02-20 13:46:05,2026-02-20 13:46:05,39.7,outbound,191
ENT-01255,CPT-02418,24,383613.59,2025-08-15 10:30:55,2026-07-31 15:25:22,39.6,outbound,28
ENT-01119,CPT-03376,24,383216.98,2025-08-15 11:34:20,2026-07-31 12:49:07,39.6,outbound,16
ENT-01218,CPT-03439,24,381327.4,2025-08-15 16:04:08,2026-07-31 17:31:32,39.6,outbound,5
ENT-01093,CPT-03175,24,371640.65,2025-08-15 09:51:44,2026-07-31 15:19:08,39.6,outbound,12
ENT-01459,CPT-02669,24,359183.16,2025-08-15 15:55:09,2026-07-31 13:30:13,39.6,outbound,4
ENT-01381,CPT-03544,24,355999.92,2025-08-15 13:17:21,2026-07-31 09:29:21,39.6,outbound,1
ENT-01395,CPT-03248,24,340655.3,2025-08-15 12:42:38,2026-07-31 13:27:39,39.6,outbound,12
ENT-01335,CPT-03534,24,335711.19,2025-08-15 13:07:09,2026-07-31 15:57:46,39.6,outbound,30
ENT-01465,CPT-02691,24,332471.99,2025-08-15 16:39:10,2026-07-31 13:29:48,39.6,outbound,1
ENT-01183,CPT-03503,24,329191.19,2025-08-15 14:31:31,2026-07-31 13:01:02,39.6,outbound,2
ENT-01213,CPT-02715,24,329153.19,2025-08-15 15:51:47,2026-07-31 11:34:57,39.6,outbound,13
ENT-01386,CPT-02493,24,328994.92,2025-08-15 10:20:06,2026-07-31 13:08:49,39.6,outbound,101
ENT-01207,CPT-02445,24,325208.24,2025-08-15 15:03:46,2026-07-31 10:22:08,39.6,outbound,2
ENT-01478,CPT-03297,24,314487.27,2025-08-15 09:17:55,2026-07-31 10:46:59,39.6,outbound,110
ENT-01353,CPT-03189,24,313334.83,2025-08-15 14:54:01,2026-07-31 14:00:59,39.6,outbound,1
ENT-01175,CPT-02530,24,305579.6,2025-08-15 14:59:46,2026-07-31 12:45:09,39.6,outbound,3
ENT-01101,CPT-02787,24,304625.3,2025-08-15 12:27:34,2026-07-31 15:54:43,39.6,outbound,42
ENT-01268,CPT-03297,26,303430.52,2025-08-15 10:09:03,2026-07-31 16:41:32,39.6,outbound,110
ENT-01159,CPT-03330,26,302676.8,2025-08-15 13:37:18,2026-07-31 11:56:36,39.6,outbound,67
ENT-01430,CPT-03297,24,301106.97,2025-08-15 17:21:45,2026-07-31 16:02:28,39.6,outbound,110
ENT-01446,CPT-02685,24,298464.42,2025-08-15 16:40:52,2026-07-31 13:22:05,39.6,outbound,3
ENT-01277,CPT-02695,24,296761.82,2025-08-15 10:26:40,2026-07-31 11:01:57,39.6,outbound,166
ENT-01270,CPT-02850,24,288885.26,2025-08-15 17:27:37,2026-07-31 12:46:03,39.6,outbound,1
ENT-01452,CPT-03117,24,287745.52,2025-08-15 15:17:12,2026-07-31 14:18:32,39.6,outbound,1
ENT-01132,CPT-03357,24,284170.75,2025-08-15 16:00:30,2026-07-31 12:48:42,39.6,outbound,9
ENT-01428,CPT-02695,26,279864.06,2025-08-15 12:36:25,2026-07-31 09:24:54,39.6,outbound,166
ENT-01410,CPT-02944,24,272102.15,2025-08-15 14:21:25,2026-07-31 16:55:38,39.6,outbound,2
ENT-01485,CPT-02925,24,270861.1,2025-08-15 13:43:00,2026-07-31 10:29:44,39.6,outbound,6
ENT-01494,CPT-03197,16,233491.56,2025-08-15 12:07:55,2026-07-31 13:42:13,39.6,outbound,39
ENT-01458,CPT-03297,13,169323.91,2025-08-29 12:54:49,2026-07-31 15:28:07,39.6,outbound,110
ENT-01231,CPT-03146,12,163400.22,2025-08-29 13:15:08,2026-07-31 10:10:57,39.6,outbound,4
ENT-01150,CPT-03095,12,150350.91,2025-08-29 13:46:12,2026-07-31 17:23:05,39.6,outbound,1
ENT-01151,CPT-05830,5,98980.49,2025-09-02 10:35:58,2026-06-26 16:27:10,39.6,inbound,5
ENT-01125,CPT-01112,5,95465.74,2025-10-16 10:43:27,2026-07-24 11:52:14,39.6,inbound,49
ENT-01131,CPT-04592,4,82109.72,2025-08-11 11:10:51,2026-05-05 09:49:14,39.6,inbound,17
ENT-01468,CPT-04350,2,82045.37,2025-11-24 16:46:58,2026-03-19 14:30:01,39.6,inbound,15
ENT-01316,CPT-05864,6,75361.47,2025-08-15 12:34:32,2026-05-07 10:35:48,39.6,inbound,4
ENT-01194,CPT-03392,7,73691.68,2025-09-02 16:34:15,2026-04-14 14:11:04,39.6,outbound,3
ENT-01255,CPT-05702,5,73493.08,2025-09-29 12:18:16,2026-05-28 15:45:11,39.6,inbound,1
ENT-01225,CPT-02212,6,72506.15,2025-08-21 13:31:34,2026-07-31 09:16:14,39.6,inbound,2
ENT-01260,CPT-05087,3,69687.65,2025-11-13 09:57:54,2026-07-15 11:56:26,39.6,inbound,1
ENT-01055,CPT-01285,1,67402.03,2025-09-23 17:40:46,2025-09-23 17:40:46,39.6,inbound,25
ENT-01188,CPT-01266,5,65820.35,2025-09-09 14:04:04,2026-07-09 09:36:25,39.6,inbound,1
ENT-01426,CPT-05254,2,58650.73,2025-09-15 17:56:17,2026-01-22 10:41:15,39.6,inbound,18
ENT-01245,CPT-04749,4,57704.67,2026-01-02 13:55:03,2026-07-28 11:57:40,39.6,inbound,3
ENT-01170,CPT-03695,1,56313.04,2026-05-06 09:48:06,2026-05-06 09:48:06,39.6,inbound,12
ENT-01085,CPT-04534,4,51454.29,2025-08-18 16:27:47,2026-05-25 10:12:36,39.6,inbound,2
ENT-01131,CPT-01905,2,51143.58,2025-09-09 14:00:10,2025-11-26 13:34:32,39.6,inbound,17
ENT-01062,CPT-04324,3,50829.0,2025-08-06 16:55:27,2026-03-12 13:26:52,39.6,inbound,71
ENT-01204,CPT-04860,4,45723.4,2025-10-07 10:26:07,2026-03-19 09:55:32,39.6,inbound,4
ENT-01460,CPT-04420,5,43032.93,2025-09-10 11:47:49,2026-06-26 12:39:14,39.6,inbound,2
ENT-01476,CPT-04980,3,42415.05,2025-08-29 14:05:55,2026-06-10 11:14:09,39.6,inbound,2
ENT-01153,CPT-02731,4,41267.18,2025-08-21 10:02:22,2026-06-24 17:33:50,39.6,outbound,1
ENT-01484,CPT-04958,1,39675.78,2026-04-10 11:34:41,2026-04-10 11:34:41,39.6,inbound,1
ENT-01353,CPT-04907,1,39301.55,2025-08-01 16:39:54,2025-08-01 16:39:54,39.6,inbound,5
ENT-01079,CPT-03523,9,38989.23,2025-11-20 09:13:18,2026-06-16 13:41:04,39.6,outbound,4
ENT-01494,CPT-03125,2,35366.88,2026-05-20 15:08:24,2026-06-30 16:59:31,39.6,outbound,3
ENT-00585,CPT-01441,4,35083.42,2025-09-08 14:34:19,2026-05-04 16:47:02,39.6,inbound;outbound,5
ENT-01467,CPT-03297,3,32158.97,2025-08-07 09:14:08,2026-05-07 15:01:32,39.6,outbound,110
ENT-01353,CPT-03634,3,31461.95,2025-08-27 09:06:01,2026-01-07 17:30:31,39.6,inbound,9
ENT-01067,CPT-05450,4,31416.82,2026-01-20 14:04:32,2026-06-30 14:21:03,39.6,inbound,29
ENT-01471,CPT-01487,6,30730.61,2025-08-12 14:34:05,2026-06-12 16:37:48,39.6,inbound,9
ENT-00969,CPT-00360,12,23400.0,2025-08-02 22:09:07,2026-07-01 19:47:22,39.6,outbound,9
ENT-01356,CPT-03188,6,23254.57,2025-10-14 11:14:06,2026-07-09 16:03:26,39.6,outbound,2
ENT-01064,CPT-02553,7,22589.64,2025-10-28 16:03:39,2026-05-11 13:32:20,39.6,outbound,6
ENT-01225,CPT-03981,4,21961.7,2025-09-29 16:55:44,2026-04-22 13:54:57,39.6,inbound,191
ENT-01367,CPT-02879,4,21919.07,2025-09-11 11:28:55,2026-07-21 11:20:19,39.6,outbound,1
ENT-01483,CPT-02414,9,21913.77,2025-08-05 14:16:02,2026-07-23 10:49:58,39.6,outbound,22
ENT-01328,CPT-02870,7,21749.48,2025-09-04 14:35:02,2026-07-28 09:32:04,39.6,outbound,54
ENT-01265,CPT-03068,3,20813.33,2025-12-16 12:21:44,2026-04-21 17:00:16,39.6,outbound,22
ENT-01178,CPT-02910,7,20750.7,2025-10-21 09:59:49,2026-05-07 18:53:54,39.6,outbound,2
ENT-01465,CPT-02486,4,20290.01,2026-01-08 11:15:33,2026-07-21 16:35:32,39.6,outbound,11
ENT-01345,CPT-05081,1,19053.35,2025-12-22 17:49:34,2025-12-22 17:49:34,39.6,inbound,9
ENT-01108,CPT-03981,3,18993.96,2025-09-02 09:04:49,2026-06-01 11:47:56,39.6,inbound,191
ENT-01163,CPT-03204,4,17743.61,2026-01-23 13:08:11,2026-03-25 17:23:07,39.6,outbound,9
ENT-01130,CPT-02630,5,17451.02,2025-11-25 17:42:14,2026-06-30 11:59:29,39.6,outbound,5
ENT-01328,CPT-02695,6,16748.0,2025-08-07 13:18:47,2026-06-09 11:11:06,39.6,outbound,166
ENT-01402,CPT-02695,8,15782.88,2025-10-07 12:38:59,2026-06-11 17:33:19,39.6,outbound,166
ENT-01281,CPT-04062,4,15543.76,2026-01-19 12:42:24,2026-03-05 13:31:18,39.6,inbound,1
ENT-01347,CPT-02695,4,15432.76,2026-04-13 15:39:27,2026-07-13 12:12:17,39.6,outbound,166
ENT-01262,CPT-03120,4,14511.64,2025-08-08 09:44:16,2026-06-19 14:10:11,39.6,outbound,1
ENT-01133,CPT-03729,3,14422.59,2025-08-19 12:58:37,2025-08-28 13:10:38,39.6,inbound,69
ENT-01119,CPT-03981,2,14367.81,2026-03-09 09:30:51,2026-04-10 10:27:46,39.6,inbound,191
ENT-01353,CPT-02493,6,14323.89,2025-08-07 16:21:34,2026-02-10 10:12:22,39.6,outbound,101
ENT-01492,CPT-01167,2,13739.79,2025-08-20 10:46:57,2025-09-19 17:39:39,39.6,inbound,1
ENT-01097,CPT-03505,6,13525.13,2025-09-15 13:39:28,2026-05-05 12:06:38,39.6,outbound,3
ENT-01345,CPT-03335,6,13491.14,2025-09-23 11:54:39,2026-07-23 15:44:12,39.6,outbound,3
ENT-01398,CPT-02189,4,13222.48,2025-08-21 09:01:52,2026-06-19 09:34:56,39.6,inbound,1
ENT-01103,CPT-03520,2,12976.08,2026-03-12 10:04:16,2026-07-07 10:34:36,39.6,outbound,1
ENT-01217,CPT-03981,3,12152.29,2026-01-16 16:15:43,2026-07-29 11:57:09,39.6,inbound,191
ENT-00227,CPT-00360,12,12000.0,2025-08-01 12:36:13,2026-07-02 18:13:11,39.6,outbound,9
ENT-01178,CPT-02695,2,11851.7,2026-05-07 10:06:42,2026-06-18 15:35:37,39.6,outbound,166
ENT-01095,CPT-03216,3,11630.93,2025-08-04 14:20:57,2026-03-19 11:43:28,39.6,outbound,5
ENT-01281,CPT-03324,2,11427.05,2026-04-06 17:21:25,2026-05-25 09:43:30,39.6,outbound,6
ENT-01317,CPT-03497,5,11189.26,2025-09-18 14:21:00,2026-07-24 13:37:02,39.6,outbound,4
ENT-01062,CPT-03219,4,11126.54,2025-09-30 11:06:04,2026-06-18 17:47:06,39.6,outbound,1
ENT-01371,CPT-04324,3,9234.14,2026-03-03 17:17:03,2026-05-31 09:57:09,39.6,inbound,71
ENT-00496,CPT-02168,2,9126.44,2025-09-09 09:08:34,2025-10-21 22:39:16,39.6,outbound,1
ENT-01265,CPT-02784,8,9013.49,2025-09-18 10:18:27,2026-07-30 15:22:37,39.6,outbound,40
ENT-01239,CPT-05615,4,8751.97,2025-08-31 10:32:47,2026-06-24 16:32:24,39.6,inbound,2
ENT-01356,CPT-02887,5,8054.15,2025-11-11 16:50:40,2026-05-28 11:10:55,39.6,outbound,15
ENT-01062,CPT-01609,2,7991.88,2025-10-02 12:38:17,2026-05-27 14:13:00,39.6,inbound,2
ENT-01225,CPT-03376,5,7717.23,2026-03-05 17:34:54,2026-07-02 14:25:27,39.6,outbound,16
ENT-01328,CPT-02431,2,7409.18,2025-10-30 10:40:08,2026-02-19 18:27:40,39.6,outbound,30
ENT-01379,CPT-03051,7,7293.41,2025-10-02 16:11:06,2026-07-14 15:56:28,39.6,outbound,3
ENT-01305,CPT-04151,1,6661.02,2025-08-06 09:01:22,2025-08-06 09:01:22,39.6,inbound,2
ENT-01261,CPT-03981,4,6212.65,2025-09-02 16:03:08,2026-06-14 15:04:59,39.6,inbound,191
ENT-01060,CPT-03218,3,5697.98,2025-08-07 16:49:43,2026-04-02 12:23:05,39.6,outbound,4
ENT-01492,CPT-02924,2,5321.51,2025-08-21 14:18:47,2026-07-09 09:45:39,39.6,outbound,2
ENT-01111,CPT-05321,1,5308.29,2026-05-04 16:18:10,2026-05-04 16:18:10,39.6,inbound,1
ENT-01143,CPT-03297,2,5277.12,2025-08-01 13:29:52,2025-12-01 13:20:35,39.6,outbound,110
ENT-01289,CPT-03197,4,5220.52,2025-12-18 11:58:08,2026-01-22 12:22:16,39.6,outbound,39
ENT-01096,CPT-02500,1,5000.0,2026-07-10 13:59:12,2026-07-10 13:59:12,39.6,outbound,60
ENT-01275,CPT-02988,1,5000.0,2026-06-10 16:28:52,2026-06-10 16:28:52,39.6,outbound,1
ENT-01287,CPT-02787,4,4989.13,2025-08-28 10:07:41,2026-07-02 16:14:05,39.6,outbound,42
ENT-01176,CPT-02436,1,4942.43,2025-11-20 14:45:00,2025-11-20 14:45:00,39.6,outbound,4
ENT-01287,CPT-02493,3,4519.64,2025-08-28 10:08:49,2025-09-23 12:00:52,39.6,outbound,101
ENT-01162,CPT-03981,3,3985.07,2025-08-08 17:29:12,2026-07-30 12:48:51,39.6,inbound,191
ENT-01179,CPT-02534,2,3942.03,2025-10-24 16:58:10,2026-02-19 13:22:44,39.6,outbound,1
ENT-01492,CPT-02756,2,3886.9,2025-08-21 14:37:41,2025-11-11 10:55:49,39.6,outbound,17
ENT-01257,CPT-02817,2,3754.75,2026-05-05 13:49:36,2026-07-28 11:19:15,39.6,outbound,7
ENT-01213,CPT-02400,3,3308.21,2026-01-12 14:14:54,2026-06-10 10:52:21,39.6,outbound,1
ENT-01384,CPT-02771,3,2687.7,2026-02-12 13:51:42,2026-07-10 16:56:54,39.6,outbound,25
ENT-01163,CPT-02695,2,2507.3,2026-01-16 13:24:23,2026-01-22 12:20:32,39.6,outbound,166
ENT-01114,CPT-02411,2,2460.61,2026-02-19 17:13:49,2026-03-24 13:38:32,39.6,outbound,2
ENT-01083,CPT-04283,3,2111.7,2025-08-31 09:17:32,2025-10-11 14:43:13,39.6,inbound,3
ENT-01467,CPT-01907,1,1728.34,2026-05-12 11:36:52,2026-05-12 11:36:52,39.6,inbound,5
ENT-00966,CPT-03593,4,1600.72,2025-08-19 19:59:45,2026-05-16 14:27:22,39.6,outbound,8
ENT-00505,CPT-00595,9,1583.61,2025-09-12 15:41:05,2026-07-18 22:57:30,39.6,inbound;outbound,5
ENT-01374,CPT-02932,1,1516.26,2025-09-18 16:07:01,2025-09-18 16:07:01,39.6,outbound,6
ENT-01111,CPT-02577,1,1335.37,2026-05-26 10:06:14,2026-05-26 10:06:14,39.6,outbound,8
ENT-00589,CPT-05613,3,1080.06,2025-08-27 17:59:18,2026-06-19 12:41:16,39.6,outbound,7
ENT-01183,CPT-03015,1,1000.0,2025-08-19 16:02:20,2025-08-19 16:02:20,39.6,outbound,3
ENT-00653,CPT-02181,6,980.46,2025-08-06 15:40:01,2025-11-07 18:14:30,39.6,inbound;outbound,31
ENT-01462,CPT-03357,2,837.17,2025-12-11 17:08:11,2025-12-18 17:42:02,39.6,outbound,9
ENT-01111,CPT-02695,2,802.66,2026-04-30 12:44:39,2026-05-21 12:06:19,39.6,outbound,166
ENT-00500,CPT-03981,2,780.62,2026-03-14 13:45:48,2026-05-15 17:29:08,39.6,outbound,191
ENT-00447,CPT-03981,3,713.35,2026-04-10 11:46:23,2026-07-08 19:50:13,39.6,outbound,191
ENT-01374,CPT-03005,1,498.33,2025-09-18 15:48:18,2025-09-18 15:48:18,39.6,outbound,6
ENT-00130,CPT-01440,4,412.97,2025-08-25 16:01:04,2026-04-24 17:27:11,39.6,inbound;outbound,22
ENT-00430,CPT-03981,1,215.4,2026-06-20 19:19:37,2026-06-20 19:19:37,39.6,outbound,191
ENT-00079,CPT-05789,1,191.52,2025-08-10 21:38:35,2025-08-10 21:38:35,39.6,outbound,5
ENT-01464,CPT-02485,24,417523.46,2025-08-15 12:12:01,2026-07-31 09:31:04,39.5,outbound,3
ENT-01349,CPT-03330,28,378690.24,2025-08-15 13:11:45,2026-07-31 09:26:05,39.5,outbound,67
ENT-01133,CPT-03006,24,355273.99,2025-08-15 13:31:13,2026-07-31 10:12:04,39.5,outbound,7
ENT-01326,CPT-02493,24,351325.67,2025-08-15 11:13:17,2026-07-31 14:26:24,39.5,outbound,101
ENT-01388,CPT-02555,24,346555.7,2025-08-15 09:07:00,2026-07-31 11:10:19,39.5,outbound,5
ENT-01333,CPT-02402,24,344345.6,2025-08-15 16:32:29,2026-07-31 11:53:58,39.5,outbound,1
ENT-01466,CPT-02493,27,342884.25,2025-08-15 15:17:48,2026-07-31 16:46:17,39.5,outbound,101
ENT-01313,CPT-02444,24,334479.17,2025-08-15 15:58:26,2026-07-31 12:13:28,39.5,outbound,8
ENT-01137,CPT-03442,24,331956.9,2025-08-15 17:24:23,2026-07-31 16:25:14,39.5,outbound,3
ENT-01398,CPT-03477,24,325669.03,2025-08-15 12:33:27,2026-07-31 09:21:37,39.5,outbound,2
ENT-01363,CPT-03301,24,320820.55,2025-08-15 17:24:39,2026-07-31 13:38:35,39.5,outbound,2
ENT-01317,CPT-02756,24,319217.41,2025-08-15 16:27:45,2026-07-31 15:59:49,39.5,outbound,17
ENT-01472,CPT-03330,24,302318.3,2025-08-15 09:45:29,2026-07-31 17:06:34,39.5,outbound,67
ENT-01479,CPT-02623,24,299440.04,2025-08-15 16:23:55,2026-07-31 10:53:27,39.5,outbound,6
ENT-01201,CPT-03086,24,284938.81,2025-08-15 11:30:48,2026-07-31 10:23:23,39.5,outbound,10
ENT-01163,CPT-02977,24,275950.46,2025-08-15 11:35:41,2026-07-31 15:19:35,39.5,outbound,2
ENT-01125,CPT-02695,24,270280.31,2025-08-15 12:29:02,2026-07-31 17:11:31,39.5,outbound,166
ENT-01262,CPT-02695,12,182037.98,2025-08-29 12:41:45,2026-07-31 16:53:20,39.5,outbound,166
ENT-01261,CPT-02748,12,179935.54,2025-08-29 12:32:07,2026-07-31 17:12:35,39.5,outbound,13
ENT-01177,CPT-02493,14,176770.86,2025-08-28 13:58:11,2026-07-31 10:03:28,39.5,outbound,101
ENT-01162,CPT-02500,13,140995.98,2025-08-29 12:01:08,2026-07-31 15:57:13,39.5,outbound,60
ENT-01452,CPT-05940,7,89439.84,2025-08-11 16:37:22,2026-04-02 14:44:50,39.5,inbound,1
ENT-01176,CPT-04956,2,89386.71,2025-12-29 13:34:26,2026-01-15 11:04:33,39.5,inbound,2
ENT-01398,CPT-03983,8,87745.76,2025-08-22 10:10:08,2026-07-31 10:46:31,39.5,inbound,33
ENT-01387,CPT-01954,3,81082.87,2025-10-23 10:04:43,2026-07-29 17:25:14,39.5,inbound,3
ENT-01148,CPT-00959,4,75819.14,2025-09-08 16:02:41,2026-01-29 13:35:45,39.5,inbound,1
ENT-01229,CPT-03981,6,74093.39,2025-11-24 09:03:28,2026-07-17 13:24:13,39.5,inbound,191
ENT-01239,CPT-03102,3,65156.03,2025-10-21 13:02:30,2026-06-23 16:00:47,39.5,outbound,2
ENT-01148,CPT-01335,1,52357.09,2025-09-17 13:23:02,2025-09-17 13:23:02,39.5,inbound,3
ENT-01472,CPT-01427,4,51784.16,2025-08-12 10:12:57,2026-05-21 11:00:54,39.5,inbound,2
ENT-01230,CPT-03983,5,51426.18,2025-08-06 17:50:17,2026-06-26 16:55:45,39.5,inbound,33
ENT-01203,CPT-05783,2,50708.78,2025-10-03 09:40:12,2026-03-25 10:27:56,39.5,inbound,2
ENT-01415,CPT-03693,2,47959.5,2026-05-21 12:14:00,2026-05-29 13:06:24,39.5,inbound,4
ENT-01245,CPT-03274,9,43759.05,2025-09-02 10:06:46,2026-06-25 14:07:47,39.5,outbound,6
ENT-00650,CPT-00501,12,39300.0,2025-08-02 20:02:07,2026-07-01 16:21:30,39.5,outbound,1
ENT-01472,CPT-03297,11,35987.23,2025-08-12 14:19:57,2026-05-14 15:45:45,39.5,outbound,110
ENT-01472,CPT-02870,11,35575.37,2025-08-12 14:17:47,2026-05-14 15:48:10,39.5,outbound,54
ENT-01305,CPT-02122,2,34268.64,2026-05-19 14:15:37,2026-06-17 10:44:28,39.5,inbound,3
ENT-01225,CPT-03729,4,32405.29,2026-04-08 15:21:45,2026-07-08 10:22:58,39.5,inbound,69
ENT-01189,CPT-05805,2,31317.58,2026-01-16 17:10:00,2026-05-04 12:38:10,39.5,inbound,10
ENT-01346,CPT-03981,3,30724.21,2025-08-04 12:06:24,2026-03-18 10:23:29,39.5,inbound,191
ENT-01385,CPT-05221,5,30561.97,2025-11-17 14:35:01,2026-07-27 17:51:57,39.5,inbound,1
ENT-01356,CPT-00860,3,26737.13,2026-04-14 10:19:40,2026-04-22 10:46:40,39.5,inbound,16
ENT-01233,CPT-02493,12,24612.61,2025-08-19 13:41:16,2026-06-16 16:22:00,39.5,outbound,101
ENT-01120,CPT-02244,5,24179.58,2025-09-12 16:21:59,2026-07-17 17:13:17,39.5,inbound,1
ENT-01468,CPT-03420,7,24157.21,2025-08-05 17:22:19,2026-04-02 17:51:17,39.5,outbound,1
ENT-01196,CPT-03175,7,23844.72,2025-12-11 09:21:42,2026-07-30 16:19:04,39.5,outbound,12
ENT-01472,CPT-03025,5,23387.47,2025-09-16 16:07:45,2026-05-07 10:00:02,39.5,outbound,1
ENT-01067,CPT-02787,9,23285.33,2025-11-18 17:32:04,2026-07-21 14:12:15,39.5,outbound,42
ENT-01132,CPT-04669,3,22034.2,2026-02-05 11:19:22,2026-04-20 13:01:09,39.5,inbound,1
ENT-01188,CPT-05533,2,21326.85,2025-11-12 13:47:05,2026-04-06 09:26:17,39.5,inbound,1
ENT-00982,CPT-00360,12,20700.0,2025-08-02 15:44:06,2026-07-01 21:00:30,39.5,outbound,9
ENT-01477,CPT-03330,3,19787.63,2026-03-10 14:02:39,2026-07-29 11:37:36,39.5,outbound,67
ENT-01402,CPT-05249,3,18355.92,2026-02-11 17:00:59,2026-05-22 11:33:40,39.5,inbound,2
ENT-01484,CPT-02794,6,18333.7,2025-09-11 18:22:16,2026-06-25 09:38:33,39.5,outbound,3
ENT-01418,CPT-02517,3,18160.39,2025-12-05 12:30:54,2026-03-17 15:39:09,39.5,outbound,9
ENT-01178,CPT-04487,2,16941.24,2025-10-21 11:41:18,2026-05-08 11:30:53,39.5,inbound,2
ENT-01452,CPT-02572,3,15061.09,2025-09-23 15:17:00,2025-10-28 17:43:24,39.5,outbound,3
ENT-01486,CPT-03981,2,14210.04,2025-10-15 16:14:50,2026-03-19 12:38:43,39.5,inbound,191
ENT-01069,CPT-03525,7,14079.61,2025-09-25 14:42:03,2026-05-07 16:39:28,39.5,outbound,5
ENT-01462,CPT-05370,4,13312.21,2025-08-18 17:39:54,2026-02-16 10:21:28,39.5,inbound,4
ENT-01163,CPT-03330,2,12281.39,2025-12-10 16:03:19,2026-01-16 09:29:40,39.5,outbound,67
ENT-01277,CPT-02994,8,11194.68,2025-11-04 16:08:00,2026-03-17 13:23:37,39.5,outbound,4
ENT-01375,CPT-02795,5,10592.49,2025-10-16 12:46:24,2026-06-04 12:54:58,39.5,outbound,2
ENT-01111,CPT-03242,2,10591.97,2026-05-26 09:36:57,2026-05-26 09:48:21,39.5,outbound,34
ENT-01257,CPT-03259,3,10356.12,2026-05-05 13:39:23,2026-07-28 12:09:12,39.5,outbound,1
ENT-01236,CPT-00836,3,9427.53,2025-08-15 13:28:47,2026-07-22 16:24:51,39.5,inbound,2
ENT-01220,CPT-03330,6,9287.71,2025-10-23 12:56:01,2026-06-23 17:05:36,39.5,outbound,67
ENT-01079,CPT-02553,4,9272.63,2025-11-20 10:00:30,2026-05-28 15:59:58,39.5,outbound,6
ENT-01340,CPT-03702,4,9208.04,2025-11-27 09:25:48,2026-02-19 17:10:22,39.5,inbound,7
ENT-01108,CPT-03297,3,9086.37,2025-11-06 16:42:44,2026-06-02 10:46:45,39.5,outbound,110
ENT-01239,CPT-03981,4,8632.99,2025-08-17 10:54:08,2026-07-06 16:34:22,39.5,inbound,191
ENT-01452,CPT-03534,4,7685.95,2025-09-04 15:02:47,2026-02-10 16:45:05,39.5,outbound,30
ENT-01265,CPT-03011,5,7630.99,2025-09-18 10:31:26,2026-05-28 15:40:21,39.5,outbound,1
ENT-01460,CPT-03699,2,7567.11,2025-12-23 13:53:15,2026-07-20 17:39:03,39.5,inbound,1
ENT-01373,CPT-02541,3,7341.71,2025-08-19 17:52:03,2026-03-11 14:25:20,39.5,outbound,2
ENT-01266,CPT-02493,2,7287.91,2025-09-12 16:54:30,2026-07-24 10:41:32,39.5,outbound,101
ENT-01105,CPT-03298,3,7136.37,2025-08-08 10:25:42,2026-04-22 16:58:15,39.5,outbound,3
ENT-01183,CPT-03498,1,6698.75,2026-02-16 12:58:10,2026-02-16 12:58:10,39.5,outbound,1
ENT-01484,CPT-03068,3,6403.95,2025-09-11 18:30:55,2025-11-18 11:30:37,39.5,outbound,22
ENT-01467,CPT-01114,1,6378.55,2026-05-13 10:39:10,2026-05-13 10:39:10,39.5,inbound,2
ENT-01468,CPT-05928,2,5139.15,2025-10-17 13:20:29,2026-02-24 15:01:59,39.5,inbound,1
ENT-01373,CPT-03448,2,4950.14,2026-03-13 14:08:56,2026-07-29 14:14:26,39.5,outbound,12
ENT-01353,CPT-02695,5,4913.87,2025-08-07 15:54:40,2026-02-10 10:08:51,39.5,outbound,166
ENT-01331,CPT-02985,1,4000.0,2025-08-11 16:27:42,2025-08-11 16:27:42,39.5,outbound,1
ENT-01385,CPT-04568,1,3738.54,2026-02-04 15:55:04,2026-02-04 15:55:04,39.5,inbound,1
ENT-01367,CPT-05950,2,3231.57,2025-12-25 15:48:55,2026-05-15 16:44:00,39.5,inbound,2
ENT-00282,CPT-00860,9,2746.93,2025-08-16 16:22:15,2026-04-30 15:50:28,39.5,inbound;outbound,16
ENT-01120,CPT-04135,1,2499.93,2026-04-07 15:57:46,2026-04-07 15:57:46,39.5,inbound,2
ENT-01454,CPT-03829,1,2020.4,2026-03-26 15:44:15,2026-03-26 15:44:15,39.5,inbound,3
ENT-01326,CPT-02748,1,2000.0,2026-03-20 10:41:55,2026-03-20 10:41:55,39.5,outbound,13
ENT-01479,CPT-02517,1,2000.0,2026-07-07 13:11:58,2026-07-07 13:11:58,39.5,outbound,9
ENT-00246,CPT-01656,8,1908.64,2025-10-01 12:48:08,2026-07-02 19:56:59,39.5,inbound;outbound,2
ENT-01462,CPT-03404,1,1311.57,2025-12-11 17:03:38,2025-12-11 17:03:38,39.5,outbound,1
ENT-01340,CPT-03790,2,1311.14,2025-08-30 12:01:17,2025-11-26 16:58:18,39.5,inbound,1
ENT-01097,CPT-02784,1,1000.0,2026-02-05 16:24:22,2026-02-05 16:24:22,39.5,outbound,40
ENT-01113,CPT-02695,1,1000.0,2026-05-21 14:38:02,2026-05-21 14:38:02,39.5,outbound,166
ENT-01372,CPT-02595,1,1000.0,2025-08-29 13:29:19,2025-08-29 13:29:19,39.5,outbound,10
ENT-00532,CPT-05299,2,556.27,2025-09-28 19:09:43,2026-07-19 12:17:00,39.5,outbound,1
ENT-00368,CPT-03981,1,543.6,2026-07-05 11:56:34,2026-07-05 11:56:34,39.5,outbound,191
ENT-00871,CPT-05921,2,197.5,2025-08-10 11:59:40,2026-06-14 15:25:03,39.5,outbound,2
ENT-01352,CPT-03260,24,386411.27,2025-08-15 14:54:00,2026-07-31 15:21:25,39.4,outbound,2
ENT-01185,CPT-02844,24,378889.74,2025-08-15 17:48:53,2026-07-31 15:06:42,39.4,outbound,1
ENT-01476,CPT-03297,24,344216.33,2025-08-15 14:40:05,2026-07-31 11:53:47,39.4,outbound,110
ENT-01097,CPT-03016,24,342479.05,2025-08-15 12:34:37,2026-07-31 11:00:39,39.4,outbound,2
ENT-01143,CPT-03502,24,326937.73,2025-08-15 13:32:53,2026-07-31 17:28:22,39.4,outbound,3
ENT-01319,CPT-03045,24,297851.87,2025-08-15 12:35:13,2026-07-31 17:50:15,39.4,outbound,4
ENT-01492,CPT-03197,24,296367.79,2025-08-15 15:01:32,2026-07-31 10:20:14,39.4,outbound,39
ENT-01057,CPT-03002,24,273843.03,2025-08-15 17:24:50,2026-07-31 10:42:21,39.4,outbound,5
ENT-01346,CPT-02493,27,267795.75,2025-08-15 13:10:55,2026-07-31 10:23:53,39.4,outbound,101
ENT-01197,CPT-02821,12,135358.23,2025-08-29 13:23:28,2026-07-31 15:15:13,39.4,outbound,28
ENT-01225,CPT-04330,6,116004.39,2025-11-03 11:12:26,2026-06-08 09:38:22,39.4,inbound,6
ENT-01182,CPT-03593,5,83681.12,2025-09-26 16:43:49,2026-07-09 17:50:56,39.4,inbound,8
ENT-01133,CPT-05139,2,72382.62,2026-06-09 11:36:34,2026-07-10 17:04:53,39.4,inbound,3
ENT-01188,CPT-02333,2,70323.94,2025-12-01 17:32:20,2026-01-22 17:00:18,39.4,inbound,1
ENT-01424,CPT-04720,2,69554.79,2025-12-22 12:40:48,2026-01-02 15:47:17,39.4,inbound,5
ENT-01287,CPT-03439,3,64311.28,2025-08-28 10:13:47,2026-07-02 15:41:06,39.4,outbound,5
ENT-01454,CPT-04173,4,61667.78,2025-10-21 14:28:05,2026-06-19 12:01:03,39.4,inbound,1
ENT-01111,CPT-04942,3,61650.71,2025-08-06 09:55:11,2026-07-03 10:29:10,39.4,inbound,36
ENT-01188,CPT-03584,11,59155.27,2025-10-14 13:49:51,2026-05-14 17:11:24,39.4,outbound,8
ENT-01407,CPT-03934,3,56010.77,2025-09-25 12:36:05,2025-12-19 15:42:22,39.4,inbound,4
ENT-01079,CPT-03873,1,53113.62,2025-12-05 14:50:20,2025-12-05 14:50:20,39.4,inbound,2
ENT-01247,CPT-04425,2,48789.57,2025-11-06 12:00:10,2026-04-16 14:36:45,39.4,inbound,18
ENT-01170,CPT-03981,4,48435.14,2025-08-29 14:39:22,2026-05-13 13:14:14,39.4,inbound,191
ENT-01135,CPT-04557,4,46819.17,2025-08-22 14:25:10,2026-06-03 13:43:15,39.4,inbound,2
ENT-01093,CPT-05509,1,46363.65,2026-01-21 17:49:07,2026-01-21 17:49:07,39.4,inbound,14
ENT-01363,CPT-03981,5,46217.55,2025-10-30 11:16:44,2026-07-10 16:00:38,39.4,inbound,191
ENT-01170,CPT-03980,2,37862.45,2025-10-28 11:10:21,2026-07-22 09:26:17,39.4,inbound,32
ENT-01311,CPT-03323,3,34209.03,2025-11-20 17:39:12,2026-07-14 13:12:26,39.4,outbound,2
ENT-01467,CPT-03729,2,33718.69,2025-12-25 10:25:31,2026-05-06 15:56:29,39.4,inbound,69
ENT-01079,CPT-03772,3,31947.82,2025-12-26 17:46:53,2026-07-17 14:56:28,39.4,inbound,3
ENT-01356,CPT-02782,9,30429.03,2025-10-14 10:58:20,2026-07-09 15:57:30,39.4,outbound,2
ENT-01108,CPT-02695,7,30406.18,2025-09-04 14:47:14,2026-07-14 14:13:53,39.4,outbound,166
ENT-01108,CPT-03983,3,29882.84,2025-11-19 13:02:33,2026-07-21 10:06:37,39.4,inbound,33
ENT-01176,CPT-04891,2,29685.55,2026-02-06 13:00:32,2026-04-13 11:52:57,39.4,inbound,11
ENT-01204,CPT-03981,2,28164.12,2025-10-09 17:09:17,2026-07-16 14:56:27,39.4,inbound,191
ENT-00333,CPT-00031,24,26389.94,2025-08-15 08:52:46,2026-07-31 09:40:54,39.4,inbound,4
ENT-01421,CPT-03555,7,26387.27,2025-09-22 10:02:46,2026-07-21 10:23:28,39.4,outbound,10
ENT-01051,CPT-02695,3,26365.31,2026-04-23 16:16:42,2026-05-26 13:27:46,39.4,outbound,166
ENT-01079,CPT-02723,5,26148.31,2025-11-20 09:19:53,2026-06-16 14:05:58,39.4,outbound,5
ENT-01273,CPT-03389,4,25179.25,2025-12-18 15:51:55,2026-06-22 10:32:03,39.4,outbound,1
ENT-01200,CPT-00735,2,23434.62,2026-03-16 15:25:50,2026-06-19 12:00:44,39.4,inbound,14
ENT-01465,CPT-02493,6,20966.08,2025-09-04 11:11:17,2026-07-23 12:29:12,39.4,outbound,101
ENT-01130,CPT-04945,3,19868.93,2025-10-16 11:40:28,2026-07-06 14:58:57,39.4,inbound,24
ENT-00642,CPT-01112,6,19295.08,2025-10-07 17:09:14,2026-06-16 12:33:49,39.4,inbound;outbound,49
ENT-01111,CPT-05759,3,18257.91,2026-03-05 13:09:10,2026-05-04 13:20:39,39.4,inbound,2
ENT-01287,CPT-05706,5,17755.99,2025-08-13 16:27:28,2026-07-29 15:48:33,39.4,inbound,14
ENT-01375,CPT-03242,6,15722.12,2025-10-16 12:47:50,2026-06-11 11:04:24,39.4,outbound,34
ENT-01465,CPT-02821,6,15137.04,2025-08-28 17:40:20,2026-02-03 15:21:20,39.4,outbound,28
ENT-01375,CPT-03742,2,14923.85,2026-01-22 15:55:39,2026-03-23 14:58:38,39.4,inbound,5
ENT-01108,CPT-02416,6,14920.94,2025-08-12 16:00:06,2026-07-14 13:56:16,39.4,outbound,4
ENT-00871,CPT-00360,12,14700.0,2025-08-01 14:54:39,2026-07-02 17:36:09,39.4,outbound,9
ENT-01083,CPT-02695,5,14370.48,2025-09-01 11:55:49,2026-07-30 17:46:59,39.4,outbound,166
ENT-01352,CPT-04515,2,13553.92,2025-09-11 09:05:41,2025-12-12 17:21:41,39.4,inbound,3
ENT-01178,CPT-03062,4,12446.36,2025-12-25 10:49:55,2026-07-30 15:05:16,39.4,outbound,6
ENT-01411,CPT-03981,6,11622.29,2025-09-23 09:44:29,2026-06-22 14:25:22,39.4,inbound,191
ENT-01175,CPT-02695,5,11581.32,2025-08-27 09:25:46,2026-05-12 16:33:57,39.4,outbound,166
ENT-01458,CPT-02685,3,11576.73,2025-09-10 09:21:06,2026-03-20 11:12:54,39.4,outbound,3
ENT-01305,CPT-03731,2,11034.98,2026-01-09 16:33:48,2026-01-29 16:17:34,39.4,inbound,22
ENT-01468,CPT-02949,5,10913.28,2025-09-16 10:54:00,2026-07-30 11:14:01,39.4,outbound,1
ENT-01183,CPT-05745,2,10581.01,2026-02-16 09:47:03,2026-03-25 15:43:39,39.4,inbound,4
ENT-01088,CPT-01162,2,9839.65,2025-12-03 13:53:35,2026-03-07 14:08:47,39.4,inbound,1
ENT-01239,CPT-05900,3,9617.05,2025-09-13 10:43:17,2026-02-11 14:02:01,39.4,inbound,1
ENT-01176,CPT-04324,1,9398.47,2025-11-21 11:30:36,2025-11-21 11:30:36,39.4,inbound,71
ENT-01402,CPT-02714,5,9164.48,2025-08-19 10:25:55,2026-04-07 17:06:37,39.4,outbound,3
ENT-01203,CPT-03204,2,9134.69,2025-12-18 12:09:29,2026-06-30 12:20:45,39.4,outbound,9
ENT-01340,CPT-04315,4,9105.16,2026-02-08 09:05:05,2026-06-05 10:09:44,39.4,inbound,1
ENT-01273,CPT-03342,3,8993.84,2025-09-10 10:18:48,2025-10-17 17:26:38,39.4,outbound,14
ENT-01454,CPT-04610,2,8627.64,2026-02-25 12:12:27,2026-04-16 13:28:32,39.4,inbound,1
ENT-01226,CPT-02092,3,8275.66,2025-11-13 09:50:29,2026-03-24 09:36:13,39.4,inbound,2
ENT-01441,CPT-02870,4,7976.0,2025-08-07 16:37:58,2026-06-11 16:05:06,39.4,outbound,54
ENT-01170,CPT-02555,3,7685.46,2025-11-11 16:00:13,2026-03-24 18:42:23,39.4,outbound,5
ENT-01339,CPT-02493,2,7661.81,2026-01-05 16:49:11,2026-03-11 14:19:10,39.4,outbound,101
ENT-01353,CPT-03342,3,7421.67,2025-08-07 16:06:59,2026-07-23 16:31:26,39.4,outbound,14
ENT-01207,CPT-02859,3,7147.4,2025-12-01 16:18:50,2026-07-22 14:40:49,39.4,outbound,1
ENT-01457,CPT-03214,2,7000.0,2025-10-29 09:12:49,2026-02-18 13:57:22,39.4,outbound,5
ENT-01387,CPT-01440,2,6618.22,2026-04-17 11:07:23,2026-07-31 12:42:20,39.4,inbound,22
ENT-01468,CPT-03206,4,5331.07,2025-11-18 13:48:48,2026-05-26 17:07:20,39.4,outbound,38
ENT-01402,CPT-02715,4,5249.03,2025-08-19 10:20:36,2026-06-11 17:17:33,39.4,outbound,13
ENT-01467,CPT-02104,2,5085.88,2025-10-20 10:50:35,2025-12-18 17:20:35,39.4,inbound,2
ENT-01176,CPT-03330,3,4728.53,2025-11-20 14:44:56,2025-12-02 15:43:26,39.4,outbound,67
ENT-01484,CPT-03330,2,4497.69,2025-09-11 18:32:35,2026-06-02 14:34:29,39.4,outbound,67
ENT-01216,CPT-02493,4,4470.86,2025-08-20 15:59:32,2026-03-09 10:13:55,39.4,outbound,101
ENT-01484,CPT-02715,2,3942.84,2025-08-07 18:13:50,2025-12-11 11:50:40,39.4,outbound,13
ENT-01458,CPT-05519,5,3772.14,2025-10-19 14:39:12,2026-07-21 13:12:17,39.4,inbound,1
ENT-01230,CPT-02695,2,3580.75,2025-12-18 15:10:45,2026-01-12 14:58:29,39.4,outbound,166
ENT-01367,CPT-04419,1,2774.95,2025-12-18 09:45:10,2025-12-18 09:45:10,39.4,inbound,11
ENT-01474,CPT-02758,2,2763.38,2026-03-13 11:56:58,2026-07-23 14:34:40,39.4,outbound,35
ENT-00130,CPT-02050,8,2587.81,2025-11-20 13:59:00,2026-06-26 14:13:16,39.4,inbound;outbound,1
ENT-01229,CPT-02931,2,2236.31,2025-08-28 12:45:49,2025-09-02 12:20:24,39.4,outbound,2
ENT-01042,CPT-01079,4,2178.79,2025-09-29 19:32:52,2026-01-10 11:08:02,39.4,outbound,4
ENT-01416,CPT-02414,2,2143.22,2026-03-05 13:01:28,2026-04-27 14:19:03,39.4,outbound,22
ENT-01162,CPT-02423,2,2041.79,2025-11-03 17:31:17,2025-11-24 12:56:25,39.4,outbound,1
ENT-01225,CPT-02498,2,1617.59,2026-06-30 12:51:34,2026-07-02 14:05:24,39.4,outbound,45
ENT-01497,CPT-05745,1,794.39,2025-08-30 13:09:36,2025-08-30 13:09:36,39.4,inbound,4
ENT-01494,CPT-03258,1,428.01,2025-11-20 18:21:29,2025-11-20 18:21:29,39.4,outbound,6
ENT-01345,CPT-03359,24,370909.62,2025-08-15 10:46:40,2026-07-31 17:07:25,39.3,outbound,9
ENT-01290,CPT-03324,24,333086.04,2025-08-15 11:44:51,2026-07-31 17:29:40,39.3,outbound,6
ENT-01257,CPT-02695,24,314369.43,2025-08-15 09:02:05,2026-07-31 12:42:38,39.3,outbound,166
ENT-01403,CPT-03274,24,312927.49,2025-08-15 13:31:35,2026-07-31 16:34:29,39.3,outbound,6
ENT-01051,CPT-03297,24,312694.69,2025-08-15 11:19:44,2026-07-31 15:59:34,39.3,outbound,110
ENT-01441,CPT-03096,24,299219.85,2025-08-15 16:02:35,2026-07-31 12:27:12,39.3,outbound,2
ENT-01094,CPT-02418,24,298122.11,2025-08-15 17:09:03,2026-07-31 10:03:46,39.3,outbound,28
ENT-01387,CPT-02629,24,263329.27,2025-08-15 17:24:32,2026-07-31 09:35:50,39.3,outbound,5
ENT-01250,CPT-02758,24,253088.41,2025-08-15 15:24:11,2026-07-31 09:12:31,39.3,outbound,35
ENT-01229,CPT-01514,5,70228.03,2025-09-10 17:33:46,2026-07-23 14:23:51,39.3,inbound,8
ENT-01403,CPT-01562,3,56765.12,2025-12-10 14:20:41,2026-05-27 10:45:41,39.3,inbound,1
ENT-01468,CPT-05871,2,51379.17,2026-01-26 11:44:37,2026-05-06 16:20:44,39.3,inbound,3
ENT-01471,CPT-03835,4,46654.29,2025-08-29 17:11:19,2026-04-07 17:47:54,39.3,inbound,3
ENT-01486,CPT-02489,15,43274.2,2025-09-02 17:39:01,2026-06-11 09:40:17,39.3,outbound,1
ENT-01220,CPT-04255,3,36734.18,2025-08-19 13:43:47,2026-07-02 10:55:04,39.3,inbound,1
ENT-01228,CPT-05895,5,32386.32,2025-10-29 12:45:29,2026-07-13 17:11:43,39.3,inbound,5
ENT-01328,CPT-04855,1,31401.44,2025-10-31 12:19:50,2025-10-31 12:19:50,39.3,inbound,18
ENT-01305,CPT-02630,7,28957.43,2025-08-05 17:09:39,2026-07-09 14:04:52,39.3,outbound,5
ENT-01479,CPT-02870,4,28067.03,2025-08-01 09:41:35,2026-04-29 11:31:51,39.3,outbound,54
ENT-01424,CPT-02905,9,27543.58,2025-11-25 17:43:46,2026-06-18 10:26:23,39.3,outbound,1
ENT-01179,CPT-03981,6,25327.05,2025-10-03 12:36:32,2026-07-17 10:05:06,39.3,inbound,191
ENT-01119,CPT-05851,3,24290.94,2025-09-02 13:20:09,2026-05-07 10:34:01,39.3,inbound,7
ENT-01465,CPT-02627,12,24125.7,2025-08-28 17:35:31,2026-07-21 16:33:37,39.3,outbound,2
ENT-01200,CPT-02498,7,20788.16,2026-02-03 13:26:18,2026-07-07 11:37:10,39.3,outbound,45
ENT-01088,CPT-03562,2,20749.16,2025-09-10 11:09:58,2025-10-09 14:39:57,39.3,outbound,1
ENT-01472,CPT-02394,6,20163.31,2025-12-09 16:22:38,2026-05-07 09:59:12,39.3,outbound,4
ENT-01069,CPT-01968,3,20125.18,2025-08-08 10:16:41,2026-06-16 15:43:44,39.3,inbound,6
ENT-01200,CPT-02436,4,19660.02,2026-02-17 14:10:12,2026-06-02 13:28:55,39.3,outbound,4
ENT-00876,CPT-00360,6,19500.0,2025-08-02 11:00:43,2026-07-02 15:40:45,39.3,outbound,9
ENT-00862,CPT-00269,12,18900.0,2025-08-02 08:26:48,2026-07-02 22:23:48,39.3,outbound,2
ENT-01484,CPT-02547,2,18200.49,2025-08-07 18:05:46,2026-06-02 14:40:16,39.3,outbound,5
ENT-01164,CPT-03981,6,16658.24,2025-08-08 17:50:06,2026-06-07 13:43:00,39.3,inbound,191
ENT-01466,CPT-03981,3,16006.74,2025-10-17 13:46:28,2026-07-13 16:09:38,39.3,inbound,191
ENT-01402,CPT-03068,6,14494.64,2026-03-12 14:38:09,2026-04-14 11:06:02,39.3,outbound,22
ENT-01474,CPT-02870,4,14393.24,2025-11-12 13:31:10,2026-06-29 12:26:58,39.3,outbound,54
ENT-01239,CPT-05277,4,13260.41,2025-09-12 13:38:15,2025-12-12 17:15:24,39.3,inbound,2
ENT-01194,CPT-01968,3,13158.78,2025-10-13 11:14:00,2026-05-26 11:00:51,39.3,inbound,6
ENT-01203,CPT-03729,3,12846.41,2025-11-18 17:25:00,2026-07-03 12:04:22,39.3,inbound,69
ENT-01260,CPT-02695,4,11606.49,2025-08-21 10:46:56,2026-06-30 12:58:58,39.3,outbound,166
ENT-01498,CPT-02826,3,11543.6,2025-09-22 15:27:26,2026-05-29 16:26:46,39.3,outbound,4
ENT-01232,CPT-03411,3,11507.0,2025-08-15 15:35:26,2026-06-11 10:25:48,39.3,outbound,4
ENT-01452,CPT-03059,5,11061.67,2025-09-23 15:36:39,2026-04-30 13:19:27,39.3,outbound,2
ENT-01293,CPT-03342,2,10845.14,2026-05-29 12:22:42,2026-06-19 09:30:49,39.3,outbound,14
ENT-01059,CPT-02787,4,10793.56,2025-09-09 10:54:47,2026-06-16 12:47:46,39.3,outbound,42
ENT-01484,CPT-03134,3,10328.72,2025-08-07 18:01:34,2026-06-25 09:26:05,39.3,outbound,2
ENT-01165,CPT-04534,4,10095.83,2025-08-16 15:10:32,2026-03-09 15:59:42,39.3,inbound,2
ENT-01108,CPT-02500,3,9849.44,2025-09-04 15:23:12,2026-03-05 15:26:42,39.3,outbound,60
ENT-01204,CPT-04945,4,9346.63,2025-12-23 09:26:06,2026-05-19 13:34:41,39.3,inbound,24
ENT-01346,CPT-05317,3,9230.61,2025-08-05 16:03:24,2026-05-08 13:15:25,39.3,inbound,1
ENT-01079,CPT-02453,4,9185.5,2025-11-20 09:31:03,2026-04-07 10:22:54,39.3,outbound,2
ENT-01324,CPT-03104,2,8456.5,2025-09-11 11:38:11,2026-07-28 15:04:26,39.3,outbound,12
ENT-01398,CPT-01253,2,7928.04,2025-08-12 17:23:07,2026-06-12 11:57:09,39.3,inbound,2
ENT-00496,CPT-01838,2,7316.26,2025-09-26 10:46:33,2026-07-25 14:41:45,39.3,outbound,24
ENT-01415,CPT-02870,4,7057.48,2026-05-14 17:36:57,2026-06-18 17:41:24,39.3,outbound,54
ENT-01164,CPT-01112,4,6637.14,2025-08-02 16:38:55,2026-05-12 12:53:36,39.3,inbound,49
ENT-01459,CPT-03555,5,6408.91,2025-12-09 16:28:42,2026-05-28 16:05:05,39.3,outbound,10
ENT-01339,CPT-02418,3,6171.35,2026-01-09 13:48:53,2026-01-27 09:10:20,39.3,outbound,28
ENT-01259,CPT-04324,2,6086.35,2025-11-12 11:51:24,2025-12-23 17:36:15,39.3,inbound,71
ENT-01242,CPT-02592,5,5750.61,2025-09-18 15:57:02,2026-05-07 14:26:42,39.3,outbound,3
ENT-01131,CPT-03620,3,5529.73,2025-11-11 13:49:26,2026-07-21 14:35:00,39.3,inbound,2
ENT-01060,CPT-02498,4,5526.02,2025-09-16 18:03:19,2026-04-02 12:22:12,39.3,outbound,45
ENT-01261,CPT-04178,4,5363.81,2025-08-23 09:58:17,2026-06-11 12:33:47,39.3,inbound,1
ENT-01270,CPT-02787,2,5095.16,2025-10-29 12:28:19,2025-11-14 17:03:53,39.3,outbound,42
ENT-01478,CPT-02998,3,5092.54,2025-10-20 14:01:31,2025-11-25 14:37:02,39.3,outbound,2
ENT-01345,CPT-02594,3,4923.91,2025-12-09 15:52:19,2025-12-18 17:56:46,39.3,outbound,3
ENT-01384,CPT-02695,4,4114.59,2025-08-27 16:33:32,2026-06-08 11:45:36,39.3,outbound,166
ENT-01494,CPT-03519,3,4088.73,2025-08-12 17:20:12,2026-07-02 14:04:05,39.3,outbound,1
ENT-01096,CPT-04972,3,3529.94,2025-11-19 14:44:46,2026-03-01 10:28:27,39.3,inbound,3
ENT-01095,CPT-02787,4,3528.83,2025-08-20 15:45:57,2026-03-25 11:31:03,39.3,outbound,42
ENT-01380,CPT-05165,2,3358.09,2025-12-07 12:08:50,2026-01-04 12:47:26,39.3,inbound,3
ENT-01069,CPT-03981,1,3341.07,2026-04-14 17:15:15,2026-04-14 17:15:15,39.3,inbound,191
ENT-01108,CPT-03002,2,3037.29,2026-02-12 16:52:19,2026-03-05 15:28:11,39.3,outbound,5
ENT-01393,CPT-02359,1,2500.19,2025-10-22 15:44:26,2025-10-22 15:44:26,39.3,inbound,1
ENT-01229,CPT-02493,2,2240.14,2025-09-02 12:04:34,2026-05-05 17:34:05,39.3,outbound,101
ENT-01414,CPT-03527,1,1901.61,2026-01-29 13:06:11,2026-01-29 13:06:11,39.3,outbound,3
ENT-01427,CPT-02450,2,1560.99,2026-03-05 17:49:03,2026-07-17 17:19:39,39.3,outbound,2
ENT-01356,CPT-05954,1,1452.29,2025-10-16 13:45:36,2025-10-16 13:45:36,39.3,inbound,6
ENT-01204,CPT-02126,1,1443.49,2025-10-06 11:28:17,2025-10-06 11:28:17,39.3,inbound,5
ENT-00966,CPT-02021,9,1381.17,2025-11-21 11:50:55,2026-05-16 11:51:28,39.3,inbound,1
ENT-01259,CPT-01739,1,1092.7,2026-03-16 14:04:43,2026-03-16 14:04:43,39.3,inbound,1
ENT-01260,CPT-01436,1,918.82,2025-09-16 16:06:57,2025-09-16 16:06:57,39.3,inbound,1
ENT-01113,CPT-00828,2,677.37,2025-08-14 12:09:40,2026-07-06 17:34:12,39.3,inbound,2
ENT-00718,CPT-01643,1,241.22,2025-11-18 14:50:18,2025-11-18 14:50:18,39.3,outbound,5
ENT-01357,CPT-03390,24,378782.39,2025-08-15 12:05:05,2026-07-31 14:46:49,39.2,outbound,8
ENT-01324,CPT-02784,24,350406.69,2025-08-15 13:58:19,2026-07-31 10:32:49,39.2,outbound,40
ENT-01072,CPT-03532,24,342131.04,2025-08-15 17:22:12,2026-07-31 11:19:10,39.2,outbound,1
ENT-01266,CPT-03233,24,339807.57,2025-08-15 12:03:35,2026-07-31 13:05:45,39.2,outbound,2
ENT-01169,CPT-02498,24,337647.56,2025-08-15 14:24:45,2026-07-31 14:02:07,39.2,outbound,45
ENT-01247,CPT-02766,24,313524.49,2025-08-15 14:27:38,2026-07-31 15:46:53,39.2,outbound,8
ENT-01417,CPT-03549,24,306231.99,2025-08-15 14:54:02,2026-07-31 15:01:33,39.2,outbound,1
ENT-01053,CPT-02911,24,299968.34,2025-08-15 09:42:20,2026-07-31 16:40:45,39.2,outbound,2
ENT-01339,CPT-03068,24,296741.43,2025-08-15 11:11:13,2026-07-31 10:18:13,39.2,outbound,22
ENT-01121,CPT-03297,24,273585.99,2025-08-15 11:21:08,2026-07-31 12:24:14,39.2,outbound,110
ENT-01115,CPT-03297,12,163407.9,2025-08-29 15:11:20,2026-07-31 09:07:48,39.2,outbound,110
ENT-01228,CPT-03865,4,93991.84,2025-08-18 16:55:50,2026-04-27 09:03:47,39.2,inbound,8
ENT-01348,CPT-04402,3,67212.13,2025-10-24 10:03:23,2025-11-12 14:43:27,39.2,inbound,6
ENT-01122,CPT-04745,4,62931.39,2025-08-21 11:10:15,2026-03-25 10:25:53,39.2,inbound,2
ENT-01184,CPT-05398,4,53964.19,2025-10-31 14:32:07,2026-05-13 16:23:33,39.2,inbound,2
ENT-01184,CPT-02695,20,53957.07,2025-08-21 12:47:58,2026-06-04 15:01:44,39.2,outbound,166
ENT-01377,CPT-03133,6,47720.45,2025-09-09 10:14:30,2026-04-30 16:52:46,39.2,outbound,2
ENT-01060,CPT-05824,4,47204.59,2025-08-08 12:08:33,2026-05-14 17:31:31,39.2,inbound,13
ENT-01486,CPT-01972,5,42730.77,2025-08-18 15:51:09,2026-06-17 14:26:44,39.2,inbound,3
ENT-01189,CPT-05895,2,41919.53,2025-09-11 15:29:55,2026-05-08 12:13:02,39.2,inbound,5
ENT-01277,CPT-03429,10,41498.45,2025-11-04 16:06:47,2026-03-17 13:23:48,39.2,outbound,3
ENT-01058,CPT-01164,2,37363.2,2025-10-23 17:40:00,2025-12-01 10:05:39,39.2,inbound,1
ENT-01125,CPT-05622,7,36239.16,2025-08-08 10:52:20,2026-07-31 09:28:11,39.2,inbound,1
ENT-01277,CPT-02568,5,34862.4,2025-12-09 17:52:27,2026-02-03 14:49:48,39.2,outbound,3
ENT-01069,CPT-04252,1,34163.62,2026-01-01 16:23:03,2026-01-01 16:23:03,39.2,inbound,2
ENT-01305,CPT-04891,3,33815.65,2025-12-04 10:14:20,2026-06-18 15:38:04,39.2,inbound,11
ENT-00197,CPT-00473,12,30300.0,2025-08-02 13:18:00,2026-07-02 12:21:07,39.2,outbound,2
ENT-01421,CPT-02523,6,28784.25,2025-08-29 16:21:29,2026-07-03 09:46:14,39.2,outbound,2
ENT-01242,CPT-02414,7,28338.54,2026-01-29 10:11:44,2026-05-07 14:58:12,39.2,outbound,22
ENT-01356,CPT-03867,1,27909.04,2025-08-04 10:56:39,2025-08-04 10:56:39,39.2,inbound,5
ENT-01486,CPT-04223,3,27303.27,2025-09-03 11:13:02,2026-05-11 11:39:27,39.2,inbound,1
ENT-01132,CPT-04294,3,26716.39,2025-08-05 12:01:00,2026-07-21 13:10:33,39.2,inbound,6
ENT-01064,CPT-03313,7,26065.46,2025-08-21 11:40:50,2026-07-29 15:49:45,39.2,outbound,1
ENT-01425,CPT-04324,4,25426.57,2025-08-30 12:14:36,2026-01-05 16:04:17,39.2,inbound,71
ENT-01320,CPT-01611,3,23695.08,2025-08-01 12:40:16,2026-04-09 16:04:26,39.2,inbound,2
ENT-01471,CPT-03274,9,22956.06,2025-08-05 17:03:06,2026-05-05 15:10:41,39.2,outbound,6
ENT-01257,CPT-05059,3,20157.12,2026-01-19 15:48:02,2026-07-31 17:59:26,39.2,inbound,5
ENT-01319,CPT-03104,2,18192.65,2025-11-26 09:45:14,2026-06-19 10:22:39,39.2,outbound,12
ENT-01494,CPT-03079,2,16216.16,2025-09-23 18:31:10,2025-09-23 18:40:58,39.2,outbound,2
ENT-01067,CPT-03206,6,16083.83,2025-10-09 12:43:11,2026-07-16 18:02:45,39.2,outbound,38
ENT-01111,CPT-02839,5,15921.54,2026-04-30 12:44:41,2026-05-26 09:42:55,39.2,outbound,5
ENT-01203,CPT-04832,1,15844.47,2026-01-02 12:53:43,2026-01-02 12:53:43,39.2,inbound,25
ENT-01356,CPT-05558,1,15726.97,2025-10-20 17:35:37,2025-10-20 17:35:37,39.2,inbound,4
ENT-01357,CPT-02679,7,14555.88,2025-09-23 09:40:44,2026-07-01 13:18:02,39.2,outbound,2
ENT-01277,CPT-03445,7,14058.47,2025-12-09 18:15:16,2026-03-17 13:14:13,39.2,outbound,2
ENT-01500,CPT-02521,3,13849.06,2025-10-29 15:43:28,2025-12-17 14:56:19,39.2,outbound,4
ENT-01132,CPT-02784,6,13059.88,2025-08-14 12:36:22,2026-06-18 10:56:52,39.2,outbound,40
ENT-01367,CPT-02787,4,12178.03,2025-12-11 11:05:43,2026-07-21 11:52:06,39.2,outbound,42
ENT-01287,CPT-02852,5,11996.75,2025-08-26 11:23:39,2026-07-02 16:01:30,39.2,outbound,13
ENT-01371,CPT-03206,5,11856.66,2025-11-28 13:46:10,2026-06-05 11:43:48,39.2,outbound,38
ENT-01260,CPT-03285,5,11730.03,2025-08-21 11:24:50,2026-07-30 15:03:27,39.2,outbound,2
ENT-01136,CPT-03068,4,11414.67,2026-03-24 10:09:15,2026-06-04 13:13:16,39.2,outbound,22
ENT-01206,CPT-03796,7,11183.77,2025-09-07 10:07:55,2026-07-22 09:00:04,39.2,inbound,2
ENT-01176,CPT-03981,2,11098.53,2025-08-11 15:02:44,2026-02-27 13:16:19,39.2,inbound,191
ENT-00644,CPT-01187,1,11000.0,2025-12-01 14:27:18,2025-12-01 14:27:18,39.2,outbound,1
ENT-01225,CPT-02870,2,9014.32,2025-12-02 14:42:18,2026-07-02 14:02:13,39.2,outbound,54
ENT-01128,CPT-02714,6,8727.71,2025-08-08 14:24:02,2026-03-30 13:49:24,39.2,outbound,3
ENT-01203,CPT-03242,4,8559.15,2025-08-19 12:00:32,2026-05-19 10:00:30,39.2,outbound,34
ENT-01323,CPT-02161,6,8325.94,2025-09-11 15:43:43,2026-06-08 16:04:10,39.2,inbound,27
ENT-00687,CPT-01994,2,8131.96,2026-04-27 13:39:04,2026-05-19 16:31:26,39.2,outbound,1
ENT-01062,CPT-02870,3,7927.97,2025-10-14 12:55:11,2026-07-09 12:02:31,39.2,outbound,54
ENT-01177,CPT-01350,5,7180.22,2025-09-13 15:59:21,2026-07-27 09:12:59,39.2,inbound,4
ENT-00036,CPT-00767,12,6801.67,2025-08-08 19:29:35,2026-06-07 14:32:44,39.2,inbound;outbound,1
ENT-01415,CPT-04636,2,6438.25,2026-06-03 11:06:23,2026-06-26 10:00:46,39.2,inbound,2
ENT-00687,CPT-01717,2,6301.3,2026-04-21 10:58:48,2026-05-04 13:18:29,39.2,outbound,3
ENT-01119,CPT-02758,1,6228.3,2026-01-20 17:47:33,2026-01-20 17:47:33,39.2,outbound,35
ENT-01360,CPT-02418,3,6091.01,2025-12-25 14:28:55,2026-04-24 11:46:19,39.2,outbound,28
ENT-01408,CPT-05020,2,6028.54,2025-09-04 16:58:04,2026-03-12 16:22:18,39.2,inbound,5
ENT-01340,CPT-04630,1,5976.4,2025-11-16 12:48:25,2025-11-16 12:48:25,39.2,inbound,1
ENT-01460,CPT-03330,4,5493.5,2025-11-27 12:26:49,2026-07-16 13:16:58,39.2,outbound,67
ENT-01242,CPT-02692,3,5405.07,2026-03-26 13:59:11,2026-05-28 12:02:17,39.2,outbound,19
ENT-01425,CPT-02870,3,4859.53,2025-11-28 16:05:23,2026-07-31 12:37:04,39.2,outbound,54
ENT-01257,CPT-03208,2,4654.15,2026-05-05 13:13:31,2026-07-28 12:00:40,39.2,outbound,3
ENT-01282,CPT-03981,3,4416.76,2026-02-02 09:00:21,2026-06-19 09:59:32,39.2,inbound,191
ENT-01494,CPT-03889,2,3766.97,2025-08-29 14:05:52,2025-10-03 09:16:45,39.2,inbound,3
ENT-01458,CPT-05303,4,3404.67,2025-08-27 17:36:28,2026-05-02 14:08:22,39.2,inbound,1
ENT-01162,CPT-05222,4,2950.43,2025-09-01 10:57:32,2026-06-04 13:49:56,39.2,inbound,4
ENT-01222,CPT-02687,2,2161.42,2026-03-24 10:41:10,2026-07-30 15:16:18,39.2,outbound,15
ENT-01402,CPT-01787,1,2056.57,2026-04-16 10:49:13,2026-04-16 10:49:13,39.2,inbound,2
ENT-01489,CPT-03516,2,1620.47,2025-08-11 12:48:10,2026-03-27 10:32:39,39.2,outbound,2
ENT-00882,CPT-03981,3,1405.22,2025-08-13 19:00:03,2026-03-14 14:07:10,39.2,outbound,191
ENT-01349,CPT-03068,1,1000.0,2026-07-08 12:38:21,2026-07-08 12:38:21,39.2,outbound,22
ENT-01326,CPT-02695,1,876.18,2026-03-27 10:26:24,2026-03-27 10:26:24,39.2,outbound,166
ENT-01387,CPT-02394,1,451.24,2026-06-02 10:34:58,2026-06-02 10:34:58,39.2,outbound,4
ENT-00868,CPT-03981,2,326.02,2025-09-27 14:41:26,2026-06-06 19:09:07,39.2,outbound,191
ENT-00303,CPT-03981,1,265.09,2026-05-23 20:22:49,2026-05-23 20:22:49,39.2,outbound,191
ENT-01374,CPT-03385,1,203.92,2025-09-18 15:18:55,2025-09-18 15:18:55,39.2,outbound,3
ENT-01418,CPT-02431,24,343382.94,2025-08-15 11:36:45,2026-07-31 12:40:38,39.1,outbound,30
ENT-01275,CPT-03206,24,337933.95,2025-08-15 14:47:28,2026-07-31 14:59:21,39.1,outbound,38
ENT-01173,CPT-02740,24,337611.49,2025-08-15 14:04:34,2026-07-31 16:08:55,39.1,outbound,5
ENT-01100,CPT-02597,24,335387.83,2025-08-15 13:45:25,2026-07-31 11:27:28,39.1,outbound,2
ENT-01182,CPT-02500,24,334088.35,2025-08-15 10:13:36,2026-07-31 13:07:54,39.1,outbound,60
ENT-01199,CPT-03206,24,297394.94,2025-08-15 15:57:25,2026-07-31 11:00:07,39.1,outbound,38
ENT-01498,CPT-03353,12,165406.15,2025-08-29 15:22:46,2026-07-31 14:27:56,39.1,outbound,4
ENT-01059,CPT-01370,2,67564.8,2025-09-16 12:35:40,2025-12-19 11:39:57,39.1,inbound,1
ENT-01342,CPT-04825,7,67065.15,2025-08-15 17:30:59,2026-03-17 16:21:45,39.1,inbound,1
ENT-01108,CPT-01096,3,62903.74,2025-09-09 15:09:53,2026-05-07 10:25:30,39.1,inbound,17
ENT-01375,CPT-05740,3,62111.78,2025-10-10 17:38:00,2026-03-30 12:06:26,39.1,inbound,1
ENT-01058,CPT-01770,1,61384.88,2026-06-29 14:11:45,2026-06-29 14:11:45,39.1,inbound,2
ENT-01484,CPT-04045,3,60161.54,2025-09-26 14:09:55,2026-01-23 16:40:04,39.1,inbound,1
ENT-01389,CPT-00992,2,59673.53,2026-01-14 09:20:33,2026-01-14 09:27:40,39.1,inbound,2
ENT-01111,CPT-05681,3,52607.22,2025-09-02 12:27:35,2026-05-15 12:37:29,39.1,inbound,2
ENT-01260,CPT-03927,3,39559.23,2025-08-29 17:51:24,2026-07-02 10:33:26,39.1,inbound,4
ENT-01492,CPT-04296,3,34578.09,2025-09-16 14:10:40,2026-03-31 17:49:47,39.1,inbound,1
ENT-01108,CPT-02418,5,32185.65,2025-08-12 16:18:47,2025-12-04 13:22:04,39.1,outbound,28
ENT-01259,CPT-05039,3,31149.05,2025-09-25 17:31:37,2026-05-01 12:57:20,39.1,inbound,17
ENT-01178,CPT-04318,2,29598.59,2025-08-11 14:20:05,2025-10-27 13:24:30,39.1,inbound,7
ENT-01170,CPT-04728,3,29569.39,2025-10-03 13:58:08,2026-02-03 15:40:21,39.1,inbound,2
ENT-01352,CPT-05118,1,28867.4,2026-05-01 13:57:39,2026-05-01 13:57:39,39.1,inbound,2
ENT-01111,CPT-02758,8,27544.48,2025-08-19 16:55:15,2026-05-26 09:38:53,39.1,outbound,35
ENT-01257,CPT-01189,3,23894.8,2025-08-28 10:05:32,2026-05-07 12:37:13,39.1,inbound,1
ENT-01265,CPT-03353,5,23714.88,2025-09-18 10:19:05,2026-07-30 14:45:14,39.1,outbound,4
ENT-01131,CPT-03248,4,22697.96,2025-09-04 17:37:34,2026-07-21 15:21:44,39.1,outbound,12
ENT-01375,CPT-03098,7,21998.63,2025-10-21 12:01:45,2026-05-07 13:10:20,39.1,outbound,6
ENT-01119,CPT-05805,2,21557.04,2026-04-02 09:30:28,2026-06-26 14:17:39,39.1,inbound,10
ENT-01216,CPT-02787,3,20725.33,2025-08-20 12:11:51,2026-03-04 12:05:13,39.1,outbound,42
ENT-01424,CPT-02695,6,19530.49,2025-11-25 18:11:47,2026-07-09 13:26:09,39.1,outbound,166
ENT-01289,CPT-05174,4,19442.03,2025-11-14 12:45:10,2026-07-28 11:00:45,39.1,inbound,1
ENT-01462,CPT-04324,2,19376.53,2025-08-04 16:57:31,2025-08-07 17:40:32,39.1,inbound,71
ENT-01259,CPT-01828,4,18603.94,2026-03-25 10:21:44,2026-07-24 11:10:00,39.1,inbound,1
ENT-01265,CPT-02821,6,17257.15,2025-12-16 12:53:57,2026-07-30 14:47:31,39.1,outbound,28
ENT-01182,CPT-03981,1,15849.96,2026-07-16 14:39:40,2026-07-16 14:39:40,39.1,inbound,191
ENT-01430,CPT-03060,8,15494.88,2025-09-30 16:32:59,2026-06-16 17:46:27,39.1,outbound,2
ENT-01151,CPT-05486,2,15008.02,2026-05-29 11:40:18,2026-07-01 10:51:47,39.1,inbound,5
ENT-01424,CPT-03028,2,13718.77,2025-12-18 13:14:13,2026-03-03 17:53:06,39.1,outbound,1
ENT-01224,CPT-03360,4,12515.76,2025-08-22 14:57:04,2026-07-13 12:41:26,39.1,outbound,8
ENT-01380,CPT-02493,2,11273.88,2025-12-29 09:50:25,2026-05-22 11:43:59,39.1,outbound,101
ENT-01415,CPT-05836,2,11090.83,2025-09-02 17:42:46,2026-01-05 13:58:34,39.1,inbound,4
ENT-01216,CPT-02715,4,11038.91,2025-11-04 12:39:49,2026-04-08 14:40:44,39.1,outbound,13
ENT-01407,CPT-03098,5,10461.14,2025-08-28 12:46:17,2026-02-12 10:38:23,39.1,outbound,6
ENT-01440,CPT-03139,3,10376.21,2026-02-03 14:57:19,2026-04-14 16:03:28,39.1,outbound,21
ENT-01465,CPT-03218,6,10097.88,2025-09-04 10:32:28,2026-03-05 10:30:06,39.1,outbound,4
ENT-01176,CPT-02695,3,9668.17,2025-11-20 14:41:31,2026-03-31 14:52:20,39.1,outbound,166
ENT-01132,CPT-02929,5,9310.54,2026-03-10 11:34:42,2026-06-18 11:23:19,39.1,outbound,15
ENT-01471,CPT-00805,3,8888.98,2025-11-18 09:55:42,2026-01-08 11:00:49,39.1,inbound,2
ENT-01229,CPT-02951,1,8684.37,2025-09-02 11:42:08,2025-09-02 11:42:08,39.1,outbound,2
ENT-01137,CPT-05314,2,8496.46,2025-08-22 13:28:10,2026-02-18 16:59:18,39.1,inbound,2
ENT-01228,CPT-03981,2,8344.9,2025-08-01 10:31:34,2026-03-06 13:10:27,39.1,inbound,191
ENT-01455,CPT-02674,4,8239.01,2026-01-08 15:20:38,2026-06-08 17:34:35,39.1,outbound,10
ENT-01319,CPT-02161,5,7838.74,2025-10-30 10:45:03,2026-07-17 11:41:18,39.1,inbound,27
ENT-01178,CPT-02652,5,7793.67,2025-10-21 09:44:50,2026-07-30 14:53:32,39.1,outbound,4
ENT-01456,CPT-04425,5,7772.24,2025-10-10 15:14:40,2026-07-10 17:29:30,39.1,inbound,18
ENT-01177,CPT-03264,3,7586.16,2025-10-28 13:17:40,2026-02-12 11:13:19,39.1,outbound,1
ENT-01259,CPT-01653,2,7158.68,2025-11-24 17:43:35,2026-04-06 14:06:41,39.1,inbound,1
ENT-01460,CPT-03106,6,6925.47,2025-11-27 12:45:02,2026-07-14 16:53:09,39.1,outbound,6
ENT-01466,CPT-00966,3,6892.28,2026-02-11 13:59:50,2026-06-22 13:03:26,39.1,inbound,1
ENT-01434,CPT-03981,3,6789.24,2025-12-05 12:09:19,2026-07-27 16:49:35,39.1,inbound,191
ENT-00868,CPT-02161,4,6492.74,2025-11-06 15:15:41,2026-03-22 21:35:37,39.1,outbound,27
ENT-01486,CPT-04299,2,6255.86,2025-09-09 09:35:27,2026-02-06 10:24:34,39.1,inbound,44
ENT-01142,CPT-01220,3,6097.44,2025-08-25 15:29:34,2026-05-30 13:49:38,39.1,inbound,2
ENT-01231,CPT-01112,4,5649.09,2026-02-23 17:50:18,2026-05-27 09:04:39,39.1,inbound,49
ENT-01148,CPT-03525,4,5613.53,2025-08-07 10:03:00,2026-04-23 16:30:45,39.1,outbound,5
ENT-01465,CPT-03919,2,4666.36,2026-05-22 10:50:57,2026-07-27 12:36:47,39.1,inbound,5
ENT-01088,CPT-03242,2,4558.32,2026-02-13 17:17:29,2026-02-16 15:27:22,39.1,outbound,34
ENT-01312,CPT-03981,3,4300.1,2026-05-20 12:56:29,2026-07-17 12:00:52,39.1,inbound,191
ENT-01484,CPT-03116,4,3847.7,2025-08-07 17:51:37,2026-06-25 09:37:06,39.1,outbound,17
ENT-01407,CPT-05358,1,3425.03,2026-02-16 12:05:33,2026-02-16 12:05:33,39.1,inbound,1
ENT-01500,CPT-03981,2,3251.14,2025-09-23 10:11:01,2026-06-26 09:53:21,39.1,inbound,191
ENT-01108,CPT-02551,3,3016.28,2025-08-12 15:50:42,2026-07-14 13:54:40,39.1,outbound,1
ENT-01332,CPT-02787,1,3000.0,2026-05-28 15:09:51,2026-05-28 15:09:51,39.1,outbound,42
ENT-01440,CPT-03521,1,3000.0,2025-11-19 17:56:31,2025-11-19 17:56:31,39.1,outbound,7
ENT-01459,CPT-01097,1,2772.53,2025-12-25 09:44:43,2025-12-25 09:44:43,39.1,inbound,1
ENT-01344,CPT-03297,3,2765.33,2025-10-16 10:46:38,2026-05-13 12:43:20,39.1,outbound,110
ENT-01425,CPT-03382,2,2452.72,2025-11-28 17:31:39,2025-12-19 14:08:10,39.1,outbound,1
ENT-01335,CPT-01074,2,2250.28,2025-08-15 14:35:40,2025-11-20 09:29:02,39.1,inbound,12
ENT-00852,CPT-02270,9,2204.0,2025-08-23 17:51:21,2026-06-23 12:09:12,39.1,inbound;outbound,1
ENT-01265,CPT-03500,1,1893.12,2026-05-28 15:24:24,2026-05-28 15:24:24,39.1,outbound,1
ENT-01456,CPT-04311,2,1778.61,2025-10-16 09:02:00,2026-05-30 14:32:32,39.1,inbound,4
ENT-01220,CPT-03104,1,1736.09,2025-10-28 16:56:47,2025-10-28 16:56:47,39.1,outbound,12
ENT-01415,CPT-04303,1,1459.15,2026-06-01 12:10:41,2026-06-01 12:10:41,39.1,inbound,22
ENT-01275,CPT-03281,1,1000.0,2025-10-13 11:26:32,2025-10-13 11:26:32,39.1,outbound,1
ENT-00689,CPT-03981,1,206.87,2026-03-15 17:58:48,2026-03-15 17:58:48,39.1,outbound,191
ENT-01374,CPT-02821,24,403957.48,2025-08-15 10:54:31,2026-07-31 09:49:08,39.0,outbound,28
ENT-01128,CPT-03218,24,364625.29,2025-08-15 12:40:45,2026-07-31 17:19:01,39.0,outbound,4
ENT-01305,CPT-02546,24,341582.21,2025-08-15 17:16:38,2026-07-31 14:58:21,39.0,outbound,2
ENT-01467,CPT-03206,24,307148.29,2025-08-15 14:46:55,2026-07-31 17:18:23,39.0,outbound,38
ENT-01377,CPT-03206,24,305346.94,2025-08-15 15:01:11,2026-07-31 13:06:22,39.0,outbound,38
ENT-01456,CPT-03055,12,186232.9,2025-08-29 16:34:02,2026-07-31 09:56:38,39.0,outbound,1
ENT-01245,CPT-02290,3,89696.31,2025-12-10 15:09:37,2026-07-24 13:42:32,39.0,inbound,2
ENT-01055,CPT-05107,4,69375.23,2025-10-13 13:22:56,2026-05-27 09:53:04,39.0,inbound,15
ENT-01222,CPT-05017,5,60028.24,2025-10-31 15:08:48,2026-07-02 12:13:00,39.0,inbound,64
ENT-01093,CPT-01392,2,57936.48,2025-09-29 11:24:43,2026-07-06 16:20:29,39.0,inbound,2
ENT-01111,CPT-00932,3,50458.83,2025-12-02 10:49:38,2026-06-01 09:35:32,39.0,inbound,6
ENT-01201,CPT-02181,2,49715.45,2025-11-25 11:22:29,2026-06-10 15:43:05,39.0,inbound,31
ENT-01471,CPT-00871,6,39158.63,2025-09-30 09:05:39,2026-07-29 13:39:37,39.0,inbound,2
ENT-00155,CPT-00259,12,38700.0,2025-08-02 21:11:49,2026-07-01 10:54:17,39.0,outbound,1
ENT-01148,CPT-03633,5,35252.82,2025-10-14 16:49:02,2026-07-29 09:03:30,39.0,inbound,1
ENT-01494,CPT-01927,4,33149.05,2025-09-29 11:44:37,2026-05-27 09:43:42,39.0,inbound,18
ENT-01100,CPT-01461,1,30864.65,2025-12-15 14:02:41,2025-12-15 14:02:41,39.0,inbound,3
ENT-01130,CPT-03814,4,27441.79,2025-09-02 12:24:53,2026-07-28 16:27:23,39.0,inbound,2
ENT-01088,CPT-02554,4,27352.86,2025-12-03 11:29:36,2026-05-07 16:39:08,39.0,outbound,1
ENT-01108,CPT-02828,7,27340.4,2025-08-12 16:03:42,2026-06-02 10:14:48,39.0,outbound,5
ENT-01459,CPT-03175,5,27166.57,2025-12-11 09:53:51,2026-04-16 12:22:26,39.0,outbound,12
ENT-01353,CPT-03152,10,26885.34,2025-08-26 18:02:40,2026-02-26 09:50:56,39.0,outbound,4
ENT-01067,CPT-03981,2,25630.24,2025-08-07 17:02:42,2026-03-05 12:31:36,39.0,inbound,191
ENT-01465,CPT-03170,5,25004.39,2025-08-28 18:09:11,2026-07-21 16:03:57,39.0,outbound,10
ENT-01345,CPT-03312,3,23311.6,2025-09-23 12:35:46,2026-03-24 11:22:22,39.0,outbound,2
ENT-01331,CPT-03981,4,22858.35,2025-11-26 17:51:31,2026-07-01 15:06:39,39.0,inbound,191
ENT-01356,CPT-04753,3,22423.29,2025-10-28 13:57:34,2026-05-21 09:20:16,39.0,inbound,2
ENT-01471,CPT-05137,3,21791.75,2025-08-08 13:01:45,2025-10-02 15:41:11,39.0,inbound,4
ENT-01108,CPT-03586,6,21627.12,2025-08-12 16:16:12,2026-07-14 13:28:29,39.0,outbound,1
ENT-01062,CPT-03069,4,19870.56,2025-08-07 10:21:09,2026-06-11 10:47:19,39.0,outbound,1
ENT-01119,CPT-02695,8,19350.16,2025-09-23 18:20:35,2026-06-25 11:31:42,39.0,outbound,166
ENT-01177,CPT-04371,9,19044.24,2025-10-08 09:50:41,2026-07-20 10:12:34,39.0,inbound,19
ENT-01203,CPT-02595,3,18902.58,2025-12-18 12:01:23,2026-05-19 09:42:05,39.0,outbound,10
ENT-01184,CPT-05686,2,18029.5,2026-05-11 14:39:31,2026-07-02 10:06:13,39.0,inbound,6
ENT-01324,CPT-02004,5,16977.71,2025-11-10 16:41:56,2026-06-16 12:26:22,39.0,inbound,2
ENT-01260,CPT-04942,4,16796.79,2025-09-12 13:45:09,2026-07-01 09:08:23,39.0,inbound,36
ENT-01494,CPT-02142,1,16758.57,2025-11-27 14:25:48,2025-11-27 14:25:48,39.0,inbound,1
ENT-01323,CPT-05219,9,16400.4,2025-08-10 11:40:31,2026-05-14 10:58:41,39.0,inbound,3
ENT-01494,CPT-03026,4,16353.71,2025-08-12 17:18:05,2025-11-20 18:19:22,39.0,outbound,4
ENT-01120,CPT-02870,5,16323.42,2025-08-19 12:02:32,2026-06-16 17:57:34,39.0,outbound,54
ENT-01231,CPT-03980,3,16125.85,2025-11-01 15:15:14,2026-05-14 15:16:15,39.0,inbound,32
ENT-01471,CPT-01742,3,15403.05,2025-11-27 11:45:17,2026-06-17 09:53:17,39.0,inbound,27
ENT-01060,CPT-04410,3,15181.46,2025-10-15 14:46:44,2026-06-25 15:29:17,39.0,inbound,2
ENT-01328,CPT-03475,5,13145.73,2025-08-07 14:03:56,2026-04-14 09:09:18,39.0,outbound,2
ENT-01176,CPT-03341,5,12460.68,2025-12-02 14:49:57,2026-03-31 14:31:28,39.0,outbound,1
ENT-01162,CPT-05017,5,12145.11,2026-03-07 15:52:41,2026-07-27 12:02:15,39.0,inbound,64
ENT-01062,CPT-05507,2,11384.2,2025-10-17 10:36:01,2026-01-09 11:09:01,39.0,inbound,3
ENT-01225,CPT-02695,3,10462.08,2025-08-19 18:48:24,2026-02-24 13:15:05,39.0,outbound,166
ENT-01277,CPT-03086,4,10234.82,2025-12-16 15:06:35,2026-02-03 14:42:06,39.0,outbound,10
ENT-01218,CPT-03427,4,9727.46,2025-10-01 16:28:14,2026-05-08 10:37:55,39.0,outbound,3
ENT-01055,CPT-03981,2,9441.3,2025-10-03 09:03:00,2026-06-26 11:47:59,39.0,inbound,191
ENT-01331,CPT-03585,4,8907.49,2025-09-03 15:05:18,2026-04-13 10:53:58,39.0,outbound,2
ENT-01130,CPT-02715,2,8369.7,2026-06-23 16:10:38,2026-06-30 11:29:22,39.0,outbound,13
ENT-01169,CPT-03330,3,7826.9,2025-09-08 12:09:38,2026-04-30 12:25:32,39.0,outbound,67
ENT-01282,CPT-05140,3,6549.51,2025-11-29 14:23:38,2026-05-04 09:16:54,39.0,inbound,1
ENT-01498,CPT-05468,3,6183.97,2025-11-29 12:41:46,2026-03-17 12:40:15,39.0,inbound,3
ENT-01100,CPT-05086,1,6039.4,2025-12-25 09:38:25,2025-12-25 09:38:25,39.0,inbound,15
ENT-01332,CPT-03465,1,5000.0,2025-10-21 10:41:17,2025-10-21 10:41:17,39.0,outbound,2
ENT-01059,CPT-02727,2,4718.15,2025-09-09 10:31:42,2026-04-21 17:09:22,39.0,outbound,2
ENT-01105,CPT-02767,2,4697.22,2026-01-06 11:06:21,2026-05-14 09:45:48,39.0,outbound,3
ENT-01260,CPT-03981,1,4666.65,2026-06-12 12:54:39,2026-06-12 12:54:39,39.0,inbound,191
ENT-01395,CPT-04727,1,4520.37,2025-08-18 14:57:17,2025-08-18 14:57:17,39.0,inbound,4
ENT-01242,CPT-03342,2,2421.61,2026-05-21 15:44:18,2026-05-28 11:52:24,39.0,outbound,14
ENT-01281,CPT-00819,1,2289.48,2025-08-16 10:25:27,2025-08-16 10:25:27,39.0,inbound,2
ENT-01150,CPT-05517,3,2033.24,2025-10-01 12:03:52,2025-11-28 13:46:56,39.0,inbound,6
ENT-01320,CPT-03981,1,1710.78,2025-11-17 14:15:21,2025-11-17 14:15:21,39.0,inbound,191
ENT-00689,CPT-01009,9,880.99,2025-08-18 16:32:34,2026-07-14 11:45:19,39.0,inbound;outbound,1
ENT-01124,CPT-03101,24,359166.37,2025-08-15 09:06:55,2026-07-31 11:55:38,38.9,outbound,6
ENT-01344,CPT-03114,24,358816.48,2025-08-15 12:25:07,2026-07-31 09:01:52,38.9,outbound,11
ENT-01079,CPT-03579,24,335316.75,2025-08-15 15:40:33,2026-07-31 16:24:51,38.9,outbound,2
ENT-01448,CPT-02683,24,327233.59,2025-08-15 10:30:12,2026-07-31 15:09:00,38.9,outbound,6
ENT-01196,CPT-02574,24,307018.26,2025-08-15 16:54:17,2026-07-31 16:54:22,38.9,outbound,3
ENT-01399,CPT-02562,24,293008.53,2025-08-15 09:04:53,2026-07-31 09:11:56,38.9,outbound,3
ENT-01415,CPT-03496,24,279126.54,2025-08-15 15:06:47,2026-07-31 12:21:42,38.9,outbound,4
ENT-01217,CPT-03453,12,126108.93,2025-08-29 13:16:42,2026-07-31 16:28:36,38.9,outbound,2
ENT-01289,CPT-03981,6,78966.41,2025-08-29 09:33:05,2026-03-06 09:24:11,38.9,inbound,191
ENT-01363,CPT-03616,3,67133.13,2025-08-27 13:55:17,2026-04-14 15:12:21,38.9,inbound,3
ENT-01233,CPT-02507,14,60114.5,2025-08-19 14:21:05,2026-07-09 14:45:12,38.9,outbound,5
ENT-01367,CPT-02312,2,55512.22,2025-09-19 14:56:14,2026-07-02 10:33:20,38.9,inbound,10
ENT-01486,CPT-03584,10,51454.5,2025-09-02 17:54:21,2026-06-11 09:56:07,38.9,outbound,8
ENT-01324,CPT-01074,1,43990.82,2026-03-31 16:45:00,2026-03-31 16:45:00,38.9,inbound,12
ENT-01367,CPT-01727,4,41984.81,2025-08-15 11:53:14,2026-07-22 09:00:59,38.9,inbound,12
ENT-01346,CPT-03834,5,40936.84,2025-09-16 15:16:20,2026-07-20 17:46:09,38.9,inbound,1
ENT-01468,CPT-03601,4,40836.74,2025-09-05 12:38:22,2026-04-30 11:41:16,38.9,inbound,9
ENT-01454,CPT-04832,4,38251.16,2025-08-11 15:52:55,2026-05-26 09:34:28,38.9,inbound,25
ENT-00496,CPT-00017,24,37946.85,2025-08-15 07:09:34,2026-07-31 07:52:02,38.9,inbound,2
ENT-01353,CPT-03933,4,37429.1,2025-08-18 10:03:34,2026-01-21 09:04:15,38.9,inbound,15
ENT-01385,CPT-03981,3,37002.81,2025-11-06 11:28:51,2026-07-28 13:00:24,38.9,inbound,191
ENT-01397,CPT-03981,6,33268.04,2025-10-01 14:09:19,2026-07-21 14:44:26,38.9,inbound,191
ENT-01287,CPT-00706,5,31093.39,2025-09-24 09:27:24,2026-06-24 11:19:45,38.9,inbound,2
ENT-01265,CPT-00897,3,29639.06,2026-03-05 14:49:15,2026-07-30 15:54:37,38.9,inbound,4
ENT-01067,CPT-05518,1,29150.23,2025-08-27 13:43:30,2025-08-27 13:43:30,38.9,inbound,1
ENT-01385,CPT-04577,2,26957.09,2025-09-02 17:47:16,2026-02-05 14:58:02,38.9,inbound,4
ENT-01460,CPT-00945,3,26125.76,2025-10-21 17:15:49,2026-07-09 14:52:52,38.9,inbound,1
ENT-01441,CPT-05706,1,25972.78,2025-08-04 10:01:38,2025-08-04 10:01:38,38.9,inbound,14
ENT-01232,CPT-02159,6,25525.94,2025-08-23 10:53:19,2026-07-13 15:42:05,38.9,inbound,1
ENT-01305,CPT-04371,5,25043.52,2025-10-02 15:53:08,2026-07-16 11:23:41,38.9,inbound,19
ENT-01169,CPT-03981,5,24235.93,2025-08-25 17:25:14,2026-07-27 10:11:48,38.9,inbound,191
ENT-01281,CPT-03981,6,23798.98,2025-08-19 13:04:04,2026-07-27 13:43:40,38.9,inbound,191
ENT-01411,CPT-03377,4,23512.87,2025-10-22 13:03:33,2026-07-31 15:40:48,38.9,outbound,1
ENT-01471,CPT-03116,7,22382.48,2025-08-05 17:16:19,2026-05-05 15:18:12,38.9,outbound,17
ENT-01069,CPT-02486,5,21491.57,2025-09-25 14:40:30,2026-07-30 10:11:52,38.9,outbound,11
ENT-01259,CPT-02404,9,21084.24,2025-08-26 17:05:21,2026-07-23 18:19:39,38.9,outbound,1
ENT-01062,CPT-02595,8,20960.23,2025-08-07 10:18:51,2026-07-09 12:29:51,38.9,outbound,10
ENT-01153,CPT-03981,5,17606.81,2025-09-25 14:12:56,2026-04-11 12:12:43,38.9,inbound,191
ENT-01353,CPT-03493,4,16930.21,2025-08-07 15:26:23,2026-07-23 16:30:54,38.9,outbound,2
ENT-01270,CPT-03144,3,16069.77,2025-08-07 15:33:58,2025-11-11 12:03:42,38.9,outbound,4
ENT-01323,CPT-05392,7,16011.75,2025-08-15 16:03:52,2026-05-02 15:16:26,38.9,inbound,2
ENT-01260,CPT-03454,6,15558.8,2025-08-21 10:56:24,2026-07-30 14:57:46,38.9,outbound,2
ENT-01201,CPT-02690,5,14867.55,2025-12-11 14:14:31,2026-06-23 17:54:54,38.9,outbound,6
ENT-01434,CPT-01176,5,14579.08,2025-12-11 10:47:18,2026-06-22 16:33:51,38.9,inbound,2
ENT-01397,CPT-02785,4,12454.77,2025-08-15 16:05:14,2026-06-26 10:59:44,38.9,outbound,3
ENT-01399,CPT-02695,3,12179.77,2026-01-01 15:44:40,2026-04-29 15:31:42,38.9,outbound,166
ENT-01132,CPT-02695,7,11832.27,2025-09-02 16:49:07,2026-06-16 16:58:32,38.9,outbound,166
ENT-00368,CPT-01552,8,11240.25,2025-08-23 18:56:06,2026-07-01 16:33:08,38.9,inbound;outbound,8
ENT-01467,CPT-02493,3,10166.3,2026-04-07 14:22:54,2026-05-07 14:57:15,38.9,outbound,101
ENT-01186,CPT-03086,4,9688.99,2025-08-20 14:00:18,2026-06-09 10:45:09,38.9,outbound,10
ENT-01426,CPT-00605,1,8543.46,2026-02-02 17:15:46,2026-02-02 17:15:46,38.9,inbound,1
ENT-00642,CPT-02321,4,7668.26,2025-09-11 17:18:57,2026-04-28 13:54:43,38.9,inbound;outbound,2
ENT-01197,CPT-03981,4,7007.54,2025-08-27 09:14:51,2026-07-31 12:29:57,38.9,inbound,191
ENT-01261,CPT-04258,5,6499.23,2025-11-06 16:41:49,2026-05-16 12:52:33,38.9,inbound,2
ENT-01150,CPT-05540,2,5559.56,2025-12-15 11:44:44,2026-02-11 09:58:49,38.9,inbound,1
ENT-01062,CPT-02064,2,5178.5,2025-12-08 12:45:17,2026-02-16 09:51:18,38.9,inbound,6
ENT-01177,CPT-03360,1,5000.0,2026-02-11 16:02:49,2026-02-11 16:02:49,38.9,outbound,8
ENT-01344,CPT-02856,2,4900.7,2025-08-11 09:32:37,2026-04-27 11:41:17,38.9,outbound,1
ENT-01319,CPT-03981,1,4848.41,2026-07-13 10:10:53,2026-07-13 10:10:53,38.9,inbound,191
ENT-01358,CPT-04294,1,4837.58,2025-11-04 15:00:15,2025-11-04 15:00:15,38.9,inbound,6
ENT-01455,CPT-00866,4,3850.38,2025-09-11 13:01:10,2026-05-20 14:41:56,38.9,inbound,3
ENT-01260,CPT-03330,2,3694.73,2026-01-27 14:16:51,2026-07-30 14:54:34,38.9,outbound,67
ENT-01492,CPT-02618,4,3676.4,2025-09-04 09:36:49,2026-07-09 09:53:41,38.9,outbound,1
ENT-01414,CPT-03155,2,3538.92,2026-01-29 12:58:13,2026-06-16 15:42:33,38.9,outbound,2
ENT-01242,CPT-03206,2,3430.39,2026-05-07 14:29:19,2026-05-07 15:09:47,38.9,outbound,38
ENT-01241,CPT-02715,2,3149.67,2025-11-03 09:04:57,2026-06-19 13:31:26,38.9,outbound,13
ENT-01347,CPT-03086,2,2963.36,2025-11-03 09:25:08,2026-03-04 14:46:53,38.9,outbound,10
ENT-01293,CPT-04640,2,2821.39,2026-01-12 13:15:57,2026-05-31 12:44:01,38.9,inbound,2
ENT-01096,CPT-03592,2,2356.13,2025-09-20 11:25:05,2025-11-03 16:35:35,38.9,inbound,1
ENT-01124,CPT-02783,2,1760.47,2025-10-30 15:32:14,2026-01-19 12:51:36,38.9,outbound,1
ENT-01276,CPT-03297,1,1194.95,2026-02-09 16:09:09,2026-02-09 16:09:09,38.9,outbound,110
ENT-01418,CPT-02644,1,1000.0,2026-01-06 09:12:07,2026-01-06 09:12:07,38.9,outbound,3
ENT-00130,CPT-00874,8,592.06,2025-08-14 17:17:45,2026-06-25 19:51:28,38.9,inbound;outbound,1
ENT-01146,CPT-03301,24,374206.51,2025-08-15 17:27:49,2026-07-31 15:33:37,38.8,outbound,2
ENT-01339,CPT-04820,8,83325.8,2025-09-11 13:17:21,2026-07-16 15:18:11,38.8,inbound,1
ENT-01100,CPT-04337,1,66522.75,2026-05-05 10:51:16,2026-05-05 10:51:16,38.8,inbound,10
ENT-01472,CPT-01074,3,59488.95,2025-09-26 11:10:41,2026-06-10 16:35:56,38.8,inbound,12
ENT-01152,CPT-01774,5,58569.28,2025-10-02 12:17:16,2026-07-01 09:48:52,38.8,inbound,2
ENT-01122,CPT-05830,4,51517.56,2025-08-22 12:11:05,2026-07-27 15:25:02,38.8,inbound,5
ENT-01393,CPT-05618,2,43573.07,2025-08-06 11:49:46,2025-11-10 10:20:53,38.8,inbound,6
ENT-01484,CPT-03981,3,42115.32,2026-01-01 15:41:20,2026-05-22 12:52:54,38.8,inbound,191
ENT-01468,CPT-02577,6,37086.85,2025-10-23 16:52:54,2026-06-25 11:17:44,38.8,outbound,8
ENT-01200,CPT-05915,6,35635.3,2025-12-11 16:36:59,2026-07-24 10:58:48,38.8,inbound,1
ENT-01468,CPT-04116,4,35332.55,2025-09-16 12:45:48,2026-06-22 11:19:53,38.8,inbound,2
ENT-01277,CPT-02872,9,31881.66,2025-11-04 16:33:27,2026-03-17 13:02:06,38.8,outbound,1
ENT-01265,CPT-05017,3,31645.31,2026-02-10 11:54:17,2026-05-08 12:01:53,38.8,inbound,64
ENT-01353,CPT-02577,5,31307.21,2025-08-07 15:31:43,2026-02-26 09:20:59,38.8,outbound,8
ENT-01486,CPT-02444,8,26443.47,2025-09-02 18:21:15,2026-07-07 12:09:26,38.8,outbound,8
ENT-01222,CPT-03981,3,26175.16,2025-11-06 15:59:25,2026-07-28 09:43:50,38.8,inbound,191
ENT-01216,CPT-03271,3,20048.85,2026-02-18 11:45:00,2026-06-25 15:40:14,38.8,outbound,2
ENT-01372,CPT-02773,4,19376.87,2025-09-17 10:07:20,2026-06-15 09:52:52,38.8,outbound,3
ENT-01255,CPT-03007,5,18206.63,2025-09-10 16:37:51,2026-06-24 11:10:56,38.8,outbound,2
ENT-01478,CPT-04143,5,17309.49,2025-10-31 15:40:41,2026-06-25 16:14:21,38.8,inbound,1
ENT-01472,CPT-04450,3,17115.22,2025-09-02 15:21:51,2026-07-01 15:43:54,38.8,inbound,5
ENT-01186,CPT-03981,3,15959.88,2026-03-03 10:59:23,2026-07-21 15:02:12,38.8,inbound,191
ENT-01167,CPT-03002,4,15309.67,2025-08-27 09:05:02,2026-01-05 12:49:27,38.8,outbound,5
ENT-01452,CPT-04303,3,14445.55,2025-09-24 12:37:21,2025-12-10 09:19:55,38.8,inbound,22
ENT-01184,CPT-03729,5,14233.97,2026-01-07 09:19:12,2026-06-25 16:55:27,38.8,inbound,69
ENT-01206,CPT-04114,2,12775.13,2026-02-24 13:58:36,2026-07-04 10:20:37,38.8,inbound,19
ENT-01062,CPT-03254,3,12738.28,2025-10-14 12:41:51,2026-06-18 17:55:58,38.8,outbound,1
ENT-01292,CPT-02751,5,11158.17,2025-08-01 16:14:48,2026-03-05 11:46:17,38.8,outbound,2
ENT-01257,CPT-02716,3,9129.69,2026-03-03 14:15:49,2026-07-28 11:55:49,38.8,outbound,2
ENT-00079,CPT-00830,7,8326.91,2025-08-27 13:06:13,2026-06-24 12:15:30,38.8,inbound;outbound,8
ENT-01150,CPT-02867,2,8214.63,2025-09-24 14:29:05,2025-12-26 11:44:24,38.8,outbound,4
ENT-01494,CPT-02766,3,7879.13,2025-09-18 11:58:15,2026-07-02 14:01:43,38.8,outbound,8
ENT-01472,CPT-05030,1,7751.57,2025-08-15 13:13:14,2025-08-15 13:13:14,38.8,inbound,1
ENT-01271,CPT-03330,3,7556.85,2026-02-12 12:48:12,2026-06-25 17:07:45,38.8,outbound,67
ENT-01340,CPT-02061,5,6471.98,2025-08-02 10:51:48,2026-03-09 17:55:22,38.8,inbound,4
ENT-01060,CPT-02784,6,5861.48,2025-08-14 14:43:38,2026-05-26 18:21:42,38.8,outbound,40
ENT-01287,CPT-03390,4,5817.79,2025-09-23 11:19:00,2026-07-02 15:46:59,38.8,outbound,8
ENT-01494,CPT-03414,2,5515.39,2025-08-14 12:50:50,2025-08-14 13:16:06,38.8,outbound,8
ENT-01299,CPT-03584,4,5449.47,2025-08-08 12:21:32,2026-03-06 10:36:26,38.8,outbound,8
ENT-01205,CPT-02493,3,5220.07,2025-10-27 10:04:23,2026-07-28 14:22:42,38.8,outbound,101
ENT-01282,CPT-03951,2,5115.76,2025-10-31 16:57:10,2025-12-03 17:48:55,38.8,inbound,1
ENT-01071,CPT-03086,3,4954.51,2026-01-26 15:42:02,2026-05-07 12:39:13,38.8,outbound,10
ENT-00642,CPT-01379,5,4004.8,2025-08-14 12:27:20,2026-06-01 10:33:02,38.8,inbound,1
ENT-01120,CPT-03379,2,3819.77,2025-08-19 12:44:43,2026-01-01 17:55:30,38.8,outbound,7
ENT-01387,CPT-03161,3,3687.79,2025-08-21 10:49:38,2026-06-02 10:33:07,38.8,outbound,1
ENT-01331,CPT-03756,4,3384.16,2025-08-13 10:04:01,2025-10-13 16:47:58,38.8,inbound,6
ENT-01266,CPT-01176,1,3268.07,2026-07-28 09:05:32,2026-07-28 09:05:32,38.8,inbound,2
ENT-01356,CPT-02629,4,3240.22,2025-08-21 15:55:55,2026-05-07 13:01:58,38.8,outbound,5
ENT-01188,CPT-02929,2,2449.74,2025-11-18 13:55:13,2025-12-11 12:17:23,38.8,outbound,15
ENT-01371,CPT-01153,3,2384.28,2025-09-02 10:03:34,2026-05-11 15:10:07,38.8,inbound,2
ENT-01130,CPT-04114,1,1909.14,2026-06-25 09:48:11,2026-06-25 09:48:11,38.8,inbound,19
ENT-01186,CPT-02870,2,1026.41,2025-11-11 09:35:04,2026-04-02 09:23:57,38.8,outbound,54
ENT-01389,CPT-02962,1,1000.0,2026-02-24 12:35:38,2026-02-24 12:35:38,38.8,outbound,6
ENT-01097,CPT-02568,1,549.53,2025-09-12 11:42:09,2025-09-12 11:42:09,38.8,outbound,3
ENT-00532,CPT-03913,3,531.1,2025-08-19 18:12:40,2026-06-19 12:57:00,38.8,outbound,2
ENT-01237,CPT-02661,24,336370.09,2025-08-15 10:15:11,2026-07-31 12:33:04,38.7,outbound,2
ENT-01085,CPT-02838,24,312843.3,2025-08-15 17:50:04,2026-07-31 12:16:42,38.7,outbound,5
ENT-01171,CPT-02493,26,275304.56,2025-08-15 17:46:32,2026-07-31 14:32:08,38.7,outbound,101
ENT-01282,CPT-02695,12,172661.65,2025-08-29 16:40:18,2026-07-31 14:36:51,38.7,outbound,166
ENT-01165,CPT-03297,12,139816.18,2025-08-29 15:58:04,2026-07-31 11:37:22,38.7,outbound,110
ENT-01311,CPT-04303,4,101309.24,2026-02-18 12:03:27,2026-05-26 12:09:22,38.7,inbound,22
ENT-01132,CPT-05017,5,72438.47,2025-08-22 16:41:01,2026-05-21 17:34:44,38.7,inbound,64
ENT-01062,CPT-01865,3,65729.71,2025-12-08 14:38:09,2026-05-08 13:11:36,38.7,inbound,2
ENT-01423,CPT-01096,3,60409.39,2026-05-04 16:57:53,2026-06-15 10:13:30,38.7,inbound,17
ENT-01407,CPT-03924,2,47666.64,2026-01-20 13:04:39,2026-03-12 10:14:27,38.7,inbound,1
ENT-01402,CPT-03428,7,42870.43,2025-10-07 12:55:48,2026-06-11 17:18:34,38.7,outbound,3
ENT-01385,CPT-02081,2,41359.2,2025-11-14 17:16:22,2025-12-01 13:12:45,38.7,inbound,5
ENT-01252,CPT-00946,4,41139.13,2025-08-01 09:26:21,2026-05-25 10:45:01,38.7,inbound,1
ENT-01093,CPT-02939,11,40684.79,2025-10-21 14:47:43,2026-07-02 10:45:46,38.7,outbound,1
ENT-01472,CPT-01285,1,40554.2,2025-10-09 13:13:11,2025-10-09 13:13:11,38.7,inbound,25
ENT-01119,CPT-05017,2,38264.76,2025-08-29 17:36:26,2026-06-25 11:14:19,38.7,inbound,64
ENT-01379,CPT-01112,2,34000.28,2026-04-14 12:54:21,2026-05-15 10:15:38,38.7,inbound,49
ENT-01378,CPT-05766,3,33468.43,2025-08-13 10:56:23,2026-05-26 14:24:16,38.7,inbound,6
ENT-01324,CPT-02843,2,32837.82,2025-10-07 15:16:08,2026-07-15 11:21:57,38.7,outbound,6
ENT-01130,CPT-00968,2,32793.78,2025-09-08 16:37:11,2026-06-29 17:32:25,38.7,inbound,1
ENT-01170,CPT-03867,2,31364.63,2025-10-01 14:07:39,2026-07-15 10:57:48,38.7,inbound,5
ENT-01125,CPT-04138,4,29719.41,2025-08-27 16:18:13,2026-07-24 12:14:32,38.7,inbound,2
ENT-01375,CPT-02500,6,29642.46,2025-10-16 13:03:25,2026-07-09 15:01:10,38.7,outbound,60
ENT-01146,CPT-02161,4,29482.1,2026-02-20 12:33:19,2026-05-13 11:18:30,38.7,inbound,27
ENT-01257,CPT-02251,3,29413.96,2025-08-21 10:29:38,2026-05-07 10:35:50,38.7,inbound,3
ENT-01131,CPT-03125,8,28945.6,2025-09-04 12:10:57,2026-07-21 15:05:28,38.7,outbound,3
ENT-01131,CPT-03330,9,25162.94,2025-09-04 11:56:36,2026-07-21 15:12:11,38.7,outbound,67
ENT-00081,CPT-01682,5,24196.19,2025-10-16 09:49:47,2026-05-03 16:08:50,38.7,inbound;outbound,3
ENT-01407,CPT-01431,2,18014.88,2026-02-17 12:04:46,2026-03-18 17:18:23,38.7,inbound,16
ENT-01454,CPT-04415,2,16779.63,2026-02-06 13:19:34,2026-07-29 10:33:09,38.7,inbound,1
ENT-01184,CPT-04727,2,15609.34,2025-10-21 16:56:24,2026-07-21 09:31:16,38.7,inbound,4
ENT-01092,CPT-04318,1,15380.9,2026-06-05 10:25:51,2026-06-05 10:25:51,38.7,inbound,7
ENT-01126,CPT-03981,2,15012.93,2026-01-02 13:36:47,2026-06-05 11:10:59,38.7,inbound,191
ENT-01170,CPT-02745,5,14881.2,2025-11-11 16:10:19,2026-07-28 15:19:35,38.7,outbound,1
ENT-01093,CPT-04187,2,12529.78,2025-11-13 09:48:29,2026-05-15 09:18:56,38.7,inbound,1
ENT-01069,CPT-03383,4,12158.2,2026-02-17 16:22:02,2026-04-28 11:21:19,38.7,outbound,1
ENT-01111,CPT-03297,3,10943.06,2025-08-19 17:12:29,2026-05-21 12:29:38,38.7,outbound,110
ENT-01071,CPT-05573,3,10504.68,2025-09-20 12:54:47,2026-04-01 15:11:28,38.7,inbound,1
ENT-01159,CPT-02028,2,10128.55,2025-09-03 11:43:51,2026-06-11 15:35:19,38.7,inbound,1
ENT-01411,CPT-00860,4,10086.91,2025-11-26 10:48:32,2026-07-26 12:40:07,38.7,inbound,16
ENT-01486,CPT-02059,3,10028.44,2026-01-28 12:26:26,2026-07-09 09:25:15,38.7,inbound,6
ENT-01492,CPT-02695,3,9724.79,2025-09-04 09:44:37,2025-10-16 15:11:28,38.7,outbound,166
ENT-01083,CPT-03206,5,9506.13,2025-09-24 13:55:38,2026-05-26 14:30:30,38.7,outbound,38
ENT-01141,CPT-05871,2,8982.51,2025-09-24 16:33:52,2026-07-03 17:19:13,38.7,inbound,3
ENT-01456,CPT-04942,5,8955.02,2025-08-16 16:57:53,2026-06-09 13:58:40,38.7,inbound,36
ENT-01385,CPT-02414,3,8690.23,2025-10-23 10:26:44,2026-02-03 12:44:14,38.7,outbound,22
ENT-01328,CPT-02787,5,8599.34,2025-09-04 14:13:06,2026-06-09 12:05:45,38.7,outbound,42
ENT-01133,CPT-03204,5,8004.33,2025-09-02 11:56:51,2025-12-23 16:50:26,38.7,outbound,9
ENT-01346,CPT-00722,2,7915.8,2025-08-15 16:56:55,2025-12-09 10:45:14,38.7,inbound,5
ENT-01088,CPT-02887,3,7893.84,2025-12-04 15:52:05,2026-04-08 15:41:05,38.7,outbound,15
ENT-01220,CPT-02870,3,7645.43,2025-10-23 12:58:55,2026-04-28 18:34:10,38.7,outbound,54
ENT-01191,CPT-02606,4,7137.55,2025-11-07 16:35:41,2026-05-12 16:45:44,38.7,outbound,2
ENT-01281,CPT-03398,2,7059.1,2026-01-19 15:12:30,2026-02-12 17:43:35,38.7,outbound,2
ENT-01069,CPT-02556,3,6449.97,2025-11-27 11:34:35,2026-05-07 16:46:59,38.7,outbound,1
ENT-01293,CPT-05629,3,6377.63,2026-01-09 10:53:09,2026-02-28 10:35:32,38.7,inbound,1
ENT-01115,CPT-03921,4,6078.6,2025-08-17 09:42:36,2026-05-17 11:43:30,38.7,inbound,3
ENT-01430,CPT-02695,3,6046.18,2025-09-03 11:19:59,2026-07-27 09:41:08,38.7,outbound,166
ENT-01108,CPT-02994,5,5781.07,2025-10-16 15:27:54,2026-07-14 13:31:31,38.7,outbound,4
ENT-01458,CPT-03899,3,5632.91,2025-09-23 17:19:34,2025-10-26 09:23:35,38.7,inbound,1
ENT-01242,CPT-02784,3,5609.2,2026-02-05 12:14:40,2026-05-28 11:50:39,38.7,outbound,40
ENT-01162,CPT-01047,5,5454.14,2025-10-01 17:56:37,2026-07-26 12:30:29,38.7,inbound,9
ENT-01425,CPT-01863,4,5136.92,2026-02-28 10:52:34,2026-07-10 15:21:43,38.7,inbound,1
ENT-01456,CPT-01643,4,4631.46,2025-10-25 12:57:22,2026-06-13 09:15:55,38.7,inbound,5
ENT-01375,CPT-03006,3,4419.12,2026-01-20 11:57:51,2026-03-24 14:11:06,38.7,outbound,7
ENT-01059,CPT-02667,3,4121.36,2025-08-12 09:08:50,2026-03-31 17:14:28,38.7,outbound,8
ENT-01136,CPT-02450,4,4053.8,2025-10-07 13:19:43,2026-06-04 13:08:39,38.7,outbound,2
ENT-00060,CPT-04954,2,3653.94,2025-11-15 18:19:18,2026-04-06 20:27:55,38.7,outbound,2
ENT-01297,CPT-01683,2,3584.38,2026-02-11 17:55:01,2026-02-16 12:36:55,38.7,inbound,13
ENT-01339,CPT-05078,3,3508.4,2026-02-05 14:22:18,2026-07-01 09:08:32,38.7,inbound,49
ENT-01328,CPT-05107,1,3243.89,2025-09-15 17:49:51,2025-09-15 17:49:51,38.7,inbound,15
ENT-01492,CPT-04725,1,2145.54,2025-09-09 14:13:10,2025-09-09 14:13:10,38.7,inbound,2
ENT-01212,CPT-02732,1,2000.0,2026-05-15 14:32:19,2026-05-15 14:32:19,38.7,outbound,2
ENT-00454,CPT-01437,8,1876.9,2025-08-06 08:14:34,2026-07-14 19:00:34,38.7,inbound;outbound,1
ENT-01293,CPT-05566,1,1608.0,2025-09-28 17:03:26,2025-09-28 17:03:26,38.7,inbound,1
ENT-01088,CPT-03731,1,907.18,2025-11-28 14:59:42,2025-11-28 14:59:42,38.7,inbound,22
ENT-01023,CPT-01112,7,704.37,2025-08-05 19:31:51,2026-05-04 19:30:47,38.7,inbound;outbound,49
ENT-01403,CPT-02064,1,689.18,2025-08-28 13:45:46,2025-08-28 13:45:46,38.7,inbound,6
ENT-00522,CPT-05468,2,456.01,2025-09-19 20:23:47,2025-10-13 22:06:34,38.7,outbound,3
ENT-01378,CPT-03337,24,297159.18,2025-08-15 16:42:42,2026-07-31 16:29:40,38.6,outbound,2
ENT-01236,CPT-02908,24,296732.94,2025-08-15 11:34:21,2026-07-31 15:43:23,38.6,outbound,5
ENT-01293,CPT-03104,12,182382.4,2025-08-29 16:34:48,2026-07-31 15:54:07,38.6,outbound,12
ENT-01497,CPT-03151,12,173242.33,2025-08-29 09:58:23,2026-07-31 09:44:39,38.6,outbound,2
ENT-01088,CPT-03403,12,152634.12,2025-08-29 11:16:39,2026-07-31 13:50:22,38.6,outbound,3
ENT-01358,CPT-05492,3,67382.53,2025-10-09 14:22:19,2026-04-15 12:19:39,38.6,inbound,2
ENT-01233,CPT-05824,4,64347.22,2025-11-12 10:36:03,2026-07-08 09:00:28,38.6,inbound,13
ENT-01305,CPT-01318,2,63332.56,2025-10-06 10:49:41,2026-03-24 13:30:47,38.6,inbound,1
ENT-01259,CPT-02514,6,52627.05,2025-08-26 17:54:42,2026-07-02 14:14:45,38.6,outbound,2
ENT-01486,CPT-02962,13,50267.02,2025-09-02 18:04:20,2026-07-07 12:34:59,38.6,outbound,6
ENT-01370,CPT-02678,2,42504.93,2026-02-13 11:53:21,2026-03-16 16:24:47,38.6,outbound,4
ENT-01201,CPT-04582,3,37779.06,2025-08-20 10:51:37,2025-12-11 17:10:05,38.6,inbound,6
ENT-01426,CPT-04324,3,36477.09,2025-08-06 16:14:30,2026-02-05 14:10:06,38.6,inbound,71
ENT-01494,CPT-04961,4,33756.0,2025-12-09 16:06:03,2026-06-11 10:45:50,38.6,inbound,5
ENT-01292,CPT-04532,2,33411.53,2025-08-07 13:18:31,2025-08-11 11:07:49,38.6,inbound,5
ENT-01471,CPT-01410,4,33297.89,2025-09-03 09:13:48,2026-06-05 14:39:20,38.6,inbound,1
ENT-01092,CPT-02299,2,32837.8,2025-10-10 11:46:02,2026-05-08 10:21:20,38.6,inbound,1
ENT-01135,CPT-05834,4,30154.33,2025-10-07 17:52:09,2026-05-28 09:18:58,38.6,inbound,1
ENT-01421,CPT-02771,2,28227.5,2026-02-12 10:50:11,2026-04-28 14:20:33,38.6,outbound,25
ENT-01108,CPT-02962,9,26882.76,2025-08-12 16:18:48,2026-05-14 11:37:48,38.6,outbound,6
ENT-01176,CPT-02849,3,26570.9,2025-11-13 18:24:28,2026-04-21 15:41:58,38.6,outbound,2
ENT-01176,CPT-03018,5,24914.26,2025-11-20 14:33:37,2026-04-09 15:13:46,38.6,outbound,2
ENT-01346,CPT-02695,10,23061.88,2025-10-07 10:11:08,2026-06-23 11:42:37,38.6,outbound,166
ENT-01452,CPT-02799,7,18756.56,2025-09-04 15:20:42,2026-05-05 13:08:30,38.6,outbound,1
ENT-01097,CPT-02500,4,18398.39,2025-09-04 15:34:31,2026-06-15 13:06:54,38.6,outbound,60
ENT-01384,CPT-03321,2,17696.39,2025-08-27 17:19:56,2026-02-06 11:00:09,38.6,outbound,2
ENT-01225,CPT-03727,4,17574.64,2025-08-19 09:25:25,2026-04-07 11:33:04,38.6,inbound,2
ENT-01164,CPT-01008,8,16860.43,2025-09-01 17:13:16,2026-06-26 10:48:28,38.6,inbound,2
ENT-00900,CPT-02060,12,14617.15,2025-08-23 21:01:59,2026-07-15 09:42:14,38.6,inbound;outbound,4
ENT-01260,CPT-03608,3,14442.64,2025-09-05 12:24:46,2026-07-01 12:48:06,38.6,inbound,1
ENT-01058,CPT-03981,2,14257.54,2025-10-22 14:06:00,2026-07-08 12:43:30,38.6,inbound,191
ENT-01377,CPT-03729,3,13145.01,2025-09-18 09:27:28,2026-06-09 17:08:43,38.6,inbound,69
ENT-01153,CPT-01323,4,11949.95,2025-08-20 11:01:01,2026-03-14 09:52:48,38.6,inbound,1
ENT-01067,CPT-02418,7,11172.12,2025-12-04 15:10:00,2026-07-16 17:49:27,38.6,outbound,28
ENT-01500,CPT-02843,2,11001.36,2026-01-08 14:30:17,2026-04-30 09:43:36,38.6,outbound,6
ENT-01441,CPT-03374,5,10178.9,2025-08-07 16:30:47,2026-06-11 16:02:18,38.6,outbound,2
ENT-01261,CPT-05017,7,9914.9,2025-11-06 09:43:57,2026-07-28 09:40:51,38.6,inbound,64
ENT-01180,CPT-02870,2,9671.67,2025-11-04 13:21:11,2026-06-18 16:37:24,38.6,outbound,54
ENT-01346,CPT-02178,1,9414.54,2026-04-03 16:34:54,2026-04-03 16:34:54,38.6,inbound,5
ENT-01133,CPT-03330,5,9170.21,2025-09-02 11:18:13,2026-03-12 13:16:07,38.6,outbound,67
ENT-01452,CPT-05692,2,8654.91,2025-10-13 15:32:28,2025-12-31 15:35:23,38.6,inbound,1
ENT-01259,CPT-03174,6,8588.61,2025-08-26 17:53:41,2026-04-07 12:19:05,38.6,outbound,6
ENT-01407,CPT-02493,4,8023.77,2025-08-19 13:38:41,2026-02-12 10:22:50,38.6,outbound,101
ENT-01328,CPT-03297,4,7750.13,2025-08-07 13:59:25,2026-04-14 09:52:50,38.6,outbound,110
ENT-01262,CPT-00897,5,7124.97,2025-08-09 14:48:47,2026-07-28 10:59:10,38.6,inbound,4
ENT-01132,CPT-03297,3,7070.67,2025-10-23 12:53:18,2026-04-28 13:14:21,38.6,outbound,110
ENT-01088,CPT-02325,4,5477.07,2025-09-05 12:45:47,2026-04-12 10:46:05,38.6,inbound,1
ENT-01150,CPT-04419,3,4601.73,2025-09-21 09:50:44,2026-06-09 10:33:59,38.6,inbound,11
ENT-01344,CPT-02758,2,4530.65,2026-05-01 14:08:12,2026-05-08 14:29:39,38.6,outbound,35
ENT-01288,CPT-03297,2,4072.56,2026-03-27 15:16:20,2026-06-23 17:15:58,38.6,outbound,110
ENT-01407,CPT-04508,1,3746.28,2025-08-29 09:30:06,2025-08-29 09:30:06,38.6,inbound,3
ENT-01282,CPT-01048,2,3541.42,2026-02-18 11:59:13,2026-06-30 13:36:34,38.6,inbound,1
ENT-01349,CPT-02414,2,3242.01,2025-09-04 12:43:28,2026-01-06 11:08:08,38.6,outbound,22
ENT-01282,CPT-05445,2,2922.25,2025-10-01 09:30:55,2025-12-22 15:53:09,38.6,inbound,1
ENT-01095,CPT-03005,2,2816.8,2026-04-23 17:48:47,2026-07-02 14:57:31,38.6,outbound,6
ENT-01268,CPT-02695,2,2804.27,2026-04-01 16:56:16,2026-06-23 13:16:20,38.6,outbound,166
ENT-01311,CPT-03432,2,2590.47,2025-09-16 13:39:54,2025-09-16 13:50:44,38.6,outbound,1
ENT-01141,CPT-02695,2,2375.48,2025-08-21 09:25:01,2026-07-14 16:42:39,38.6,outbound,166
ENT-01385,CPT-03094,2,2129.7,2025-10-21 13:14:44,2025-10-23 10:56:49,38.6,outbound,1
ENT-01180,CPT-02695,3,1901.6,2025-11-04 11:49:58,2026-06-25 09:48:34,38.6,outbound,166
ENT-00675,CPT-00721,6,1473.71,2025-10-20 20:11:00,2026-07-16 18:40:22,38.6,inbound,1
ENT-01311,CPT-02591,2,1189.65,2025-09-16 14:09:41,2026-04-02 13:07:15,38.6,outbound,2
ENT-00902,CPT-01885,2,452.18,2025-08-02 08:53:54,2026-03-28 18:51:06,38.6,outbound,1
ENT-01486,CPT-02473,24,303426.43,2025-08-15 14:45:07,2026-07-31 16:08:00,38.5,outbound,4
ENT-01059,CPT-02418,24,284745.55,2025-08-15 10:50:21,2026-07-31 16:05:59,38.5,outbound,28
ENT-01096,CPT-03400,12,166326.15,2025-08-29 16:15:39,2026-07-31 14:02:02,38.5,outbound,1
ENT-01140,CPT-03761,5,80490.98,2025-10-09 16:20:41,2026-06-01 12:09:04,38.5,inbound,1
ENT-01203,CPT-04529,3,70567.48,2026-04-21 10:02:46,2026-07-03 11:42:27,38.5,inbound,1
ENT-01472,CPT-03983,2,50201.37,2026-07-14 09:25:57,2026-07-28 17:45:57,38.5,inbound,33
ENT-01346,CPT-04754,7,46901.91,2025-10-10 14:36:16,2026-07-06 12:18:18,38.5,inbound,1
ENT-01408,CPT-01074,2,36781.82,2025-09-16 16:02:03,2026-02-27 09:59:14,38.5,inbound,12
ENT-00430,CPT-00269,12,35400.0,2025-08-02 20:20:30,2026-07-02 18:12:31,38.5,outbound,2
ENT-01402,CPT-05254,5,35064.57,2025-09-22 11:54:41,2026-06-24 14:54:38,38.5,inbound,18
ENT-01277,CPT-03795,2,34800.12,2026-03-17 13:41:28,2026-07-31 17:58:14,38.5,inbound,9
ENT-01245,CPT-05209,1,34665.74,2025-12-05 16:20:24,2025-12-05 16:20:24,38.5,inbound,1
ENT-01178,CPT-04146,1,33660.52,2026-05-26 12:08:25,2026-05-26 12:08:25,38.5,inbound,3
ENT-01460,CPT-03392,6,27886.58,2025-11-27 11:59:40,2026-07-16 12:56:52,38.5,outbound,3
ENT-01395,CPT-03981,4,27745.75,2025-08-20 12:51:35,2026-07-27 16:43:41,38.5,inbound,191
ENT-01230,CPT-02059,4,24895.49,2025-08-04 13:14:02,2026-05-14 11:15:48,38.5,inbound,6
ENT-01225,CPT-02475,5,24860.01,2025-08-19 18:23:19,2026-02-24 13:33:10,38.5,outbound,2
ENT-01465,CPT-03981,3,24732.69,2025-09-26 14:45:40,2026-01-30 10:42:49,38.5,inbound,191
ENT-01484,CPT-01112,3,21479.38,2025-10-23 15:41:21,2026-03-10 12:40:30,38.5,inbound,49
ENT-01148,CPT-01008,3,18733.44,2025-08-05 13:58:57,2026-01-12 17:34:53,38.5,inbound,2
ENT-01311,CPT-03297,5,18508.26,2026-04-02 13:19:38,2026-07-14 12:43:41,38.5,outbound,110
ENT-01061,CPT-03981,3,16408.41,2026-03-03 12:17:11,2026-04-07 16:38:52,38.5,inbound,191
ENT-01328,CPT-02772,6,15089.56,2025-09-09 09:47:09,2026-07-28 09:13:22,38.5,outbound,4
ENT-01323,CPT-01293,3,14155.44,2025-08-29 16:19:46,2026-01-30 17:59:39,38.5,inbound,7
ENT-01472,CPT-03242,6,13554.46,2025-08-12 13:42:51,2026-05-14 15:48:59,38.5,outbound,34
ENT-01485,CPT-03143,4,13540.17,2025-08-28 10:14:09,2026-07-09 17:21:01,38.5,outbound,2
ENT-01328,CPT-03206,4,13506.22,2025-08-07 13:40:00,2026-07-28 10:07:58,38.5,outbound,38
ENT-01411,CPT-01022,8,13291.5,2025-08-30 16:07:56,2026-03-20 16:49:33,38.5,inbound,2
ENT-01311,CPT-02500,3,11589.28,2025-11-20 17:31:35,2026-07-07 18:30:08,38.5,outbound,60
ENT-01126,CPT-03085,3,11463.3,2025-11-06 10:20:06,2026-05-14 15:20:02,38.5,outbound,9
ENT-01051,CPT-03981,3,11396.2,2026-02-24 11:48:58,2026-07-29 12:21:22,38.5,inbound,191
ENT-01484,CPT-02493,2,11229.93,2026-06-02 14:45:29,2026-06-09 11:38:50,38.5,outbound,101
ENT-01494,CPT-02887,5,10348.29,2025-08-14 12:48:26,2026-06-30 17:20:20,38.5,outbound,15
ENT-00997,CPT-00044,12,10081.76,2025-08-01 07:40:42,2026-07-01 08:43:35,38.5,inbound,2
ENT-01465,CPT-03399,4,9973.8,2025-12-25 11:31:31,2026-07-23 12:27:21,38.5,outbound,12
ENT-01183,CPT-03981,3,9761.1,2026-02-12 12:34:02,2026-07-03 13:12:32,38.5,inbound,191
ENT-01282,CPT-05017,2,9431.99,2025-08-31 15:24:23,2025-12-21 14:21:42,38.5,inbound,64
ENT-01094,CPT-02431,2,8687.52,2025-08-28 10:28:46,2025-11-06 11:50:16,38.5,outbound,30
ENT-01231,CPT-01654,5,8683.71,2025-11-29 10:47:45,2026-06-30 17:23:01,38.5,inbound,2
ENT-01401,CPT-02695,3,8497.57,2025-09-09 16:41:12,2026-07-21 15:20:07,38.5,outbound,166
ENT-01497,CPT-05642,3,7675.94,2025-08-23 14:46:43,2026-04-24 11:21:17,38.5,inbound,7
ENT-01259,CPT-02432,3,7335.6,2025-08-26 18:07:52,2026-04-07 11:55:26,38.5,outbound,2
ENT-01151,CPT-02692,2,7299.52,2025-08-14 11:33:23,2025-09-04 18:54:42,38.5,outbound,19
ENT-01165,CPT-02870,2,6789.84,2025-12-22 14:54:17,2026-05-04 16:27:47,38.5,outbound,54
ENT-01257,CPT-03205,2,6515.99,2026-05-05 13:12:20,2026-07-28 11:51:31,38.5,outbound,5
ENT-01083,CPT-04942,3,5908.71,2025-11-20 11:41:32,2026-06-30 17:57:44,38.5,inbound,36
ENT-01468,CPT-03459,3,5589.72,2026-01-29 12:54:18,2026-04-02 17:42:40,38.5,outbound,5
ENT-01448,CPT-04592,2,5300.95,2026-04-20 14:39:45,2026-07-15 10:28:26,38.5,inbound,17
ENT-01468,CPT-00873,3,5037.97,2025-09-22 10:58:44,2026-06-26 17:43:56,38.5,inbound,1
ENT-01122,CPT-04507,2,4142.93,2025-08-27 16:56:48,2026-01-16 13:15:53,38.5,inbound,2
ENT-01328,CPT-03078,2,3654.08,2025-08-07 13:38:29,2025-11-04 10:40:42,38.5,outbound,3
ENT-01293,CPT-04303,2,3557.28,2025-08-31 13:53:59,2026-05-15 15:58:33,38.5,inbound,22
ENT-01241,CPT-03981,2,3452.07,2026-02-27 17:47:06,2026-03-13 16:04:38,38.5,inbound,191
ENT-00042,CPT-01313,2,3280.22,2025-12-16 16:37:18,2026-01-06 16:12:01,38.5,inbound,1
ENT-01232,CPT-01663,3,3132.68,2026-01-02 15:16:23,2026-04-04 11:39:07,38.5,inbound,1
ENT-01424,CPT-03709,1,2464.07,2026-07-16 12:11:28,2026-07-16 12:11:28,38.5,inbound,2
ENT-01119,CPT-03456,2,1904.15,2026-01-20 17:26:12,2026-07-30 12:30:59,38.5,outbound,5
ENT-00246,CPT-01285,10,1902.8,2025-08-03 18:23:05,2026-06-25 11:15:48,38.5,inbound;outbound,25
ENT-01136,CPT-05017,1,1806.53,2025-11-27 10:27:16,2025-11-27 10:27:16,38.5,inbound,64
ENT-00505,CPT-05414,3,1307.86,2025-09-04 22:46:10,2026-05-05 09:33:34,38.5,outbound,22
ENT-01494,CPT-02264,1,959.7,2026-06-12 15:54:45,2026-06-12 15:54:45,38.5,inbound,1
ENT-01401,CPT-02493,1,374.01,2026-06-11 13:09:31,2026-06-11 13:09:31,38.5,outbound,101
ENT-01271,CPT-03572,1,271.53,2025-08-06 10:33:45,2025-08-06 10:33:45,38.5,outbound,3
ENT-00694,CPT-01257,1,81.82,2026-07-12 10:54:16,2026-07-12 10:54:16,38.5,outbound,1
ENT-01477,CPT-03204,24,323810.33,2025-08-15 17:07:01,2026-07-31 14:57:23,38.4,outbound,9
ENT-01398,CPT-01285,3,47894.41,2025-09-29 13:12:47,2026-07-30 10:37:53,38.4,inbound,25
ENT-01312,CPT-04933,2,40891.44,2025-11-19 09:46:26,2026-06-17 14:50:52,38.4,inbound,1
ENT-01237,CPT-03865,2,28783.86,2025-08-05 14:27:19,2026-07-24 09:17:24,38.4,inbound,8
ENT-01462,CPT-05351,4,26684.48,2025-10-22 16:38:33,2026-06-29 11:02:01,38.4,inbound,2
ENT-01305,CPT-03493,6,25885.61,2025-08-05 16:26:54,2026-05-14 12:17:41,38.4,outbound,2
ENT-01379,CPT-02692,10,24255.83,2025-09-23 11:05:35,2026-07-21 17:50:05,38.4,outbound,19
ENT-01121,CPT-02695,7,21094.97,2025-08-25 17:50:48,2026-04-29 09:37:20,38.4,outbound,166
ENT-01316,CPT-03121,10,20098.58,2025-09-16 16:34:10,2026-06-23 10:51:22,38.4,outbound,2
ENT-01092,CPT-04902,3,19359.26,2025-09-09 13:55:54,2026-05-27 12:53:04,38.4,inbound,2
ENT-01100,CPT-00781,1,17196.65,2026-01-21 12:51:45,2026-01-21 12:51:45,38.4,inbound,1
ENT-01386,CPT-03981,2,16223.83,2026-04-15 17:34:00,2026-06-15 11:58:35,38.4,inbound,191
ENT-01220,CPT-02533,6,15948.67,2025-10-23 12:18:19,2026-06-23 17:02:28,38.4,outbound,1
ENT-01319,CPT-05863,7,12531.48,2025-08-21 16:26:15,2026-04-10 15:35:44,38.4,inbound,1
ENT-01421,CPT-03297,4,12358.08,2025-10-09 17:54:29,2026-06-25 09:18:26,38.4,outbound,110
ENT-01417,CPT-03297,7,12195.45,2025-11-20 17:23:57,2026-06-18 16:59:29,38.4,outbound,110
ENT-01407,CPT-02785,2,11182.89,2025-08-28 13:23:45,2026-02-12 10:31:04,38.4,outbound,3
ENT-01424,CPT-03051,2,11102.76,2026-03-03 17:38:24,2026-06-18 10:35:08,38.4,outbound,3
ENT-01457,CPT-03309,2,10180.86,2025-12-19 12:00:00,2026-01-15 17:51:21,38.4,outbound,1
ENT-01153,CPT-03102,3,9239.76,2025-09-18 17:53:14,2026-03-24 10:54:05,38.4,outbound,2
ENT-01088,CPT-05290,2,9132.5,2025-11-12 13:53:44,2025-12-03 15:55:39,38.4,inbound,3
ENT-01176,CPT-02500,2,8450.65,2026-04-02 12:33:42,2026-04-09 15:11:09,38.4,outbound,60
ENT-01177,CPT-05078,4,7161.4,2025-10-25 15:48:21,2026-07-02 09:23:55,38.4,inbound,49
ENT-01072,CPT-02480,3,7039.57,2025-10-10 14:17:28,2026-07-17 09:47:33,38.4,outbound,1
ENT-01468,CPT-02715,2,6756.54,2026-05-26 16:46:33,2026-07-30 11:06:52,38.4,outbound,13
ENT-01132,CPT-04184,2,6682.54,2026-02-02 14:01:29,2026-04-21 14:01:10,38.4,inbound,1
ENT-01142,CPT-04270,3,6572.65,2025-09-06 14:01:35,2026-06-30 14:10:26,38.4,inbound,1
ENT-01270,CPT-02908,2,6144.16,2025-09-15 12:26:50,2026-06-22 16:45:12,38.4,outbound,5
ENT-01477,CPT-02870,3,6054.19,2026-04-08 16:05:45,2026-07-31 10:46:05,38.4,outbound,54
ENT-01100,CPT-02695,2,5701.02,2025-10-14 11:46:41,2026-01-01 17:01:38,38.4,outbound,166
ENT-01423,CPT-04661,1,5150.32,2025-12-16 12:41:41,2025-12-16 12:41:41,38.4,inbound,26
ENT-01245,CPT-03197,4,5099.01,2025-12-30 12:59:58,2026-06-25 13:43:42,38.4,outbound,39
ENT-01083,CPT-03731,2,4689.66,2025-10-05 10:50:48,2026-06-01 13:05:18,38.4,inbound,22
ENT-01485,CPT-02671,3,4392.54,2025-08-06 11:44:21,2026-05-08 16:20:45,38.4,outbound,1
ENT-01462,CPT-02743,3,4374.94,2025-12-11 16:57:02,2025-12-30 11:18:22,38.4,outbound,8
ENT-01206,CPT-01522,4,3970.96,2025-09-13 14:36:29,2026-07-05 11:39:10,38.4,inbound,7
ENT-01492,CPT-03456,3,3611.71,2025-09-04 09:20:02,2025-10-16 15:04:21,38.4,outbound,5
ENT-01416,CPT-02839,2,3503.06,2026-07-08 11:33:47,2026-07-23 12:03:15,38.4,outbound,5
ENT-01395,CPT-02353,2,2949.9,2025-08-13 11:22:52,2026-01-30 17:04:24,38.4,inbound,1
ENT-01452,CPT-04942,1,2873.63,2025-10-24 14:41:41,2025-10-24 14:41:41,38.4,inbound,36
ENT-01189,CPT-04942,2,2652.86,2025-10-02 11:16:56,2026-07-16 13:52:39,38.4,inbound,36
ENT-01371,CPT-05871,1,2406.68,2026-02-28 17:48:16,2026-02-28 17:48:16,38.4,inbound,3
ENT-01381,CPT-02907,1,1187.79,2025-09-09 13:08:57,2025-09-09 13:08:57,38.4,outbound,4
ENT-01220,CPT-02646,1,1000.57,2025-10-28 16:20:50,2025-10-28 16:20:50,38.4,outbound,2
ENT-01349,CPT-03981,1,828.31,2026-04-02 16:09:41,2026-04-02 16:09:41,38.4,inbound,191
ENT-00980,CPT-03981,2,579.5,2026-01-25 10:39:45,2026-01-31 18:24:06,38.4,outbound,191
ENT-01426,CPT-04672,1,454.81,2026-02-02 10:44:30,2026-02-02 10:44:30,38.4,inbound,14
ENT-00821,CPT-02201,3,411.62,2025-08-16 18:58:45,2026-05-02 21:17:03,38.4,outbound,3
ENT-01342,CPT-03460,24,379663.06,2025-08-15 13:19:03,2026-07-31 12:42:47,38.3,outbound,2
ENT-01094,CPT-04294,6,86419.31,2025-11-20 10:43:58,2026-07-10 13:42:58,38.3,inbound,6
ENT-01471,CPT-02410,13,60636.83,2025-08-05 17:30:08,2026-07-09 14:17:01,38.3,outbound,9
ENT-00197,CPT-00031,24,51250.56,2025-08-15 09:07:36,2026-07-31 10:42:23,38.3,inbound,4
ENT-01374,CPT-03981,4,47962.79,2025-08-13 11:54:11,2026-04-09 10:39:36,38.3,inbound,191
ENT-01226,CPT-03729,2,44047.18,2026-05-13 10:37:19,2026-07-20 14:58:48,38.3,inbound,69
ENT-01069,CPT-01465,2,36658.1,2025-08-21 16:53:27,2026-06-19 14:11:42,38.3,inbound,3
ENT-01385,CPT-04855,3,35046.19,2025-08-01 12:01:16,2026-03-13 11:59:00,38.3,inbound,18
ENT-01289,CPT-05381,4,33401.7,2025-12-23 15:40:15,2026-06-26 09:26:19,38.3,inbound,2
ENT-01131,CPT-03672,6,31150.18,2025-11-12 11:32:41,2026-07-16 14:16:36,38.3,inbound,6
ENT-01204,CPT-04564,3,30166.69,2025-12-18 12:17:54,2026-06-29 13:48:37,38.3,inbound,5
ENT-01059,CPT-02914,5,28373.61,2025-08-12 09:35:35,2026-06-16 12:32:30,38.3,outbound,3
ENT-00120,CPT-00056,17,27936.52,2025-08-15 07:38:56,2026-07-31 10:41:32,38.3,inbound,3
ENT-01342,CPT-05727,6,26418.03,2025-08-18 13:14:18,2026-07-02 17:46:35,38.3,inbound,1
ENT-01120,CPT-04889,3,25310.65,2025-08-28 12:00:37,2025-11-13 15:39:03,38.3,inbound,1
ENT-01092,CPT-03973,4,24237.38,2025-08-05 14:06:10,2026-06-11 09:06:20,38.3,inbound,1
ENT-01222,CPT-01179,3,23130.31,2026-03-24 11:16:18,2026-07-27 15:03:20,38.3,inbound,1
ENT-01069,CPT-04688,3,21543.26,2025-09-16 13:18:31,2025-12-29 10:43:17,38.3,inbound,3
ENT-01103,CPT-03981,3,20601.98,2026-02-26 09:26:42,2026-06-10 12:19:16,38.3,inbound,191
ENT-01233,CPT-03466,8,20518.55,2025-08-19 13:54:12,2026-07-09 14:40:04,38.3,outbound,2
ENT-01119,CPT-01548,1,20137.11,2025-08-05 16:12:22,2025-08-05 16:12:22,38.3,inbound,4
ENT-01425,CPT-03128,1,19353.33,2026-01-19 16:05:43,2026-01-19 16:05:43,38.3,outbound,10
ENT-01159,CPT-04166,2,18211.42,2025-10-03 11:50:09,2025-11-26 13:03:26,38.3,inbound,1
ENT-01486,CPT-03496,7,18078.35,2025-12-04 17:40:27,2026-04-02 17:59:09,38.3,outbound,4
ENT-01478,CPT-03981,4,17628.07,2025-10-22 15:57:16,2026-06-03 16:19:07,38.3,inbound,191
ENT-01356,CPT-02493,6,14929.18,2025-10-14 11:46:52,2026-07-21 14:52:34,38.3,outbound,101
ENT-01494,CPT-02743,2,14004.02,2025-08-12 17:45:09,2026-07-02 13:40:17,38.3,outbound,8
ENT-01135,CPT-02018,2,13782.09,2025-08-29 13:31:46,2026-06-10 14:20:16,38.3,inbound,5
ENT-01062,CPT-02866,4,13132.1,2025-08-07 09:37:54,2026-05-14 11:42:36,38.3,outbound,10
ENT-01398,CPT-02493,4,13071.2,2025-08-05 15:59:29,2026-07-30 16:52:16,38.3,outbound,101
ENT-01141,CPT-04419,2,11473.62,2026-05-27 16:08:30,2026-07-17 17:31:03,38.3,inbound,11
ENT-01088,CPT-04964,6,10176.51,2025-10-20 14:46:40,2026-07-20 13:54:53,38.3,inbound,12
ENT-01114,CPT-02460,5,9743.37,2025-08-07 09:58:51,2026-06-05 09:01:53,38.3,outbound,4
ENT-01441,CPT-03568,4,9498.45,2025-09-04 16:43:57,2026-05-07 13:12:43,38.3,outbound,2
ENT-01169,CPT-04471,3,9174.37,2025-11-13 09:41:29,2026-06-15 13:25:13,38.3,inbound,1
ENT-01108,CPT-03034,4,7913.83,2025-09-04 15:02:46,2026-03-05 14:42:04,38.3,outbound,2
ENT-01189,CPT-05706,1,7185.64,2026-05-20 15:13:13,2026-05-20 15:13:13,38.3,inbound,14
ENT-01231,CPT-05664,6,7000.29,2025-09-22 16:57:20,2026-06-24 10:56:27,38.3,inbound,5
ENT-01232,CPT-02498,2,6731.29,2025-10-14 14:48:38,2025-11-12 13:08:32,38.3,outbound,45
ENT-01249,CPT-03197,3,5884.93,2025-11-14 11:35:18,2026-06-11 10:27:56,38.3,outbound,39
ENT-01179,CPT-01997,3,5677.96,2026-01-06 11:31:01,2026-06-16 10:21:05,38.3,inbound,3
ENT-01401,CPT-02405,3,5615.06,2025-12-17 17:48:00,2026-07-10 16:29:41,38.3,outbound,1
ENT-01092,CPT-03206,4,5561.28,2026-05-05 11:26:37,2026-06-04 12:59:47,38.3,outbound,38
ENT-01226,CPT-02972,3,5232.7,2025-11-27 12:54:28,2026-05-05 17:59:17,38.3,outbound,4
ENT-01189,CPT-03297,2,4780.34,2026-06-11 11:12:54,2026-07-28 15:08:47,38.3,outbound,110
ENT-01465,CPT-03735,2,3856.83,2025-10-16 12:59:11,2026-06-02 12:07:22,38.3,inbound,2
ENT-01457,CPT-03206,3,3470.56,2026-01-20 12:40:19,2026-05-27 09:36:32,38.3,outbound,38
ENT-01492,CPT-03317,2,3444.42,2025-08-19 18:04:08,2026-07-09 09:29:28,38.3,outbound,2
ENT-01375,CPT-04172,1,3053.62,2026-03-12 14:56:54,2026-03-12 14:56:54,38.3,inbound,2
ENT-01261,CPT-03757,2,2570.27,2025-11-30 14:44:40,2026-04-01 14:17:07,38.3,inbound,2
ENT-01441,CPT-02664,2,2458.21,2025-08-07 16:32:05,2025-09-30 11:38:11,38.3,outbound,6
ENT-01023,CPT-00590,13,2269.89,2025-08-02 18:22:44,2026-05-23 09:42:29,38.3,inbound;outbound,2
ENT-01389,CPT-02758,2,1734.67,2026-02-20 12:54:23,2026-04-01 09:49:54,38.3,outbound,35
ENT-00447,CPT-04093,2,1648.28,2025-09-09 21:18:06,2026-02-01 18:42:49,38.3,outbound,2
ENT-01398,CPT-02695,1,1393.09,2025-08-19 13:26:39,2025-08-19 13:26:39,38.3,outbound,166
ENT-00882,CPT-01112,3,685.1,2025-08-06 10:04:25,2026-07-12 12:29:01,38.3,outbound,49
ENT-01449,CPT-05115,1,665.61,2025-10-31 16:54:32,2025-10-31 16:54:32,38.3,inbound,1
ENT-00687,CPT-01756,1,383.24,2025-11-23 11:19:38,2025-11-23 11:19:38,38.3,outbound,1
ENT-00227,CPT-02316,1,14.68,2025-10-25 12:45:04,2025-10-25 12:45:04,38.3,outbound,1
ENT-01452,CPT-04272,4,76255.43,2025-08-26 11:30:32,2026-07-16 14:14:46,38.2,inbound,3
ENT-01434,CPT-01124,4,70537.61,2025-10-14 09:13:52,2026-04-02 12:18:44,38.2,inbound,4
ENT-01059,CPT-05292,2,61402.06,2026-01-08 13:35:23,2026-04-21 10:55:08,38.2,inbound,3
ENT-01060,CPT-03088,6,58500.14,2025-08-07 17:01:35,2026-04-02 12:10:46,38.2,outbound,4
ENT-01346,CPT-02832,6,54047.9,2025-10-07 09:35:21,2026-04-16 14:54:41,38.2,outbound,6
ENT-01057,CPT-04043,2,53474.48,2025-09-08 12:13:12,2025-11-24 17:54:48,38.2,inbound,2
ENT-01200,CPT-03794,3,51641.21,2025-08-19 11:05:45,2026-07-06 11:17:22,38.2,inbound,2
ENT-01119,CPT-04532,2,49445.18,2025-09-26 10:51:06,2026-04-16 13:12:36,38.2,inbound,5
ENT-01423,CPT-05450,2,46425.13,2025-12-15 14:42:03,2026-01-21 15:57:48,38.2,inbound,29
ENT-01356,CPT-03300,10,45539.24,2025-10-14 11:07:49,2026-07-21 14:34:21,38.2,outbound,2
ENT-01108,CPT-00919,4,34469.74,2025-09-25 17:10:07,2026-04-27 10:27:21,38.2,inbound,5
ENT-01277,CPT-05355,3,27251.56,2025-09-30 15:51:33,2025-12-26 11:03:17,38.2,inbound,9
ENT-01069,CPT-02821,9,26224.33,2025-09-25 14:26:42,2026-06-11 17:27:46,38.2,outbound,28
ENT-01226,CPT-03911,2,26201.69,2025-08-06 13:35:31,2026-02-03 12:37:02,38.2,inbound,1
ENT-01191,CPT-05300,3,25066.0,2025-08-04 14:46:07,2025-09-12 12:31:51,38.2,inbound,1
ENT-01155,CPT-05346,4,23262.43,2025-12-09 15:54:13,2026-07-20 11:50:54,38.2,inbound,1
ENT-01464,CPT-03131,3,22889.06,2025-10-15 14:38:02,2026-07-30 10:30:44,38.2,outbound,1
ENT-01377,CPT-02312,3,21836.82,2025-12-09 15:39:53,2026-06-10 15:37:01,38.2,inbound,10
ENT-01370,CPT-03297,1,18569.29,2026-07-31 14:37:21,2026-07-31 14:37:21,38.2,outbound,110
ENT-01399,CPT-03297,5,16628.35,2025-11-14 17:05:27,2026-04-08 14:19:48,38.2,outbound,110
ENT-01132,CPT-04516,2,16607.23,2026-07-08 13:47:53,2026-07-14 11:23:22,38.2,inbound,2
ENT-01177,CPT-05292,11,16056.0,2025-08-10 17:07:18,2026-07-29 11:07:33,38.2,inbound,3
ENT-01323,CPT-04693,10,15546.84,2025-08-26 17:35:32,2026-07-04 12:22:10,38.2,inbound,2
ENT-01239,CPT-04150,9,14257.42,2025-09-10 11:39:18,2026-04-06 15:30:27,38.2,inbound,1
ENT-01079,CPT-03981,3,13824.24,2025-10-28 09:30:59,2026-05-18 15:42:44,38.2,inbound,191
ENT-01051,CPT-04855,2,13531.27,2025-09-09 12:30:04,2026-06-02 11:21:31,38.2,inbound,18
ENT-01418,CPT-03037,4,13103.87,2025-11-07 11:22:29,2026-06-16 11:06:12,38.2,outbound,10
ENT-01200,CPT-02786,3,12416.09,2026-04-23 10:38:31,2026-05-21 18:39:46,38.2,outbound,2
ENT-01467,CPT-03296,4,11020.82,2025-08-07 09:33:09,2026-05-07 12:57:47,38.2,outbound,2
ENT-01225,CPT-02914,4,10962.58,2025-12-02 15:08:44,2026-07-02 13:29:46,38.2,outbound,3
ENT-01384,CPT-02493,4,10769.8,2025-08-28 11:44:43,2026-06-15 14:00:35,38.2,outbound,101
ENT-00642,CPT-01742,9,10264.65,2025-11-20 11:00:39,2026-07-29 12:41:56,38.2,inbound;outbound,27
ENT-01453,CPT-03297,3,10091.98,2026-05-05 18:35:35,2026-07-23 15:47:06,38.2,outbound,110
ENT-01454,CPT-04201,3,9912.29,2026-01-21 14:58:19,2026-02-17 13:38:31,38.2,inbound,4
ENT-01259,CPT-03114,6,9689.82,2025-08-26 17:47:22,2026-03-12 15:38:43,38.2,outbound,11
ENT-01415,CPT-03981,2,7657.39,2025-10-07 14:58:55,2026-07-08 14:59:47,38.2,inbound,191
ENT-01220,CPT-03197,6,7166.41,2025-10-28 16:20:30,2026-06-25 15:56:21,38.2,outbound,39
ENT-01053,CPT-03248,3,6652.89,2025-08-08 13:04:39,2026-07-15 14:27:42,38.2,outbound,12
ENT-01421,CPT-03187,5,6328.3,2025-10-28 16:59:29,2026-07-15 10:42:51,38.2,outbound,1
ENT-01245,CPT-03981,1,6109.94,2025-11-07 11:34:03,2025-11-07 11:34:03,38.2,inbound,191
ENT-01150,CPT-05862,2,5954.0,2025-08-03 17:59:51,2026-07-29 15:24:05,38.2,inbound,1
ENT-01418,CPT-03392,2,5559.19,2025-08-26 12:22:23,2026-06-15 16:11:04,38.2,outbound,3
ENT-01477,CPT-02500,4,5429.24,2025-10-15 12:26:00,2025-12-26 10:22:01,38.2,outbound,60
ENT-01059,CPT-03297,3,5300.63,2025-08-12 09:42:57,2026-03-31 16:47:16,38.2,outbound,110
ENT-01331,CPT-03574,2,4799.0,2025-10-22 17:19:54,2025-12-25 13:58:50,38.2,outbound,5
ENT-01500,CPT-04324,2,4333.26,2025-08-09 12:59:59,2025-08-13 17:32:30,38.2,inbound,71
ENT-01456,CPT-04791,2,3102.81,2025-08-10 17:23:59,2026-04-15 13:20:09,38.2,inbound,8
ENT-01178,CPT-03376,1,2790.32,2025-12-30 15:48:33,2025-12-30 15:48:33,38.2,outbound,16
ENT-01282,CPT-02224,2,2091.63,2025-10-31 16:41:19,2025-11-03 15:01:09,38.2,inbound,1
ENT-00577,CPT-02227,13,2034.46,2025-08-10 12:25:05,2026-07-26 11:44:30,38.2,inbound;outbound,12
ENT-01059,CPT-03324,2,2017.38,2026-03-31 16:27:59,2026-03-31 17:01:14,38.2,outbound,6
ENT-01373,CPT-03521,2,1848.65,2025-08-13 17:40:21,2025-08-26 14:51:28,38.2,outbound,7
ENT-01199,CPT-03981,2,1658.28,2025-12-25 13:39:15,2026-04-15 09:15:31,38.2,inbound,191
ENT-01101,CPT-03330,2,1395.57,2026-03-26 10:52:45,2026-07-22 14:32:31,38.2,outbound,67
ENT-00149,CPT-01523,2,927.06,2025-09-12 08:15:35,2025-11-19 18:49:20,38.2,outbound,1
ENT-01500,CPT-02059,1,816.44,2026-07-01 15:39:22,2026-07-01 15:39:22,38.2,inbound,6
ENT-01232,CPT-02674,12,174972.91,2025-08-29 17:16:05,2026-07-31 15:12:21,38.1,outbound,10
ENT-01245,CPT-03026,15,72532.95,2025-08-21 16:40:43,2026-06-25 14:06:16,38.1,outbound,4
ENT-01055,CPT-01810,4,60205.24,2025-10-08 17:08:56,2026-07-02 10:59:15,38.1,inbound,2
ENT-01379,CPT-01223,5,50090.13,2025-11-03 13:16:58,2026-05-19 12:03:54,38.1,inbound,5
ENT-01313,CPT-02426,5,41478.04,2025-09-24 15:40:40,2026-05-28 12:11:50,38.1,outbound,1
ENT-01372,CPT-00743,4,38498.36,2025-08-01 10:01:03,2026-05-13 15:32:24,38.1,inbound,1
ENT-01146,CPT-02493,9,26903.77,2025-11-25 14:57:29,2026-07-30 18:48:31,38.1,outbound,101
ENT-01352,CPT-04162,3,23101.35,2025-09-09 09:26:13,2025-12-29 13:34:04,38.1,inbound,4
ENT-01194,CPT-05350,3,21303.31,2026-03-11 09:18:43,2026-06-25 16:55:13,38.1,inbound,1
ENT-01465,CPT-05072,3,20914.41,2026-03-17 17:39:36,2026-07-21 17:16:43,38.1,inbound,31
ENT-01239,CPT-02157,9,20649.47,2025-10-21 16:35:38,2026-04-19 17:41:30,38.1,inbound,1
ENT-01399,CPT-02436,6,20171.3,2025-08-07 10:48:53,2026-06-15 11:35:15,38.1,outbound,4
ENT-01441,CPT-02466,3,19813.62,2025-09-04 16:31:29,2026-05-07 13:21:15,38.1,outbound,1
ENT-01260,CPT-02498,6,19220.61,2025-08-21 11:11:56,2026-07-23 15:29:32,38.1,outbound,45
ENT-01316,CPT-02472,8,16389.53,2025-09-16 17:22:10,2026-06-23 11:39:15,38.1,outbound,3
ENT-01454,CPT-04033,4,16000.91,2025-08-13 14:34:25,2026-05-26 15:06:57,38.1,inbound,6
ENT-01423,CPT-04988,2,15646.53,2026-02-02 11:35:03,2026-07-16 10:51:43,38.1,inbound,1
ENT-01346,CPT-03864,1,15075.47,2026-01-22 09:27:24,2026-01-22 09:27:24,38.1,inbound,1
ENT-01200,CPT-00638,2,14859.96,2026-02-09 11:13:25,2026-07-09 14:21:44,38.1,inbound,1
ENT-01407,CPT-02695,6,11905.83,2025-08-19 13:01:42,2026-02-12 10:18:56,38.1,outbound,166
ENT-00585,CPT-00754,7,11713.42,2025-09-04 14:03:15,2026-07-07 14:06:12,38.1,inbound;outbound,2
ENT-01176,CPT-02202,2,10474.54,2025-12-19 16:12:52,2026-03-19 16:23:31,38.1,inbound,9
ENT-01246,CPT-02470,2,8746.13,2025-08-06 09:51:28,2026-07-09 13:27:58,38.1,outbound,6
ENT-01381,CPT-02871,3,8519.2,2025-10-22 16:19:27,2026-07-29 11:18:02,38.1,outbound,1
ENT-01131,CPT-03297,6,5885.91,2025-09-04 11:59:07,2026-07-21 15:07:33,38.1,outbound,110
ENT-01423,CPT-04299,2,5151.79,2026-05-04 12:52:12,2026-07-01 14:21:04,38.1,inbound,44
ENT-01425,CPT-01096,3,4534.94,2025-08-05 13:53:13,2026-02-28 14:05:34,38.1,inbound,17
ENT-01367,CPT-03290,4,4412.13,2025-11-25 16:49:26,2026-03-26 16:32:56,38.1,outbound,2
ENT-01201,CPT-02660,2,4064.42,2025-12-11 13:59:12,2026-01-06 16:11:57,38.1,outbound,5
ENT-01450,CPT-02418,2,4019.53,2025-12-16 10:19:07,2026-07-29 13:45:30,38.1,outbound,28
ENT-01485,CPT-02695,2,3488.9,2026-01-16 17:40:13,2026-07-01 10:02:26,38.1,outbound,166
ENT-01427,CPT-05405,2,2956.18,2025-08-23 17:42:57,2026-04-05 10:26:24,38.1,inbound,6
ENT-01262,CPT-03981,1,2199.78,2025-08-03 13:15:39,2025-08-03 13:15:39,38.1,inbound,191
ENT-01120,CPT-05017,1,2199.48,2026-03-17 14:33:23,2026-03-17 14:33:23,38.1,inbound,64
ENT-01229,CPT-03198,1,2155.92,2025-09-02 11:38:35,2025-09-02 11:38:35,38.1,outbound,2
ENT-00577,CPT-01817,7,1017.34,2025-08-09 19:51:09,2026-07-03 10:18:48,38.1,inbound,1
ENT-01197,CPT-05908,2,886.54,2025-08-09 17:02:12,2026-03-11 17:20:06,38.1,inbound,1
ENT-00454,CPT-05766,3,649.48,2025-08-03 09:17:33,2026-07-26 13:36:39,38.1,outbound,6
ENT-01182,CPT-03023,1,644.99,2025-09-25 17:36:03,2025-09-25 17:36:03,38.1,outbound,4
ENT-00689,CPT-01534,4,500.75,2025-09-07 14:10:39,2026-05-27 18:14:47,38.1,inbound,3
ENT-00418,CPT-02239,1,368.64,2026-06-28 20:39:01,2026-06-28 20:39:01,38.1,outbound,4
ENT-00125,CPT-05072,2,329.16,2025-09-03 16:50:26,2025-11-10 21:20:40,38.1,outbound,31
ENT-00625,CPT-01591,1,190.26,2026-06-22 10:39:24,2026-06-22 10:39:24,38.1,outbound,1
ENT-00797,CPT-04269,2,161.75,2026-05-07 21:49:03,2026-06-30 17:04:18,38.1,outbound,2
ENT-00718,CPT-00826,1,146.42,2025-08-10 19:21:22,2025-08-10 19:21:22,38.1,outbound,4
ENT-01425,CPT-02937,12,154413.19,2025-08-29 12:56:26,2026-07-31 17:32:56,38.0,outbound,12
ENT-01414,CPT-04214,5,83987.84,2025-09-26 16:56:13,2026-05-11 12:26:12,38.0,inbound,7
ENT-01062,CPT-05414,5,65821.73,2025-12-22 09:36:12,2026-06-25 15:05:56,38.0,inbound,22
ENT-01133,CPT-00770,1,59492.78,2026-04-15 12:24:54,2026-04-15 12:24:54,38.0,inbound,5
ENT-01069,CPT-05504,5,55379.16,2025-08-14 14:35:19,2026-07-09 14:57:27,38.0,inbound,2
ENT-01352,CPT-04891,2,48938.09,2025-09-16 17:52:13,2026-05-20 15:11:13,38.0,inbound,11
ENT-01220,CPT-04042,4,48653.45,2025-10-15 14:20:19,2026-04-16 16:20:28,38.0,inbound,3
ENT-01408,CPT-05731,4,39684.71,2025-11-26 13:47:23,2026-01-20 15:03:29,38.0,inbound,1
ENT-01436,CPT-01927,7,30763.09,2025-12-30 10:38:57,2026-07-31 11:39:45,38.0,inbound,18
ENT-01151,CPT-04151,2,27414.92,2025-09-12 11:46:04,2025-09-25 13:23:23,38.0,inbound,2
ENT-00868,CPT-00497,12,27300.0,2025-08-02 09:12:18,2026-07-01 20:36:23,38.0,outbound,1
ENT-01276,CPT-02784,7,23602.61,2025-08-29 09:47:45,2026-06-23 14:15:15,38.0,outbound,40
ENT-01332,CPT-03961,4,23449.59,2025-08-01 11:22:14,2026-04-02 13:12:23,38.0,inbound,5
ENT-01108,CPT-03296,4,23043.08,2025-09-04 14:58:32,2026-05-14 10:54:48,38.0,outbound,2
ENT-01051,CPT-03797,2,22713.7,2025-08-06 09:49:27,2026-01-02 16:05:37,38.0,inbound,3
ENT-01206,CPT-01096,6,16981.5,2025-11-04 10:19:56,2026-07-31 10:15:24,38.0,inbound,17
ENT-01353,CPT-03869,2,16125.57,2025-09-24 12:04:47,2025-10-08 16:26:05,38.0,inbound,2
ENT-01453,CPT-05725,2,16087.29,2025-10-28 09:16:59,2025-11-19 10:55:43,38.0,inbound,1
ENT-01142,CPT-03981,5,14850.83,2025-08-25 13:15:36,2026-04-21 12:33:16,38.0,inbound,191
ENT-01494,CPT-04892,1,13502.59,2025-11-24 16:33:03,2025-11-24 16:33:03,38.0,inbound,1
ENT-01352,CPT-02492,10,11282.15,2025-12-04 16:41:48,2026-07-21 18:15:14,38.0,outbound,1
ENT-01411,CPT-00652,8,10531.9,2025-09-22 13:24:08,2026-06-08 11:38:21,38.0,inbound,2
ENT-01494,CPT-03008,4,9603.02,2025-08-14 12:36:54,2026-07-02 13:56:53,38.0,outbound,6
ENT-01132,CPT-02728,4,9201.91,2026-04-28 13:03:51,2026-07-02 17:44:00,38.0,outbound,3
ENT-01245,CPT-02112,3,9014.84,2025-11-27 10:13:59,2026-06-30 17:18:34,38.0,inbound,1
ENT-01472,CPT-01069,1,8958.34,2026-04-30 17:28:53,2026-04-30 17:28:53,38.0,inbound,2
ENT-01184,CPT-05488,1,8083.28,2026-06-08 15:53:33,2026-06-08 15:53:33,38.0,inbound,1
ENT-01265,CPT-05480,2,7971.33,2025-12-24 10:45:15,2026-05-07 16:29:25,38.0,inbound,1
ENT-01067,CPT-03364,3,7651.49,2026-01-08 15:55:28,2026-06-18 16:27:28,38.0,outbound,2
ENT-01282,CPT-05693,4,6723.1,2025-09-10 10:51:15,2026-05-09 09:06:13,38.0,inbound,1
ENT-01402,CPT-04316,1,6267.41,2025-10-07 16:30:05,2025-10-07 16:30:05,38.0,inbound,3
ENT-01132,CPT-02647,3,6019.24,2025-08-14 12:37:45,2026-03-10 12:16:09,38.0,outbound,3
ENT-01487,CPT-02950,4,4350.43,2025-11-25 10:52:38,2026-07-16 14:21:39,38.0,outbound,1
ENT-01217,CPT-04237,2,4068.15,2025-08-03 09:01:21,2025-11-28 09:52:49,38.0,inbound,2
ENT-01148,CPT-03017,2,3726.77,2025-08-07 09:27:57,2025-08-07 09:58:01,38.0,outbound,4
ENT-01137,CPT-03949,1,3494.9,2026-07-20 10:48:38,2026-07-20 10:48:38,38.0,inbound,11
ENT-01242,CPT-03297,1,3468.21,2026-05-21 16:31:45,2026-05-21 16:31:45,38.0,outbound,110
ENT-01457,CPT-03330,3,3437.79,2025-08-04 13:22:52,2026-05-05 15:09:37,38.0,outbound,67
ENT-01171,CPT-03981,1,3198.8,2026-06-05 16:57:42,2026-06-05 16:57:42,38.0,inbound,191
ENT-01246,CPT-02756,3,3162.22,2025-08-08 12:32:22,2025-10-07 11:30:43,38.0,outbound,17
ENT-01423,CPT-02530,2,2397.11,2025-12-09 17:43:56,2026-02-24 09:21:06,38.0,outbound,3
ENT-01194,CPT-02695,2,2111.07,2025-09-16 13:50:30,2026-01-22 11:58:23,38.0,outbound,166
ENT-01237,CPT-02695,2,1520.89,2025-08-14 17:39:02,2026-07-14 17:19:49,38.0,outbound,166
ENT-01450,CPT-02827,2,1454.98,2026-01-15 17:47:35,2026-06-15 12:53:28,38.0,outbound,1
ENT-01185,CPT-02965,1,1452.96,2026-01-22 12:48:01,2026-01-22 12:48:01,38.0,outbound,4
ENT-00852,CPT-02064,6,934.96,2025-08-05 16:31:37,2026-04-06 18:03:46,38.0,inbound;outbound,6
ENT-00471,CPT-01235,8,893.74,2025-08-03 19:55:44,2026-06-15 20:37:11,38.0,inbound;outbound,1
ENT-00688,CPT-05059,3,522.81,2025-08-10 15:48:10,2026-07-16 15:21:49,38.0,outbound,5
ENT-00585,CPT-03981,1,312.48,2026-06-08 18:19:11,2026-06-08 18:19:11,38.0,outbound,191
ENT-00081,CPT-03867,1,281.78,2026-06-26 13:04:34,2026-06-26 13:04:34,38.0,outbound,5
ENT-01140,CPT-02431,24,283420.74,2025-08-15 11:37:14,2026-07-31 15:22:28,37.9,outbound,30
ENT-01105,CPT-03511,24,279323.12,2025-08-15 12:56:11,2026-07-31 10:08:42,37.9,outbound,3
ENT-01155,CPT-02839,24,258689.75,2025-08-15 15:22:30,2026-07-31 11:46:48,37.9,outbound,5
ENT-01411,CPT-03242,12,145944.23,2025-08-29 12:59:36,2026-07-31 12:19:57,37.9,outbound,34
ENT-01135,CPT-02692,11,59975.88,2025-08-12 09:57:42,2026-06-30 11:04:49,37.9,outbound,19
ENT-01055,CPT-04337,2,53127.38,2026-04-28 17:13:44,2026-06-24 16:53:08,37.9,inbound,10
ENT-01386,CPT-05225,2,45940.91,2026-01-27 11:04:29,2026-03-09 16:08:45,37.9,inbound,1
ENT-01320,CPT-03372,6,39363.67,2025-09-23 14:26:25,2026-06-11 17:40:19,37.9,outbound,1
ENT-01468,CPT-05072,3,35790.98,2026-01-26 12:47:25,2026-04-14 17:39:06,37.9,inbound,31
ENT-01319,CPT-01170,1,35123.81,2026-07-02 12:02:30,2026-07-02 12:02:30,37.9,inbound,1
ENT-01229,CPT-05789,5,32777.97,2025-08-26 13:16:30,2026-05-29 11:54:39,37.9,inbound,5
ENT-00104,CPT-00031,24,30283.31,2025-08-15 08:38:15,2026-07-31 08:32:04,37.9,inbound,4
ENT-01212,CPT-05078,6,27554.15,2025-08-02 13:16:33,2026-04-22 17:40:12,37.9,inbound,49
ENT-01175,CPT-01112,7,24762.99,2025-11-18 14:05:51,2026-06-01 14:32:11,37.9,inbound,49
ENT-01055,CPT-05039,4,24689.74,2025-10-10 13:04:11,2026-06-01 09:47:35,37.9,inbound,17
ENT-01204,CPT-01838,3,19295.14,2026-05-05 12:29:06,2026-06-26 16:07:47,37.9,inbound,24
ENT-01141,CPT-01918,5,17993.19,2025-09-29 17:38:24,2026-05-13 09:24:43,37.9,inbound,1
ENT-01411,CPT-05307,6,15946.64,2025-08-03 10:43:08,2026-07-20 10:33:47,37.9,inbound,1
ENT-01384,CPT-02791,1,15500.0,2026-06-18 09:16:43,2026-06-18 09:16:43,37.9,outbound,2
ENT-01411,CPT-05824,4,15457.32,2026-03-05 11:23:29,2026-07-27 15:23:13,37.9,inbound,13
ENT-01059,CPT-02821,6,15436.59,2025-08-12 09:36:08,2026-03-31 16:51:48,37.9,outbound,28
ENT-00303,CPT-00537,12,13800.0,2025-08-02 15:22:02,2026-07-02 19:54:24,37.9,outbound,1
ENT-01407,CPT-03639,1,13294.65,2026-02-13 12:09:35,2026-02-13 12:09:35,37.9,inbound,1
ENT-01276,CPT-03330,5,12547.24,2026-03-12 10:05:09,2026-07-31 15:17:16,37.9,outbound,67
ENT-01220,CPT-03729,4,11538.16,2025-08-18 15:45:00,2026-06-09 13:18:52,37.9,inbound,69
ENT-01292,CPT-03521,4,11340.3,2025-08-07 17:57:36,2026-05-20 13:01:06,37.9,outbound,7
ENT-01101,CPT-03405,4,10933.15,2025-08-29 16:14:11,2026-04-17 09:55:00,37.9,outbound,1
ENT-01131,CPT-02685,7,10741.18,2025-09-04 12:06:49,2026-07-21 15:21:06,37.9,outbound,3
ENT-01164,CPT-00798,6,10568.46,2025-09-01 16:49:03,2026-06-11 10:43:43,37.9,inbound,2
ENT-01120,CPT-02599,6,10006.87,2025-08-14 13:03:15,2026-06-16 17:45:19,37.9,outbound,3
ENT-01494,CPT-02695,5,8691.4,2025-09-18 11:35:58,2025-12-04 17:33:46,37.9,outbound,166
ENT-01212,CPT-01112,5,8474.9,2025-09-15 14:10:42,2026-06-30 09:26:49,37.9,inbound,49
ENT-01277,CPT-05085,1,7688.92,2025-12-25 10:42:03,2025-12-25 10:42:03,37.9,inbound,3
ENT-01399,CPT-02758,4,7006.97,2026-04-08 12:23:01,2026-07-14 17:41:24,37.9,outbound,35
ENT-01196,CPT-03274,4,6888.83,2025-11-06 17:32:05,2026-07-30 16:01:46,37.9,outbound,6
ENT-01287,CPT-02451,3,6830.84,2026-05-26 12:33:46,2026-06-25 11:54:26,37.9,outbound,4
ENT-01261,CPT-04324,3,6737.85,2025-08-23 15:22:06,2026-04-05 14:48:34,37.9,inbound,71
ENT-01427,CPT-05107,4,6674.19,2025-08-25 10:23:52,2026-06-10 16:38:07,37.9,inbound,15
ENT-01446,CPT-03584,2,6063.84,2026-01-02 12:49:12,2026-06-16 16:37:37,37.9,outbound,8
ENT-01477,CPT-02977,4,4752.42,2025-08-12 17:09:07,2026-03-10 11:21:03,37.9,outbound,2
ENT-01165,CPT-01788,3,3711.73,2025-08-22 15:34:30,2026-07-16 13:36:52,37.9,inbound,4
ENT-01297,CPT-03889,2,3688.21,2026-06-18 15:16:37,2026-07-02 09:10:29,37.9,inbound,3
ENT-01250,CPT-02695,1,3612.69,2025-08-06 13:30:54,2025-08-06 13:30:54,37.9,outbound,166
ENT-01446,CPT-02740,2,3501.98,2026-01-30 09:59:24,2026-02-09 16:37:11,37.9,outbound,5
ENT-01220,CPT-03478,3,2904.35,2025-10-23 12:47:14,2026-05-12 17:57:39,37.9,outbound,1
ENT-01090,CPT-02493,3,2404.47,2025-08-06 09:23:39,2026-05-07 10:00:20,37.9,outbound,101
ENT-01173,CPT-03373,1,2199.7,2025-08-20 11:55:50,2025-08-20 11:55:50,37.9,outbound,2
ENT-01428,CPT-02498,2,2166.76,2026-05-18 10:24:54,2026-06-10 14:15:19,37.9,outbound,45
ENT-01176,CPT-03333,3,1897.56,2025-12-02 15:07:20,2026-04-02 11:37:12,37.9,outbound,2
ENT-01059,CPT-02493,2,1827.63,2025-09-09 10:39:26,2026-04-21 16:23:22,37.9,outbound,101
ENT-01108,CPT-03114,2,1450.65,2025-09-30 17:11:34,2026-06-02 10:07:21,37.9,outbound,11
ENT-01462,CPT-02679,2,1149.11,2025-12-11 16:37:12,2026-06-23 17:54:14,37.9,outbound,2
ENT-01232,CPT-05957,1,625.4,2025-12-27 11:20:43,2025-12-27 11:20:43,37.9,inbound,1
ENT-01304,CPT-02566,1,566.72,2025-12-10 11:10:39,2025-12-10 11:10:39,37.9,outbound,2
ENT-01105,CPT-03379,1,361.89,2026-06-30 17:32:36,2026-06-30 17:32:36,37.9,outbound,7
ENT-00079,CPT-03981,2,311.53,2025-10-02 19:11:43,2026-03-25 13:05:27,37.9,outbound,191
ENT-01371,CPT-02758,12,181425.5,2025-08-29 10:06:06,2026-07-31 16:06:49,37.8,outbound,35
ENT-01153,CPT-02390,12,158381.31,2025-08-29 14:47:32,2026-07-31 10:06:35,37.8,outbound,2
ENT-01465,CPT-05355,3,56150.03,2025-10-24 17:22:25,2025-12-10 12:39:17,37.8,inbound,9
ENT-01176,CPT-04613,1,55958.61,2026-01-06 14:50:26,2026-01-06 14:50:26,37.8,inbound,3
ENT-01108,CPT-04924,6,51759.79,2025-11-25 10:04:23,2026-06-22 15:50:34,37.8,inbound,2
ENT-01449,CPT-05017,6,46245.83,2025-08-22 11:10:23,2026-07-02 16:02:20,37.8,inbound,64
ENT-01226,CPT-03981,3,38176.2,2025-08-18 14:49:41,2026-04-01 09:28:36,37.8,inbound,191
ENT-01140,CPT-05040,4,36850.94,2025-08-21 17:46:19,2026-06-11 09:30:14,37.8,inbound,8
ENT-01385,CPT-04476,4,35008.25,2025-11-14 17:25:27,2026-06-16 15:09:57,37.8,inbound,1
ENT-01188,CPT-04004,2,33413.2,2025-09-09 14:58:39,2025-12-29 14:46:25,37.8,inbound,7
ENT-01358,CPT-00799,2,30246.56,2025-08-15 16:01:15,2026-04-06 14:56:51,37.8,inbound,1
ENT-01115,CPT-00595,11,29495.42,2025-08-02 16:53:36,2026-06-16 10:57:46,37.8,inbound,5
ENT-01184,CPT-01846,3,24404.11,2025-12-31 09:56:48,2026-05-12 17:54:50,37.8,inbound,3
ENT-01176,CPT-01457,1,23608.78,2026-01-28 10:43:25,2026-01-28 10:43:25,37.8,inbound,1
ENT-01275,CPT-02695,4,23268.56,2025-09-16 11:04:33,2026-07-22 14:41:46,37.8,outbound,166
ENT-01225,CPT-02878,4,21974.84,2026-02-24 12:53:20,2026-07-02 13:40:25,37.8,outbound,5
ENT-01194,CPT-05007,4,20803.79,2025-08-05 09:29:38,2026-03-27 15:31:45,37.8,inbound,9
ENT-01311,CPT-01727,3,19844.68,2025-10-02 11:44:26,2026-07-17 09:28:43,37.8,inbound,12
ENT-00049,CPT-00514,12,17400.0,2025-08-02 18:46:34,2026-07-01 09:20:22,37.8,outbound,1
ENT-01216,CPT-03306,4,17320.29,2025-09-24 15:53:09,2026-04-07 13:02:33,37.8,outbound,2
ENT-01353,CPT-02431,4,17114.69,2025-08-14 11:37:54,2026-02-26 09:15:36,37.8,outbound,30
ENT-00589,CPT-00496,12,16800.0,2025-08-02 15:22:44,2026-07-01 13:42:12,37.8,outbound,2
ENT-01415,CPT-02630,9,16233.68,2025-09-30 11:38:31,2026-06-18 17:45:13,37.8,outbound,5
ENT-01259,CPT-04686,2,15050.57,2025-11-24 17:59:37,2026-04-02 12:06:19,37.8,inbound,4
ENT-01297,CPT-02286,3,14979.39,2025-09-17 09:27:29,2025-10-31 14:32:43,37.8,inbound,17
ENT-01083,CPT-03989,4,14662.26,2025-09-28 11:03:32,2026-01-10 10:26:06,37.8,inbound,14
ENT-01188,CPT-03980,2,13131.02,2025-11-24 16:05:17,2025-12-09 10:10:29,37.8,inbound,32
ENT-01128,CPT-03510,6,12934.69,2025-09-01 09:08:29,2026-05-11 14:09:09,37.8,outbound,1
ENT-01165,CPT-03981,5,11527.87,2025-09-03 12:48:19,2026-06-24 16:55:04,37.8,inbound,191
ENT-01239,CPT-05414,5,10926.59,2025-09-22 15:09:33,2026-04-02 12:42:09,37.8,inbound,22
ENT-00424,CPT-01445,2,10805.83,2026-05-13 17:00:31,2026-07-02 10:26:31,37.8,inbound,4
ENT-01304,CPT-03139,5,10595.16,2025-09-19 14:15:37,2026-07-06 12:50:47,37.8,outbound,21
ENT-01233,CPT-02248,2,10019.67,2025-09-15 13:22:40,2026-02-11 13:59:05,37.8,inbound,7
ENT-00248,CPT-00243,6,9150.0,2025-08-02 18:10:57,2026-07-02 14:11:44,37.8,outbound,1
ENT-01457,CPT-02870,5,9131.78,2025-08-29 16:10:26,2026-07-09 15:32:59,37.8,outbound,54
ENT-01142,CPT-01377,4,8711.12,2025-11-01 10:41:36,2026-06-25 09:07:42,37.8,inbound,2
ENT-01323,CPT-03068,2,8348.55,2025-10-02 11:51:14,2025-11-03 14:47:17,37.8,outbound,22
ENT-01097,CPT-02907,1,8332.35,2025-10-21 09:41:38,2025-10-21 09:41:38,37.8,outbound,4
ENT-01301,CPT-03027,3,6787.18,2025-08-08 14:52:41,2026-07-14 16:58:47,37.8,outbound,2
ENT-01204,CPT-02858,4,6771.72,2025-10-02 15:20:15,2026-05-14 14:08:12,37.8,outbound,6
ENT-01010,CPT-01847,4,6343.12,2025-09-12 09:45:41,2026-06-24 18:21:51,37.8,inbound;outbound,1
ENT-01407,CPT-03953,1,6189.48,2026-05-21 11:55:57,2026-05-21 11:55:57,37.8,inbound,1
ENT-00585,CPT-01018,5,5964.6,2025-08-16 19:38:37,2026-02-10 10:31:01,37.8,inbound;outbound,1
ENT-01165,CPT-00709,5,5086.08,2025-08-19 14:17:47,2026-01-13 11:33:08,37.8,inbound,1
ENT-01358,CPT-02866,1,4924.59,2025-12-30 10:02:04,2025-12-30 10:02:04,37.8,outbound,10
ENT-01090,CPT-02956,3,4557.34,2025-11-12 09:00:05,2025-11-26 10:15:47,37.8,outbound,1
ENT-01142,CPT-04497,4,4428.11,2025-08-17 12:24:25,2026-04-20 12:15:33,37.8,inbound,1
ENT-01462,CPT-03981,2,4401.35,2026-01-29 11:02:47,2026-06-17 10:39:22,37.8,inbound,191
ENT-01430,CPT-02981,3,4173.46,2026-05-12 17:50:55,2026-07-03 09:31:18,37.8,outbound,2
ENT-01472,CPT-03114,3,4045.62,2025-08-12 14:31:19,2026-04-30 10:27:14,37.8,outbound,11
ENT-01252,CPT-01517,1,3925.74,2025-09-24 09:19:22,2025-09-24 09:19:22,37.8,inbound,1
ENT-01271,CPT-02493,2,3862.34,2025-10-30 15:30:46,2025-11-13 11:05:20,37.8,outbound,101
ENT-01260,CPT-02929,4,3654.98,2026-05-19 11:06:32,2026-07-30 14:53:48,37.8,outbound,15
ENT-01140,CPT-02870,3,3642.64,2025-08-19 17:51:41,2025-12-11 13:14:50,37.8,outbound,54
ENT-01407,CPT-03034,2,3381.8,2025-10-09 09:33:44,2026-03-12 15:30:21,37.8,outbound,2
ENT-01483,CPT-02493,2,3281.09,2026-02-24 13:52:14,2026-05-19 10:07:41,37.8,outbound,101
ENT-01326,CPT-03013,2,2526.0,2025-09-02 17:11:21,2026-03-25 15:49:17,37.8,outbound,4
ENT-01485,CPT-03148,3,1770.02,2026-03-16 09:18:34,2026-07-03 11:09:11,37.8,outbound,2
ENT-01141,CPT-05107,1,1263.43,2025-12-11 14:16:20,2025-12-11 14:16:20,37.8,inbound,15
ENT-01468,CPT-03049,1,1037.07,2025-08-05 17:12:22,2025-08-05 17:12:22,37.8,outbound,5
ENT-00282,CPT-03842,1,757.3,2025-08-16 10:59:47,2025-08-16 10:59:47,37.8,outbound,3
ENT-01290,CPT-03359,1,593.94,2026-07-10 11:21:29,2026-07-10 11:21:29,37.8,outbound,9
ENT-00678,CPT-03981,1,155.55,2026-01-13 12:54:42,2026-01-13 12:54:42,37.8,outbound,191
ENT-01242,CPT-04751,4,55557.66,2025-09-11 12:11:15,2026-06-05 12:22:36,37.7,inbound,5
ENT-01126,CPT-05554,2,49323.59,2026-03-25 11:50:38,2026-05-26 11:14:53,37.7,inbound,4
ENT-01305,CPT-03008,3,44158.41,2026-01-20 14:24:40,2026-05-14 11:56:52,37.7,outbound,6
ENT-01299,CPT-01210,3,40995.51,2025-08-15 13:49:55,2026-06-12 12:03:13,37.7,inbound,3
ENT-01452,CPT-04337,3,39591.32,2025-09-05 10:37:22,2026-03-10 09:55:46,37.7,inbound,10
ENT-01061,CPT-04350,4,39497.75,2025-08-11 10:17:53,2026-06-25 14:30:45,37.7,inbound,15
ENT-01233,CPT-04317,2,32932.86,2026-03-02 14:15:26,2026-07-06 12:26:35,37.7,inbound,2
ENT-01410,CPT-01808,5,32902.83,2025-08-15 15:53:44,2026-07-23 16:39:43,37.7,inbound,1
ENT-01170,CPT-04808,4,32644.19,2026-01-09 14:22:37,2026-07-31 09:32:53,37.7,inbound,6
ENT-01459,CPT-01373,5,29013.69,2025-09-09 11:03:42,2026-05-19 09:17:06,37.7,inbound,6
ENT-01345,CPT-03385,4,26446.26,2025-09-23 12:19:47,2026-03-24 11:04:29,37.7,outbound,3
ENT-01055,CPT-00646,3,26036.91,2025-08-29 17:49:03,2026-04-27 10:39:03,37.7,inbound,7
ENT-01182,CPT-01020,2,25668.41,2025-11-25 16:20:26,2026-05-14 15:54:27,37.7,inbound,11
ENT-01313,CPT-03260,8,24468.85,2025-12-12 11:20:27,2026-07-31 10:04:04,37.7,outbound,2
ENT-01483,CPT-05909,3,22084.77,2025-09-08 11:34:51,2026-03-25 11:07:46,37.7,inbound,1
ENT-01483,CPT-03353,6,21219.99,2025-10-14 12:58:22,2026-07-23 10:11:39,37.7,outbound,4
ENT-01494,CPT-02633,2,16697.78,2025-09-18 12:12:06,2025-12-04 17:24:02,37.7,outbound,1
ENT-01206,CPT-01285,7,15859.11,2025-08-21 16:37:11,2026-06-28 12:03:49,37.7,inbound,25
ENT-01135,CPT-03695,4,15367.57,2025-11-11 13:22:34,2026-05-18 17:54:57,37.7,inbound,12
ENT-01133,CPT-02695,7,15205.83,2025-08-14 17:30:43,2025-12-23 16:35:22,37.7,outbound,166
ENT-01450,CPT-02782,1,14604.67,2025-10-09 10:25:13,2025-10-09 10:25:13,37.7,outbound,2
ENT-01103,CPT-01699,3,14484.05,2025-10-20 13:07:44,2026-05-22 10:02:04,37.7,inbound,2
ENT-01220,CPT-02486,4,14103.67,2025-10-23 12:20:14,2026-06-25 16:01:01,37.7,outbound,11
ENT-01142,CPT-02478,1,13205.96,2025-08-07 12:13:48,2025-08-07 12:13:48,37.7,outbound,2
ENT-01371,CPT-02993,2,13160.23,2026-02-16 14:15:09,2026-06-12 17:08:11,37.7,outbound,3
ENT-01252,CPT-02379,2,12068.33,2026-05-19 09:08:01,2026-07-02 15:04:37,37.7,inbound,1
ENT-01211,CPT-00774,3,10336.38,2026-01-14 12:09:33,2026-07-31 13:18:00,37.7,inbound,13
ENT-01255,CPT-03981,3,9525.59,2025-09-03 12:17:37,2026-05-15 10:30:04,37.7,inbound,191
ENT-01178,CPT-03297,4,8926.9,2025-12-25 10:30:08,2026-07-30 14:21:36,37.7,outbound,110
ENT-01049,CPT-00396,7,7525.0,2025-08-02 18:01:03,2026-07-01 18:46:14,37.7,outbound,1
ENT-01287,CPT-02866,4,6585.06,2025-08-28 09:52:17,2026-07-02 15:34:38,37.7,outbound,10
ENT-01500,CPT-05304,3,6503.69,2025-11-07 13:25:48,2026-07-01 14:28:33,37.7,inbound,1
ENT-01455,CPT-01450,4,6448.11,2025-09-02 16:19:31,2026-07-08 15:32:01,37.7,inbound,3
ENT-01401,CPT-02436,4,6191.5,2025-08-08 16:03:41,2026-05-13 16:34:16,37.7,outbound,4
ENT-01142,CPT-01449,3,5939.23,2025-09-02 15:02:19,2026-05-31 14:23:39,37.7,inbound,7
ENT-01282,CPT-01220,5,5661.6,2025-09-20 13:58:03,2026-07-24 14:16:11,37.7,inbound,2
ENT-01411,CPT-03702,2,4589.15,2025-12-27 17:39:17,2026-03-15 13:27:01,37.7,inbound,7
ENT-01231,CPT-05107,3,4232.89,2025-11-29 15:44:16,2026-03-04 14:16:01,37.7,inbound,15
ENT-01245,CPT-03818,2,3831.64,2026-04-02 17:04:58,2026-05-22 13:17:37,37.7,inbound,3
ENT-01096,CPT-01753,2,3408.99,2025-10-27 13:57:49,2026-07-01 16:02:19,37.7,inbound,1
ENT-01143,CPT-03096,2,2892.52,2026-05-13 14:44:35,2026-07-03 12:17:44,37.7,outbound,2
ENT-01155,CPT-02414,1,2832.13,2026-05-29 14:54:57,2026-05-29 14:54:57,37.7,outbound,22
ENT-01143,CPT-02500,1,2745.12,2025-12-05 12:04:22,2025-12-05 12:04:22,37.7,outbound,60
ENT-01232,CPT-01074,2,2529.01,2025-11-23 11:04:13,2026-05-02 11:23:20,37.7,inbound,12
ENT-01484,CPT-03147,3,2367.9,2025-09-04 15:16:48,2026-06-25 09:29:14,37.7,outbound,2
ENT-00852,CPT-00835,7,1614.39,2025-08-22 11:01:13,2026-07-04 10:24:24,37.7,inbound;outbound,2
ENT-01290,CPT-03338,3,1578.52,2025-10-31 09:02:54,2026-07-24 14:15:28,37.7,outbound,1
ENT-01462,CPT-02771,2,1456.65,2025-10-14 11:43:12,2025-12-11 16:49:34,37.7,outbound,25
ENT-01250,CPT-02869,1,1146.96,2026-04-24 15:44:54,2026-04-24 15:44:54,37.7,outbound,3
ENT-01270,CPT-03506,1,928.01,2026-06-18 13:53:04,2026-06-18 13:53:04,37.7,outbound,2
ENT-00917,CPT-03981,1,33.95,2026-06-23 17:13:42,2026-06-23 17:13:42,37.7,outbound,191
ENT-01079,CPT-04322,4,65253.51,2025-08-25 15:13:07,2026-06-10 11:20:16,37.6,inbound,1
ENT-01424,CPT-05018,5,56106.34,2026-02-09 15:58:22,2026-07-31 13:08:35,37.6,inbound,1
ENT-01492,CPT-04942,6,50313.71,2025-09-11 17:53:59,2026-06-17 10:30:58,37.6,inbound,36
ENT-01119,CPT-04079,3,38484.29,2025-08-07 16:58:41,2026-07-14 14:06:19,37.6,inbound,1
ENT-01125,CPT-05837,4,38100.22,2025-08-25 09:16:15,2026-05-21 13:45:54,37.6,inbound,3
ENT-01467,CPT-05198,1,36266.94,2026-07-01 17:00:30,2026-07-01 17:00:30,37.6,inbound,6
ENT-01305,CPT-03729,1,33149.6,2026-07-28 12:27:35,2026-07-28 12:27:35,37.6,inbound,69
ENT-01381,CPT-03068,4,26825.89,2025-10-20 12:25:30,2026-03-26 12:28:10,37.6,outbound,22
ENT-01204,CPT-02418,3,23085.96,2025-10-02 14:36:13,2026-07-30 13:20:20,37.6,outbound,28
ENT-01352,CPT-03981,3,22093.17,2025-10-07 13:14:36,2026-03-03 09:44:59,37.6,inbound,191
ENT-01466,CPT-03983,4,21220.46,2025-09-04 11:58:36,2025-11-26 10:16:11,37.6,inbound,33
ENT-01311,CPT-02337,2,20363.08,2025-08-07 14:54:14,2025-09-16 10:13:18,37.6,inbound,2
ENT-01064,CPT-02431,6,18717.8,2025-08-12 13:56:18,2025-11-27 09:04:37,37.6,outbound,30
ENT-01345,CPT-02870,5,18662.63,2025-09-23 11:57:31,2026-03-24 11:07:05,37.6,outbound,54
ENT-01290,CPT-03008,3,16747.69,2025-08-26 15:47:21,2026-04-14 13:16:06,37.6,outbound,6
ENT-01220,CPT-04661,1,14044.72,2026-07-01 09:51:33,2026-07-01 09:51:33,37.6,inbound,26
ENT-01206,CPT-01440,7,12826.62,2025-09-20 16:33:15,2026-06-05 14:18:42,37.6,inbound,22
ENT-01358,CPT-02771,5,11092.68,2025-11-04 14:13:38,2025-12-30 09:35:38,37.6,outbound,25
ENT-01229,CPT-02826,3,9981.81,2025-08-28 13:12:41,2026-05-05 17:46:22,37.6,outbound,4
ENT-01176,CPT-03206,4,9283.24,2025-11-13 18:11:44,2026-04-02 11:34:38,37.6,outbound,38
ENT-01257,CPT-00739,2,9209.48,2026-04-01 17:08:52,2026-06-17 15:24:47,37.6,inbound,1
ENT-01371,CPT-03842,4,8634.68,2025-11-12 09:37:25,2026-04-09 12:46:23,37.6,inbound,3
ENT-01119,CPT-03214,2,8547.59,2025-09-23 17:38:37,2026-01-20 17:21:53,37.6,outbound,5
ENT-01136,CPT-02498,4,6368.25,2025-10-28 12:04:49,2026-06-04 12:51:02,37.6,outbound,45
ENT-01388,CPT-02959,4,6189.17,2025-12-05 11:03:16,2026-07-16 10:41:37,37.6,outbound,3
ENT-01331,CPT-01571,4,5450.72,2025-08-30 17:03:33,2026-04-07 15:01:58,37.6,inbound,3
ENT-01204,CPT-04324,1,4189.11,2025-10-15 09:50:43,2025-10-15 09:50:43,37.6,inbound,71
ENT-01261,CPT-02181,4,3728.17,2025-08-08 10:37:44,2026-04-18 12:37:14,37.6,inbound,31
ENT-01474,CPT-03297,2,3547.45,2025-09-22 09:49:53,2026-04-10 14:52:14,37.6,outbound,110
ENT-01207,CPT-03255,2,3112.87,2025-08-08 13:14:01,2026-05-19 17:26:56,37.6,outbound,1
ENT-01313,CPT-02972,3,2790.1,2026-03-11 09:08:34,2026-06-23 13:18:07,37.6,outbound,4
ENT-01304,CPT-02923,1,2726.34,2026-01-30 13:05:37,2026-01-30 13:05:37,37.6,outbound,2
ENT-01196,CPT-02927,3,2364.5,2026-02-10 13:00:11,2026-05-07 11:48:38,37.6,outbound,1
ENT-01380,CPT-05099,1,2309.87,2026-01-03 10:07:19,2026-01-03 10:07:19,37.6,inbound,1
ENT-00522,CPT-01732,10,2181.22,2025-08-04 22:00:34,2026-07-24 18:09:50,37.6,inbound;outbound,2
ENT-01339,CPT-02758,1,1798.25,2026-05-29 17:06:24,2026-05-29 17:06:24,37.6,outbound,35
ENT-01163,CPT-02870,2,1632.47,2026-03-11 14:21:35,2026-03-27 16:12:36,37.6,outbound,54
ENT-01100,CPT-03071,1,1062.02,2025-12-23 10:23:46,2025-12-23 10:23:46,37.6,outbound,1
ENT-00386,CPT-02286,1,801.72,2025-08-09 13:21:43,2025-08-09 13:21:43,37.6,outbound,17
ENT-00718,CPT-04942,1,738.71,2025-08-10 22:20:01,2025-08-10 22:20:01,37.6,outbound,36
ENT-00852,CPT-00980,5,457.41,2025-09-02 14:42:01,2026-07-07 19:57:00,37.6,inbound;outbound,1
ENT-00694,CPT-03981,1,328.31,2026-05-26 14:38:21,2026-05-26 14:38:21,37.6,outbound,191
ENT-00248,CPT-01991,1,216.77,2025-08-10 15:10:17,2025-08-10 15:10:17,37.6,outbound,2
ENT-00649,CPT-04649,1,168.13,2025-08-09 09:42:36,2025-08-09 09:42:36,37.6,outbound,5
ENT-00731,CPT-03981,1,45.94,2026-03-03 10:42:48,2026-03-03 10:42:48,37.6,outbound,191
ENT-01449,CPT-02493,30,263499.74,2025-08-15 11:38:31,2026-07-31 16:28:47,37.5,outbound,101
ENT-01379,CPT-05443,4,69640.96,2025-09-16 17:48:23,2025-11-26 14:32:27,37.5,inbound,2
ENT-01287,CPT-01084,3,51367.3,2025-10-09 10:11:14,2026-05-21 11:38:50,37.5,inbound,3
ENT-01222,CPT-04165,4,33832.73,2025-12-05 13:03:12,2026-04-30 13:37:42,37.5,inbound,1
ENT-01159,CPT-04002,2,30860.46,2025-09-05 13:51:47,2026-05-25 11:11:28,37.5,inbound,1
ENT-01059,CPT-01645,2,30762.09,2025-09-17 14:34:36,2026-01-13 17:36:27,37.5,inbound,1
ENT-01320,CPT-01431,4,25706.49,2025-08-15 10:57:43,2025-10-03 15:30:23,37.5,inbound,16
ENT-00625,CPT-00397,12,23100.0,2025-08-02 12:29:02,2026-07-02 18:09:32,37.5,outbound,1
ENT-01358,CPT-04070,3,22252.46,2025-08-08 16:38:17,2026-03-11 09:47:05,37.5,inbound,2
ENT-01132,CPT-04324,1,21702.1,2026-03-16 16:47:38,2026-03-16 16:47:38,37.5,inbound,71
ENT-01484,CPT-02748,7,20787.21,2025-08-07 17:51:53,2026-06-09 11:42:53,37.5,outbound,13
ENT-01165,CPT-01350,8,18510.56,2025-08-26 10:48:19,2026-07-25 17:21:35,37.5,inbound,4
ENT-01304,CPT-03297,3,18465.15,2025-09-24 14:17:23,2026-07-16 12:33:48,37.5,outbound,110
ENT-01079,CPT-03729,2,17769.35,2025-08-29 10:33:11,2026-01-14 09:25:39,37.5,inbound,69
ENT-01328,CPT-04942,1,17623.54,2025-08-04 11:15:30,2025-08-04 11:15:30,37.5,inbound,36
ENT-00500,CPT-01791,6,16279.26,2025-09-19 09:42:05,2026-07-03 22:25:07,37.5,inbound;outbound,2
ENT-01471,CPT-03009,5,14973.19,2025-08-05 17:19:01,2026-03-26 18:29:03,37.5,outbound,3
ENT-01140,CPT-02695,4,12935.8,2025-10-23 17:38:26,2025-12-23 10:06:01,37.5,outbound,166
ENT-01467,CPT-02687,4,12707.95,2025-08-07 09:51:31,2026-04-07 14:19:48,37.5,outbound,15
ENT-01382,CPT-03068,3,11439.71,2025-09-04 09:29:27,2026-06-17 12:30:29,37.5,outbound,22
ENT-01184,CPT-03662,1,11280.42,2026-05-12 17:35:43,2026-05-12 17:35:43,37.5,inbound,1
ENT-01143,CPT-03411,3,11082.37,2025-11-11 15:17:44,2026-05-13 12:17:57,37.5,outbound,4
ENT-01363,CPT-02517,4,10183.86,2025-08-29 11:12:03,2026-05-26 16:05:40,37.5,outbound,9
ENT-01418,CPT-03398,2,9707.07,2026-01-27 11:01:07,2026-01-27 17:27:42,37.5,outbound,2
ENT-01265,CPT-01218,2,8767.97,2026-01-26 09:17:32,2026-05-27 13:21:52,37.5,inbound,1
ENT-01402,CPT-03693,3,7071.68,2025-09-01 13:15:33,2026-04-02 10:22:06,37.5,inbound,4
ENT-01408,CPT-03981,2,6982.29,2025-08-26 11:29:11,2025-09-15 17:25:23,37.5,inbound,191
ENT-01151,CPT-03297,4,6900.28,2025-08-21 13:30:51,2026-07-07 16:10:22,37.5,outbound,110
ENT-01204,CPT-03240,3,5826.71,2025-08-21 15:44:58,2026-05-14 14:28:53,37.5,outbound,2
ENT-01162,CPT-00703,3,5242.06,2025-10-12 16:27:21,2026-03-17 12:38:20,37.5,inbound,1
ENT-01071,CPT-02227,4,5194.29,2025-08-07 14:15:14,2026-03-09 10:56:51,37.5,inbound,12
ENT-01494,CPT-02394,2,5032.36,2025-09-18 11:38:08,2025-11-20 17:58:24,37.5,outbound,4
ENT-01217,CPT-02327,5,4206.29,2025-08-17 13:54:28,2026-06-04 13:27:46,37.5,inbound,1
ENT-01124,CPT-03297,3,3542.54,2026-01-08 15:48:43,2026-05-21 16:11:39,37.5,outbound,110
ENT-01185,CPT-02787,3,2932.87,2025-12-09 10:48:45,2026-06-22 17:10:40,37.5,outbound,42
ENT-01287,CPT-03583,2,1673.2,2026-01-13 17:28:11,2026-05-26 12:47:04,37.5,outbound,2
ENT-00505,CPT-01450,10,1567.14,2025-11-21 14:11:23,2026-05-20 21:04:48,37.5,inbound;outbound,3
ENT-00649,CPT-05695,3,985.01,2025-08-23 17:25:20,2026-06-22 18:46:35,37.5,outbound,4
ENT-01053,CPT-02517,1,863.54,2026-05-25 14:22:18,2026-05-25 14:22:18,37.5,outbound,9
ENT-01290,CPT-02695,1,324.34,2025-11-26 12:55:05,2025-11-26 12:55:05,37.5,outbound,166
ENT-01183,CPT-04324,3,47422.72,2025-12-11 15:34:57,2026-07-22 16:35:17,37.4,inbound,71
ENT-01346,CPT-02795,11,33926.37,2025-10-07 09:41:46,2026-06-23 12:12:25,37.4,outbound,2
ENT-01379,CPT-03139,8,25635.51,2025-11-27 10:09:41,2026-07-09 10:34:43,37.4,outbound,21
ENT-01403,CPT-03621,2,25195.49,2025-08-13 13:51:10,2025-08-25 16:13:30,37.4,inbound,2
ENT-01441,CPT-05659,3,24499.53,2026-02-06 12:30:18,2026-04-02 12:08:17,37.4,inbound,1
ENT-01468,CPT-02630,3,22985.35,2026-02-19 16:21:10,2026-06-25 10:44:56,37.4,outbound,5
ENT-01460,CPT-05189,2,21828.31,2026-05-06 13:37:08,2026-07-29 15:59:55,37.4,inbound,11
ENT-01328,CPT-04060,2,20378.18,2025-11-12 13:27:25,2025-12-03 10:31:22,37.4,inbound,1
ENT-01100,CPT-03357,2,19838.78,2025-10-14 11:54:47,2025-12-23 10:33:15,37.4,outbound,9
ENT-01467,CPT-02913,4,19480.8,2025-08-07 09:16:51,2026-05-07 14:32:46,37.4,outbound,4
ENT-01180,CPT-02733,5,18904.2,2025-12-11 11:36:54,2026-07-10 14:08:20,37.4,outbound,5
ENT-01471,CPT-03981,3,18541.64,2025-09-11 10:20:44,2025-12-02 16:57:50,37.4,inbound,191
ENT-01360,CPT-05110,2,17727.84,2025-08-28 15:49:51,2025-09-24 11:12:01,37.4,inbound,1
ENT-01311,CPT-04504,2,17460.92,2025-11-14 17:52:48,2026-03-25 09:57:49,37.4,inbound,1
ENT-01245,CPT-05769,2,16075.85,2025-12-25 17:39:10,2026-06-08 09:23:48,37.4,inbound,4
ENT-01476,CPT-03524,4,15556.18,2025-09-02 11:43:47,2026-06-16 17:22:44,37.4,outbound,2
ENT-01216,CPT-02641,3,14513.14,2025-10-30 16:22:09,2026-04-28 09:53:47,37.4,outbound,1
ENT-01213,CPT-03001,4,13210.99,2025-08-15 13:00:55,2025-12-24 10:30:38,37.4,outbound,2
ENT-01335,CPT-03981,5,11976.66,2025-09-25 10:29:19,2026-04-30 17:29:39,37.4,inbound,191
ENT-01500,CPT-03049,3,11705.2,2026-03-18 17:10:41,2026-07-13 15:05:09,37.4,outbound,5
ENT-01276,CPT-02870,5,10801.26,2025-10-30 13:58:48,2026-06-26 09:53:05,37.4,outbound,54
ENT-01180,CPT-03013,2,10441.24,2025-08-29 09:48:33,2026-02-11 16:04:48,37.4,outbound,4
ENT-01136,CPT-03067,2,9814.88,2025-10-28 11:38:05,2026-06-04 12:52:58,37.4,outbound,1
ENT-01411,CPT-01708,6,9202.31,2026-01-12 12:29:17,2026-07-31 12:28:35,37.4,inbound,7
ENT-01341,CPT-04103,4,7819.23,2025-08-02 10:29:56,2026-06-29 17:50:46,37.4,inbound,2
ENT-01393,CPT-05450,2,6743.67,2025-09-25 10:14:12,2025-11-03 14:52:36,37.4,inbound,29
ENT-01408,CPT-03297,4,6236.85,2025-10-09 14:47:48,2026-07-21 13:59:55,37.4,outbound,110
ENT-01426,CPT-03756,2,6071.98,2026-02-13 09:51:16,2026-03-12 16:03:52,37.4,inbound,6
ENT-01281,CPT-05222,2,4700.76,2025-12-17 12:23:53,2026-04-11 11:48:30,37.4,inbound,4
ENT-01225,CPT-03367,4,4316.57,2025-08-19 18:33:59,2026-06-23 17:50:15,37.4,outbound,1
ENT-01178,CPT-03661,1,3499.09,2025-12-30 09:48:17,2025-12-30 09:48:17,37.4,inbound,5
ENT-01095,CPT-03144,2,3487.59,2025-12-02 09:47:08,2026-04-22 14:27:11,37.4,outbound,4
ENT-01500,CPT-04413,3,3365.71,2026-07-17 13:19:36,2026-07-29 13:59:34,37.4,inbound,2
ENT-01428,CPT-03206,3,2757.88,2025-08-15 15:13:37,2026-03-13 16:25:20,37.4,outbound,38
ENT-01249,CPT-02801,2,2333.9,2025-11-13 09:01:30,2026-07-08 13:06:03,37.4,outbound,5
ENT-01083,CPT-04507,4,2028.35,2026-02-17 17:11:54,2026-07-19 14:26:57,37.4,inbound,2
ENT-01384,CPT-02563,2,1886.93,2025-08-26 17:23:08,2025-12-04 10:23:04,37.4,outbound,3
ENT-01391,CPT-02635,1,838.1,2025-12-11 15:33:18,2025-12-11 15:33:18,37.4,outbound,3
ENT-00505,CPT-01274,6,763.15,2025-08-31 09:20:44,2026-07-05 10:43:26,37.4,inbound;outbound,2
ENT-01450,CPT-03166,1,588.15,2025-10-02 09:17:16,2025-10-02 09:17:16,37.4,outbound,2
ENT-01326,CPT-03289,1,191.51,2026-01-07 14:08:23,2026-01-07 14:08:23,37.4,outbound,3
ENT-01205,CPT-03307,24,335599.6,2025-08-15 09:09:10,2026-07-31 12:31:44,37.3,outbound,7
ENT-01071,CPT-03209,12,177908.93,2025-08-29 12:16:45,2026-07-31 15:09:03,37.3,outbound,8
ENT-01229,CPT-01359,4,59668.1,2025-08-19 13:33:45,2026-04-24 11:41:17,37.3,inbound,1
ENT-01289,CPT-04038,5,53746.27,2025-08-04 10:32:33,2026-06-30 10:23:33,37.3,inbound,3
ENT-01061,CPT-05405,3,52129.04,2026-03-16 14:29:32,2026-07-03 14:16:43,37.3,inbound,6
ENT-01353,CPT-05117,3,48530.0,2025-08-06 11:47:52,2026-06-17 15:55:09,37.3,inbound,3
ENT-01453,CPT-04785,5,44685.84,2025-09-03 10:03:05,2026-01-15 15:50:50,37.3,inbound,6
ENT-01133,CPT-04324,2,37869.15,2025-11-05 09:59:47,2026-04-13 17:57:19,37.3,inbound,71
ENT-01176,CPT-04162,4,37587.56,2025-10-10 15:36:54,2026-05-11 17:01:54,37.3,inbound,4
ENT-01189,CPT-02126,2,37272.23,2025-10-06 09:41:04,2026-02-12 09:44:40,37.3,inbound,5
ENT-01200,CPT-04324,1,36393.19,2026-03-10 10:40:10,2026-03-10 10:40:10,37.3,inbound,71
ENT-01200,CPT-05111,3,36252.7,2025-09-05 09:10:29,2025-12-17 17:48:49,37.3,inbound,1
ENT-01131,CPT-02925,10,34771.64,2025-09-04 17:06:26,2026-05-28 11:19:57,37.3,outbound,6
ENT-01426,CPT-04373,4,34460.48,2025-09-22 10:33:56,2026-06-08 15:35:57,37.3,inbound,7
ENT-00496,CPT-00479,12,27300.0,2025-08-02 13:13:07,2026-07-01 17:59:57,37.3,outbound,1
ENT-01407,CPT-04992,2,26983.45,2026-01-23 14:19:17,2026-07-22 14:54:00,37.3,inbound,1
ENT-01225,CPT-03390,4,21398.05,2025-12-02 14:46:25,2026-06-30 12:26:24,37.3,outbound,8
ENT-01136,CPT-03981,2,18766.53,2025-12-02 13:56:48,2025-12-22 11:24:56,37.3,inbound,191
ENT-01136,CPT-04578,4,17976.17,2026-03-04 16:47:35,2026-07-07 15:21:42,37.3,inbound,2
ENT-01257,CPT-03107,4,15766.6,2026-03-03 13:42:42,2026-07-28 11:36:54,37.3,outbound,4
ENT-01427,CPT-03379,1,15551.1,2026-06-24 11:39:02,2026-06-24 11:39:02,37.3,outbound,7
ENT-01137,CPT-02787,9,13146.84,2025-08-19 11:41:31,2026-05-21 15:55:50,37.3,outbound,42
ENT-01093,CPT-05074,2,11462.08,2026-03-11 15:15:41,2026-04-07 17:33:03,37.3,inbound,2
ENT-01222,CPT-02695,3,11112.01,2025-11-27 11:24:45,2026-07-30 14:50:41,37.3,outbound,166
ENT-01401,CPT-03133,3,10749.11,2025-08-29 11:59:30,2026-05-15 12:52:52,37.3,outbound,2
ENT-01159,CPT-02695,7,10259.16,2025-08-28 17:49:22,2026-04-14 18:22:53,37.3,outbound,166
ENT-01210,CPT-02932,7,10199.22,2025-09-08 10:00:29,2026-04-09 14:28:47,37.3,outbound,6
ENT-01345,CPT-03206,4,9902.26,2025-09-23 12:29:10,2026-05-26 18:14:45,37.3,outbound,38
ENT-01141,CPT-02475,5,9488.57,2025-12-11 11:14:34,2026-07-14 16:43:21,37.3,outbound,2
ENT-01165,CPT-03534,2,9379.85,2025-11-28 14:27:00,2026-04-06 10:19:32,37.3,outbound,30
ENT-01222,CPT-03170,3,8992.67,2025-12-04 11:58:11,2026-07-30 15:03:19,37.3,outbound,10
ENT-01100,CPT-03107,4,8852.69,2025-10-14 11:52:11,2026-01-01 17:36:21,37.3,outbound,4
ENT-01485,CPT-03459,4,8710.77,2025-08-22 13:48:36,2026-04-07 09:27:10,37.3,outbound,5
ENT-01115,CPT-05046,4,7951.41,2025-08-17 09:27:07,2026-07-17 13:45:32,37.3,inbound,1
ENT-01162,CPT-03491,2,7707.86,2025-10-30 10:35:34,2026-07-24 15:32:24,37.3,outbound,1
ENT-01230,CPT-04468,3,7380.81,2025-08-20 11:55:44,2026-07-27 13:16:51,37.3,inbound,5
ENT-01142,CPT-03914,4,7334.77,2025-10-02 10:11:57,2026-05-21 16:20:47,37.3,inbound,3
ENT-01498,CPT-03672,5,7293.14,2025-09-01 16:56:09,2026-06-12 14:53:50,37.3,inbound,6
ENT-01125,CPT-02540,4,7107.11,2026-01-06 13:44:52,2026-07-07 14:30:28,37.3,outbound,5
ENT-01230,CPT-04907,3,6600.08,2025-08-07 09:31:57,2026-04-02 09:27:55,37.3,inbound,5
ENT-01487,CPT-03197,2,6152.7,2026-02-19 10:18:36,2026-03-13 09:09:03,37.3,outbound,39
ENT-01494,CPT-05017,1,5711.59,2025-09-30 15:19:05,2025-09-30 15:19:05,37.3,inbound,64
ENT-01479,CPT-03427,5,5592.8,2025-10-08 10:01:21,2026-04-29 16:01:22,37.3,outbound,3
ENT-01132,CPT-03285,5,5253.89,2025-08-14 13:10:51,2026-07-02 17:59:44,37.3,outbound,2
ENT-01072,CPT-02439,3,5006.18,2025-09-02 10:40:25,2026-07-07 11:28:14,37.3,outbound,3
ENT-01346,CPT-03540,3,4201.41,2025-11-18 12:44:10,2026-04-16 15:00:39,37.3,outbound,1
ENT-01124,CPT-03068,2,4136.64,2025-10-07 11:19:41,2026-05-11 16:14:36,37.3,outbound,22
ENT-01094,CPT-03336,3,3916.17,2025-08-28 10:18:36,2025-12-09 10:02:45,37.3,outbound,2
ENT-01213,CPT-02866,1,3882.25,2026-02-27 14:32:25,2026-02-27 14:32:25,37.3,outbound,10
ENT-01088,CPT-03981,1,3648.13,2026-07-08 14:21:58,2026-07-08 14:21:58,37.3,inbound,191
ENT-01424,CPT-02493,2,3621.52,2026-03-03 11:33:23,2026-06-18 09:55:44,37.3,outbound,101
ENT-01083,CPT-03835,3,3520.7,2025-08-02 16:02:11,2025-10-06 09:00:51,37.3,inbound,3
ENT-01230,CPT-03981,1,3390.01,2026-06-10 17:56:10,2026-06-10 17:56:10,37.3,inbound,191
ENT-01465,CPT-05824,1,2982.61,2026-03-16 09:07:08,2026-03-16 09:07:08,37.3,inbound,13
ENT-01143,CPT-03528,2,2353.13,2025-08-15 13:07:55,2025-11-21 12:08:04,37.3,outbound,9
ENT-00505,CPT-00774,8,2063.76,2025-08-08 12:03:24,2026-07-13 15:17:48,37.3,inbound;outbound,13
ENT-01275,CPT-03098,1,1441.4,2025-09-03 09:28:14,2025-09-03 09:28:14,37.3,outbound,6
ENT-01262,CPT-05605,1,1236.19,2025-08-17 13:57:21,2025-08-17 13:57:21,37.3,inbound,1
ENT-00036,CPT-01395,7,750.1,2025-10-22 18:06:22,2026-05-27 08:52:07,37.3,inbound,2
ENT-01416,CPT-02552,1,399.41,2026-06-12 09:02:08,2026-06-12 09:02:08,37.3,outbound,6
ENT-01222,CPT-02750,1,268.98,2026-07-30 15:14:43,2026-07-30 15:14:43,37.3,outbound,2
ENT-00868,CPT-01240,2,262.84,2025-08-03 13:53:09,2025-08-13 17:21:07,37.3,outbound,2
ENT-01460,CPT-03983,2,64940.53,2025-11-04 11:35:14,2026-03-25 12:25:21,37.2,inbound,33
ENT-01247,CPT-01053,2,52637.49,2025-11-28 15:06:20,2026-03-05 10:46:04,37.2,inbound,1
ENT-01159,CPT-00829,3,51492.08,2026-02-09 09:34:33,2026-07-24 15:32:08,37.2,inbound,3
ENT-01357,CPT-03197,11,48093.58,2025-08-08 17:43:50,2026-07-22 17:28:53,37.2,outbound,39
ENT-01423,CPT-01296,2,47871.58,2026-01-15 12:25:30,2026-03-30 13:59:25,37.2,inbound,6
ENT-01152,CPT-03717,4,39366.85,2026-01-29 10:51:46,2026-07-24 15:05:27,37.2,inbound,3
ENT-01260,CPT-00778,4,29862.69,2025-09-17 11:52:54,2026-03-04 17:52:37,37.2,inbound,3
ENT-01316,CPT-01832,4,23528.2,2025-09-08 15:51:45,2026-03-13 15:16:00,37.2,inbound,1
ENT-01196,CPT-03297,5,21685.88,2025-12-11 09:39:01,2026-07-30 15:56:22,37.2,outbound,110
ENT-01111,CPT-03981,2,20837.0,2025-09-26 15:47:06,2026-02-18 10:02:32,37.2,inbound,191
ENT-01331,CPT-01876,5,20006.37,2025-10-29 15:42:48,2026-07-10 14:33:37,37.2,inbound,2
ENT-01176,CPT-05737,2,18986.94,2025-09-15 11:11:51,2025-10-24 12:47:05,37.2,inbound,1
ENT-01136,CPT-02716,5,18012.07,2025-10-07 13:14:39,2026-06-02 09:48:12,37.2,outbound,2
ENT-01242,CPT-04026,4,17439.47,2026-01-16 10:45:19,2026-07-28 16:16:44,37.2,inbound,2
ENT-01148,CPT-00855,1,14666.11,2025-10-14 12:42:21,2025-10-14 12:42:21,37.2,inbound,3
ENT-01042,CPT-00342,12,14100.0,2025-08-01 22:15:13,2026-07-01 13:53:39,37.2,outbound,1
ENT-01136,CPT-05154,2,12798.38,2025-10-31 14:42:59,2026-02-03 14:25:56,37.2,inbound,2
ENT-01382,CPT-02832,4,11058.57,2026-01-05 16:54:52,2026-06-26 16:14:33,37.2,outbound,6
ENT-01176,CPT-02493,3,10859.33,2025-11-13 18:11:48,2026-02-24 09:43:42,37.2,outbound,101
ENT-01185,CPT-02735,1,9233.97,2025-08-14 15:48:09,2025-08-14 15:48:09,37.2,outbound,1
ENT-01165,CPT-05474,5,8898.59,2025-08-20 11:53:20,2026-07-28 11:01:36,37.2,inbound,4
ENT-01292,CPT-03981,3,8898.28,2025-08-05 10:05:41,2026-04-29 15:37:31,37.2,inbound,191
ENT-01247,CPT-02660,3,8437.58,2026-02-05 16:15:43,2026-02-10 13:00:09,37.2,outbound,5
ENT-01194,CPT-02227,2,7812.23,2025-10-01 12:56:50,2026-04-21 13:42:47,37.2,inbound,12
ENT-01206,CPT-00745,3,7179.55,2026-06-16 14:23:49,2026-06-23 16:44:11,37.2,inbound,2
ENT-01311,CPT-04672,2,6218.2,2025-12-09 15:43:23,2026-04-06 09:28:38,37.2,inbound,14
ENT-01189,CPT-03013,3,5980.82,2026-05-19 10:50:54,2026-07-28 15:40:02,37.2,outbound,4
ENT-01500,CPT-04411,3,5520.71,2025-12-16 16:10:12,2026-07-10 13:16:15,37.2,inbound,6
ENT-01341,CPT-00940,3,4986.31,2025-08-08 09:29:56,2026-03-14 14:18:44,37.2,inbound,2
ENT-01185,CPT-02695,3,4783.95,2025-10-02 10:01:06,2026-02-02 13:34:51,37.2,outbound,166
ENT-01301,CPT-02493,1,4271.77,2026-06-12 09:48:50,2026-06-12 09:48:50,37.2,outbound,101
ENT-01277,CPT-02519,3,4227.14,2025-12-16 14:44:24,2026-02-03 14:28:18,37.2,outbound,1
ENT-01380,CPT-04786,3,4212.58,2026-03-06 12:12:43,2026-07-02 13:32:57,37.2,inbound,5
ENT-01380,CPT-04192,2,3754.18,2026-01-05 11:45:44,2026-02-28 12:00:41,37.2,inbound,2
ENT-01273,CPT-02695,3,3167.09,2026-03-25 15:28:49,2026-07-09 15:14:55,37.2,outbound,166
ENT-01232,CPT-03949,3,2518.54,2026-05-11 09:12:54,2026-06-06 10:58:03,37.2,inbound,11
ENT-01293,CPT-05017,2,1288.82,2025-08-14 15:00:19,2026-02-15 11:55:59,37.2,inbound,64
ENT-00505,CPT-00969,9,1218.33,2025-09-29 13:07:20,2026-07-26 12:01:51,37.2,inbound;outbound,1
ENT-00644,CPT-01357,3,697.99,2025-08-27 22:35:40,2026-06-19 18:59:19,37.2,outbound,1
ENT-01424,CPT-03274,24,313196.35,2025-08-15 09:56:15,2026-07-31 12:19:38,37.1,outbound,6
ENT-01380,CPT-02870,12,198449.57,2025-08-29 11:18:30,2026-07-31 15:48:33,37.1,outbound,54
ENT-01462,CPT-01030,5,71106.94,2025-08-19 09:24:42,2026-07-21 11:56:02,37.1,inbound,2
ENT-01188,CPT-04550,2,64091.28,2025-09-29 16:15:15,2026-03-27 16:27:52,37.1,inbound,3
ENT-01204,CPT-03731,5,58104.28,2025-08-14 14:21:35,2026-04-28 12:39:46,37.1,inbound,22
ENT-01344,CPT-02498,6,55415.05,2025-10-22 13:23:44,2026-06-10 14:25:35,37.1,outbound,45
ENT-01367,CPT-00730,4,53819.35,2025-12-09 16:12:31,2026-05-05 10:34:15,37.1,inbound,1
ENT-01182,CPT-01552,2,43892.35,2025-10-14 14:22:01,2026-03-10 09:33:18,37.1,inbound,8
ENT-01372,CPT-00719,1,40689.17,2026-01-16 10:53:12,2026-01-16 10:53:12,37.1,inbound,3
ENT-01051,CPT-04324,2,39924.2,2025-09-29 17:53:41,2026-07-24 10:31:18,37.1,inbound,71
ENT-01459,CPT-01046,5,35411.84,2025-08-29 10:43:15,2026-05-28 17:50:09,37.1,inbound,1
ENT-01201,CPT-03696,3,31503.42,2026-01-05 15:39:24,2026-06-12 13:36:34,37.1,inbound,3
ENT-01408,CPT-04839,2,24376.35,2025-11-14 09:40:12,2026-02-12 13:01:34,37.1,inbound,2
ENT-01448,CPT-03677,3,23622.23,2025-11-06 12:20:33,2026-07-14 15:12:29,37.1,inbound,3
ENT-01194,CPT-03278,5,22889.67,2025-09-02 16:40:57,2026-04-14 14:43:17,37.1,outbound,3
ENT-01236,CPT-05355,4,22151.12,2025-09-15 17:04:05,2026-06-03 11:21:25,37.1,inbound,9
ENT-01210,CPT-02866,4,20132.91,2025-09-10 12:11:18,2026-07-10 14:08:23,37.1,outbound,10
ENT-01363,CPT-04790,2,19880.64,2025-08-15 12:59:44,2025-09-03 10:40:46,37.1,inbound,7
ENT-01125,CPT-03981,2,16622.47,2025-08-27 13:10:45,2026-02-25 09:01:20,37.1,inbound,191
ENT-01093,CPT-02870,9,16448.67,2025-10-21 14:14:39,2026-07-02 10:03:59,37.1,outbound,54
ENT-01367,CPT-02913,8,16207.74,2025-09-11 11:26:14,2026-07-21 11:37:13,37.1,outbound,4
ENT-00387,CPT-00450,12,16200.0,2025-08-02 18:23:54,2026-07-01 12:40:32,37.1,outbound,1
ENT-01417,CPT-02588,7,15796.09,2025-11-07 09:50:00,2026-05-21 10:40:29,37.1,outbound,2
ENT-01492,CPT-01353,2,15309.62,2025-08-04 17:22:17,2025-12-04 09:48:05,37.1,inbound,1
ENT-00650,CPT-00106,12,14452.52,2025-08-01 09:11:02,2026-07-01 08:41:10,37.1,inbound,1
ENT-01131,CPT-02500,8,13961.77,2025-09-04 16:53:04,2026-05-28 10:59:41,37.1,outbound,60
ENT-01391,CPT-02728,3,13464.87,2025-08-07 11:20:15,2026-04-22 16:51:35,37.1,outbound,3
ENT-01225,CPT-02758,2,13377.72,2026-06-23 17:29:15,2026-06-30 12:45:32,37.1,outbound,35
ENT-01484,CPT-01335,4,12684.48,2025-10-10 10:31:56,2025-12-29 13:48:44,37.1,inbound,3
ENT-01448,CPT-03297,4,12426.8,2026-03-24 14:56:46,2026-06-18 17:01:59,37.1,outbound,110
ENT-01233,CPT-01129,2,12239.25,2025-09-30 13:57:06,2026-05-01 13:21:01,37.1,inbound,1
ENT-01425,CPT-05169,2,11771.37,2025-10-17 17:44:49,2026-04-23 11:18:04,37.1,inbound,2
ENT-01379,CPT-03981,2,11744.69,2026-04-07 15:47:44,2026-04-23 16:16:04,37.1,inbound,191
ENT-01320,CPT-02690,4,11656.64,2025-09-23 14:14:15,2026-06-11 17:22:52,37.1,outbound,6
ENT-01177,CPT-03634,7,11603.37,2025-09-15 17:28:18,2026-07-02 17:50:18,37.1,inbound,9
ENT-01062,CPT-02772,3,11561.7,2025-09-25 14:50:52,2026-06-18 18:25:59,37.1,outbound,4
ENT-01332,CPT-05217,4,10708.3,2025-08-29 16:58:10,2026-04-07 17:39:40,37.1,inbound,1
ENT-01170,CPT-02493,6,10525.7,2025-08-14 11:54:45,2026-07-09 14:24:23,37.1,outbound,101
ENT-01417,CPT-03048,1,7798.46,2026-07-08 11:54:27,2026-07-08 11:54:27,37.1,outbound,1
ENT-01119,CPT-04344,3,7662.94,2025-11-27 14:07:26,2026-07-08 17:20:34,37.1,inbound,6
ENT-01185,CPT-02470,1,7500.0,2026-04-02 09:02:53,2026-04-02 09:02:53,37.1,outbound,6
ENT-01356,CPT-02674,6,7189.99,2026-02-17 17:06:09,2026-07-21 14:49:33,37.1,outbound,10
ENT-01194,CPT-03560,4,6981.29,2025-09-02 16:48:26,2026-03-03 16:21:02,37.1,outbound,1
ENT-01371,CPT-05451,6,6695.29,2025-08-08 12:35:26,2026-07-01 17:07:26,37.1,inbound,2
ENT-01275,CPT-02493,2,6667.45,2025-09-03 15:27:36,2025-10-07 14:36:49,37.1,outbound,101
ENT-01370,CPT-02787,4,6434.33,2025-09-29 10:11:18,2026-04-24 15:50:42,37.1,outbound,42
ENT-01111,CPT-02777,2,6293.02,2025-08-21 16:04:40,2026-04-30 12:33:46,37.1,outbound,1
ENT-01120,CPT-04818,1,5927.12,2026-04-02 17:39:02,2026-04-02 17:39:02,37.1,inbound,1
ENT-01305,CPT-02493,4,5493.07,2025-08-05 16:49:39,2026-07-09 13:39:47,37.1,outbound,101
ENT-00855,CPT-01532,4,4649.15,2025-09-01 13:08:39,2026-07-23 16:18:59,37.1,inbound;outbound,1
ENT-01452,CPT-03084,3,4638.27,2025-09-23 15:11:36,2026-05-05 12:34:56,37.1,outbound,2
ENT-01090,CPT-03403,2,4111.54,2025-12-04 17:12:14,2026-01-16 15:20:13,37.1,outbound,3
ENT-01088,CPT-00877,3,3722.23,2025-10-05 17:25:38,2026-05-11 14:29:59,37.1,inbound,1
ENT-01332,CPT-05072,2,3671.74,2025-09-05 14:49:32,2026-06-30 11:13:01,37.1,inbound,31
ENT-01177,CPT-04905,3,3210.24,2025-08-10 10:08:04,2025-11-16 17:22:40,37.1,inbound,2
ENT-01293,CPT-01721,4,2815.99,2025-08-16 09:56:54,2026-06-30 10:29:38,37.1,inbound,1
ENT-01082,CPT-03584,1,2037.86,2026-06-30 10:19:57,2026-06-30 10:19:57,37.1,outbound,8
ENT-01346,CPT-03297,2,1627.86,2025-11-18 13:19:23,2026-04-02 15:09:28,37.1,outbound,110
ENT-01492,CPT-02628,1,1223.89,2025-08-19 18:00:12,2025-08-19 18:00:12,37.1,outbound,3
ENT-00585,CPT-04299,1,1154.31,2026-07-25 20:45:40,2026-07-25 20:45:40,37.1,outbound,44
ENT-01275,CPT-02692,1,1095.91,2025-08-07 14:26:55,2025-08-07 14:26:55,37.1,outbound,19
ENT-00689,CPT-01695,11,969.97,2025-08-16 22:35:26,2026-05-09 20:52:13,37.1,inbound;outbound,3
ENT-01375,CPT-04709,4,79467.16,2025-08-13 11:06:20,2026-07-08 16:11:57,37.0,inbound,1
ENT-01176,CPT-04522,3,63918.83,2025-10-21 15:41:11,2026-06-03 10:36:15,37.0,inbound,2
ENT-01316,CPT-01838,7,40934.12,2025-09-09 10:38:34,2026-07-21 13:57:33,37.0,inbound,24
ENT-01486,CPT-04073,5,32887.77,2025-12-16 14:20:47,2026-07-14 10:44:00,37.0,inbound,2
ENT-01352,CPT-03728,4,32407.69,2025-10-08 17:00:25,2026-07-28 14:39:09,37.0,inbound,8
ENT-01237,CPT-01688,3,30702.03,2025-09-26 13:07:04,2026-03-27 17:08:53,37.0,inbound,1
ENT-01326,CPT-02515,9,27963.02,2025-08-28 15:15:40,2026-07-08 11:15:02,37.0,outbound,1
ENT-01176,CPT-05831,3,25366.86,2025-11-06 16:58:09,2026-07-20 15:26:13,37.0,inbound,4
ENT-01423,CPT-05706,3,23857.5,2025-08-07 16:18:53,2026-07-23 09:46:21,37.0,inbound,14
ENT-01467,CPT-02695,5,23698.67,2025-08-07 09:18:21,2026-04-07 14:04:17,37.0,outbound,166
ENT-01199,CPT-03621,3,20922.5,2025-11-24 17:12:01,2026-03-12 15:26:40,37.0,inbound,2
ENT-01273,CPT-03170,3,18888.15,2025-08-06 17:19:21,2026-07-29 15:39:37,37.0,outbound,10
ENT-01062,CPT-00866,4,17928.73,2025-08-04 16:50:38,2026-06-09 17:30:22,37.0,inbound,3
ENT-01440,CPT-03981,2,17878.12,2026-02-11 16:33:11,2026-06-19 17:51:30,37.0,inbound,191
ENT-01137,CPT-02870,6,16450.36,2026-01-22 17:29:31,2026-07-14 10:59:23,37.0,outbound,54
ENT-01377,CPT-03981,1,16229.0,2025-12-22 14:46:43,2025-12-22 14:46:43,37.0,inbound,191
ENT-01141,CPT-04942,2,11220.6,2026-03-17 10:48:28,2026-05-07 11:22:15,37.0,inbound,36
ENT-01418,CPT-03058,3,10147.83,2025-09-11 16:46:41,2026-05-25 10:08:12,37.0,outbound,1
ENT-01135,CPT-04299,1,9891.2,2025-08-08 09:38:46,2025-08-08 09:38:46,37.0,inbound,44
ENT-01220,CPT-02695,4,9210.43,2026-03-10 14:13:59,2026-06-25 15:55:24,37.0,outbound,166
ENT-01164,CPT-01229,4,9191.54,2025-09-29 13:53:39,2026-07-20 12:31:12,37.0,inbound,2
ENT-01082,CPT-03216,2,9083.3,2025-08-29 10:20:10,2026-02-26 14:39:20,37.0,outbound,5
ENT-01498,CPT-04299,5,8155.41,2025-09-18 10:26:21,2026-05-13 12:01:57,37.0,inbound,44
ENT-01119,CPT-03130,3,7297.15,2026-01-15 18:09:30,2026-06-25 12:03:36,37.0,outbound,1
ENT-01468,CPT-05509,2,6953.92,2025-10-28 14:43:23,2026-01-28 12:54:04,37.0,inbound,14
ENT-00821,CPT-00029,12,6600.75,2025-08-01 08:00:51,2026-07-01 09:23:25,37.0,inbound,1
ENT-01128,CPT-03106,2,6403.13,2025-12-26 14:54:25,2026-04-29 10:51:33,37.0,outbound,6
ENT-01213,CPT-03242,3,6142.0,2025-09-10 09:27:54,2025-12-30 13:37:02,37.0,outbound,34
ENT-01067,CPT-02416,4,5507.26,2025-11-18 17:55:12,2026-06-23 16:50:11,37.0,outbound,4
ENT-01328,CPT-03981,2,5328.13,2026-02-10 13:10:48,2026-06-01 14:39:11,37.0,inbound,191
ENT-01217,CPT-00594,1,5202.17,2026-06-05 10:29:19,2026-06-05 10:29:19,37.0,inbound,5
ENT-01242,CPT-03378,3,3776.92,2026-05-21 16:16:16,2026-05-28 11:25:03,37.0,outbound,1
ENT-01023,CPT-00803,8,3086.47,2025-09-26 14:15:04,2026-06-24 12:46:27,37.0,inbound;outbound,1
ENT-01246,CPT-03279,4,2710.81,2025-11-26 12:54:43,2026-05-22 17:19:08,37.0,outbound,1
ENT-01487,CPT-02766,2,2493.91,2025-12-01 17:56:50,2025-12-04 14:27:31,37.0,outbound,8
ENT-01484,CPT-02821,2,2006.86,2025-09-04 15:27:53,2025-09-04 16:03:59,37.0,outbound,28
ENT-01373,CPT-03297,1,1288.28,2026-02-25 17:58:31,2026-02-25 17:58:31,37.0,outbound,110
ENT-01281,CPT-04436,1,1137.55,2025-11-28 16:36:04,2025-11-28 16:36:04,37.0,inbound,1
ENT-01462,CPT-02459,1,888.61,2025-12-30 11:12:36,2025-12-30 11:12:36,37.0,outbound,1
ENT-00155,CPT-00016,24,50690.53,2025-08-15 08:10:35,2026-07-31 09:11:40,36.9,inbound,7
ENT-01059,CPT-02286,4,48466.51,2025-10-17 17:57:16,2026-04-21 09:01:05,36.9,inbound,17
ENT-00871,CPT-00119,24,42471.72,2025-08-15 10:39:25,2026-07-31 07:30:15,36.9,inbound,3
ENT-01093,CPT-03871,2,35782.19,2026-03-17 15:24:43,2026-04-14 14:44:33,36.9,inbound,1
ENT-01324,CPT-01210,4,27708.26,2026-03-17 17:11:26,2026-07-21 15:32:25,36.9,inbound,3
ENT-01069,CPT-05535,3,26670.94,2025-12-03 13:01:40,2026-01-08 11:54:09,36.9,inbound,1
ENT-01140,CPT-03297,5,25901.26,2025-08-19 17:39:03,2026-05-19 16:58:54,36.9,outbound,110
ENT-01206,CPT-02500,4,22891.74,2025-12-31 12:24:04,2026-07-02 13:50:42,36.9,outbound,60
ENT-01260,CPT-03160,7,22701.8,2026-01-27 14:12:13,2026-07-23 15:15:12,36.9,outbound,2
ENT-01478,CPT-03206,3,22407.04,2025-10-21 14:27:32,2026-02-10 16:47:32,36.9,outbound,38
ENT-01257,CPT-03066,7,20773.99,2026-03-03 13:45:28,2026-07-21 14:26:03,36.9,outbound,3
ENT-01176,CPT-04508,2,19982.17,2025-09-16 16:45:16,2026-07-21 14:35:34,36.9,inbound,3
ENT-01459,CPT-03896,3,19696.52,2025-09-25 09:12:22,2025-12-01 15:47:27,36.9,inbound,1
ENT-01236,CPT-05493,3,19011.7,2025-08-21 13:18:15,2026-05-11 13:53:40,36.9,inbound,2
ENT-01095,CPT-02929,3,17597.44,2025-09-16 09:33:54,2026-07-28 10:28:31,36.9,outbound,15
ENT-01301,CPT-02520,5,16572.6,2025-08-01 11:11:40,2026-05-29 09:06:41,36.9,outbound,2
ENT-01155,CPT-05078,3,16207.17,2025-11-06 13:36:54,2026-05-29 12:05:58,36.9,inbound,49
ENT-01111,CPT-05939,3,14252.7,2025-08-22 17:05:37,2026-06-30 12:08:04,36.9,inbound,1
ENT-01311,CPT-03084,2,13875.25,2025-11-20 17:28:56,2025-12-04 14:41:50,36.9,outbound,2
ENT-01125,CPT-03237,4,13406.59,2025-12-02 11:38:03,2026-07-07 14:17:33,36.9,outbound,1
ENT-01220,CPT-02613,5,13078.77,2025-10-23 12:25:03,2026-05-12 18:27:33,36.9,outbound,4
ENT-01176,CPT-03297,4,12465.24,2026-01-06 14:55:55,2026-04-21 15:02:40,36.9,outbound,110
ENT-01111,CPT-03330,4,11655.2,2026-03-19 15:27:47,2026-04-30 12:27:59,36.9,outbound,67
ENT-01417,CPT-02934,5,11046.99,2025-08-12 15:07:04,2026-06-22 17:29:36,36.9,outbound,2
ENT-01249,CPT-02965,3,10850.22,2025-11-10 09:45:25,2026-02-10 17:31:15,36.9,outbound,4
ENT-01341,CPT-04431,3,10615.0,2026-03-06 14:31:43,2026-05-03 16:01:18,36.9,inbound,1
ENT-01375,CPT-03916,4,10405.22,2025-08-27 13:46:50,2026-07-24 12:45:17,36.9,inbound,2
ENT-01381,CPT-02695,3,10217.43,2025-08-14 12:49:11,2026-07-06 17:18:04,36.9,outbound,166
ENT-01408,CPT-02826,3,10202.47,2025-09-04 10:45:04,2025-11-20 16:21:06,36.9,outbound,4
ENT-01133,CPT-02391,3,8341.76,2025-08-14 18:15:34,2025-12-23 17:00:53,36.9,outbound,3
ENT-01287,CPT-02651,3,7385.38,2025-08-26 10:46:51,2025-11-25 18:13:45,36.9,outbound,2
ENT-01417,CPT-03235,4,6857.34,2025-08-19 14:30:37,2026-06-08 12:47:21,36.9,outbound,2
ENT-01282,CPT-04303,3,6039.94,2025-10-04 16:23:30,2026-07-22 17:00:55,36.9,inbound,22
ENT-01250,CPT-03183,4,5698.26,2025-08-29 09:05:53,2026-05-11 09:44:50,36.9,outbound,1
ENT-01370,CPT-03434,3,5662.27,2026-01-09 17:23:51,2026-03-30 13:08:03,36.9,outbound,1
ENT-01427,CPT-05039,4,4743.5,2026-01-27 16:51:29,2026-07-17 14:28:05,36.9,inbound,17
ENT-01226,CPT-02664,2,3206.2,2025-09-02 17:53:57,2026-02-03 16:36:01,36.9,outbound,6
ENT-01055,CPT-03620,2,2666.04,2026-02-23 16:54:16,2026-04-16 11:05:14,36.9,inbound,2
ENT-01136,CPT-02493,1,2334.39,2026-06-04 12:44:35,2026-06-04 12:44:35,36.9,outbound,101
ENT-01497,CPT-05240,2,2105.49,2026-04-01 17:09:39,2026-04-06 11:22:40,36.9,inbound,6
ENT-00282,CPT-01795,10,2101.97,2025-09-23 08:09:28,2026-07-03 14:03:06,36.9,inbound;outbound,2
ENT-01324,CPT-04556,2,1785.42,2026-03-31 16:21:25,2026-04-09 16:09:57,36.9,inbound,7
ENT-01375,CPT-03068,2,1517.29,2026-01-15 15:59:06,2026-07-09 14:50:25,36.9,outbound,22
ENT-01213,CPT-03366,1,1399.55,2025-08-25 11:48:25,2025-08-25 11:48:25,36.9,outbound,1
ENT-01060,CPT-02695,2,1389.36,2025-09-16 17:46:12,2026-05-26 18:01:56,36.9,outbound,166
ENT-01095,CPT-02687,2,1034.66,2025-10-13 10:16:59,2026-02-25 11:54:57,36.9,outbound,15
ENT-00522,CPT-02371,7,897.47,2025-08-09 12:29:14,2026-07-30 20:26:37,36.9,inbound,3
ENT-01276,CPT-02740,1,702.54,2026-03-30 12:36:33,2026-03-30 12:36:33,36.9,outbound,5
ENT-00907,CPT-01514,1,132.61,2026-06-11 22:38:47,2026-06-11 22:38:47,36.9,outbound,8
ENT-01206,CPT-02930,12,171846.91,2025-08-29 17:50:20,2026-07-31 13:28:15,36.8,outbound,2
ENT-01289,CPT-01112,2,52601.69,2025-09-23 16:51:12,2026-04-17 17:39:57,36.8,inbound,49
ENT-01184,CPT-05783,6,50497.49,2026-01-15 12:34:00,2026-07-01 16:49:39,36.8,inbound,2
ENT-01393,CPT-02026,2,50452.87,2025-10-14 14:19:37,2026-07-31 17:53:57,36.8,inbound,1
ENT-01111,CPT-02061,1,49919.18,2026-03-18 17:33:38,2026-03-18 17:33:38,36.8,inbound,4
ENT-01176,CPT-02262,5,49600.72,2025-08-29 13:37:42,2026-06-08 11:44:37,36.8,inbound,1
ENT-01188,CPT-05290,3,36312.12,2025-08-07 12:36:27,2026-07-16 15:34:48,36.8,inbound,3
ENT-01468,CPT-05019,3,32935.26,2026-04-14 17:25:09,2026-07-30 10:37:12,36.8,inbound,1
ENT-01346,CPT-03983,3,28334.74,2025-08-19 09:28:22,2026-07-01 13:17:53,36.8,inbound,33
ENT-01399,CPT-02818,5,20543.09,2025-08-26 14:41:31,2026-07-15 10:57:09,36.8,outbound,1
ENT-01452,CPT-03216,4,16659.94,2025-10-09 13:43:13,2026-04-21 11:22:13,36.8,outbound,5
ENT-01312,CPT-05587,4,16560.42,2025-08-15 12:27:14,2026-02-19 14:20:29,36.8,inbound,3
ENT-01358,CPT-02476,4,16100.76,2025-12-25 17:40:40,2026-07-23 09:54:11,36.8,outbound,2
ENT-01207,CPT-03534,4,15779.25,2025-12-23 16:03:43,2026-06-15 15:04:13,36.8,outbound,30
ENT-01320,CPT-03448,4,14081.46,2025-09-23 14:50:51,2026-06-11 17:07:02,36.8,outbound,12
ENT-01133,CPT-02493,6,13773.45,2025-08-14 17:52:43,2026-03-12 13:35:28,36.8,outbound,101
ENT-01119,CPT-02181,2,12960.48,2025-10-13 15:18:19,2026-05-26 14:27:32,36.8,inbound,31
ENT-01131,CPT-02493,8,12711.54,2025-09-04 16:59:39,2026-03-26 13:44:44,36.8,outbound,101
ENT-00418,CPT-00094,12,11948.7,2025-08-01 10:50:42,2026-07-01 08:35:42,36.8,inbound,1
ENT-01474,CPT-03534,3,10774.33,2025-09-29 13:51:13,2026-04-27 12:58:24,36.8,outbound,30
ENT-01178,CPT-04550,2,10534.76,2026-01-28 16:17:13,2026-06-23 09:03:24,36.8,inbound,3
ENT-01326,CPT-02544,4,10363.94,2025-09-08 17:51:25,2026-04-28 11:08:10,36.8,outbound,1
ENT-01242,CPT-03415,2,9013.8,2026-02-12 14:20:57,2026-05-28 11:36:29,36.8,outbound,4
ENT-01414,CPT-02692,1,8556.25,2026-01-29 12:24:01,2026-01-29 12:24:01,36.8,outbound,19
ENT-01130,CPT-05945,2,8197.44,2025-10-06 15:17:54,2026-03-12 12:17:41,36.8,inbound,1
ENT-01093,CPT-01953,1,6844.55,2026-03-27 10:27:00,2026-03-27 10:27:00,36.8,inbound,1
ENT-01083,CPT-04713,4,6311.47,2025-11-28 16:48:05,2026-02-24 17:29:03,36.8,inbound,3
ENT-01079,CPT-02493,3,5961.64,2026-04-07 10:11:13,2026-06-16 14:00:33,36.8,outbound,101
ENT-01281,CPT-04370,2,5587.05,2026-04-25 12:46:18,2026-05-14 14:56:18,36.8,inbound,1
ENT-01260,CPT-03006,4,5253.67,2026-01-27 13:55:56,2026-06-04 12:01:26,36.8,outbound,7
ENT-01059,CPT-01112,2,5005.19,2025-12-16 17:20:02,2026-02-20 15:04:21,36.8,inbound,49
ENT-01497,CPT-04661,3,4688.63,2026-01-04 13:00:26,2026-06-18 13:28:31,36.8,inbound,26
ENT-01387,CPT-05561,1,4292.58,2025-12-29 16:25:33,2025-12-29 16:25:33,36.8,inbound,1
ENT-01150,CPT-04990,3,4210.65,2025-11-28 09:27:03,2026-02-18 09:59:28,36.8,inbound,2
ENT-01273,CPT-02527,1,3508.99,2026-01-13 15:47:52,2026-01-13 15:47:52,36.8,outbound,1
ENT-01114,CPT-03197,3,3388.24,2025-08-11 10:22:54,2026-03-20 12:53:22,36.8,outbound,39
ENT-01358,CPT-05613,1,2380.69,2025-08-07 16:11:59,2025-08-07 16:11:59,36.8,inbound,7
ENT-01367,CPT-03981,1,2279.17,2026-06-29 09:39:51,2026-06-29 09:39:51,36.8,inbound,191
ENT-01458,CPT-03176,1,1500.0,2025-10-03 13:07:38,2025-10-03 13:07:38,36.8,outbound,2
ENT-01393,CPT-04324,1,1185.17,2025-11-11 15:39:24,2025-11-11 15:39:24,36.8,inbound,71
ENT-01114,CPT-03214,1,1132.3,2025-09-10 10:34:29,2025-09-10 10:34:29,36.8,outbound,5
ENT-01210,CPT-02692,1,588.53,2025-11-28 12:53:54,2025-11-28 12:53:54,36.8,outbound,19
ENT-01153,CPT-05506,1,477.78,2025-08-24 16:26:11,2025-08-24 16:26:11,36.8,inbound,1
ENT-01255,CPT-03245,1,404.8,2026-04-30 13:52:26,2026-04-30 13:52:26,36.8,outbound,4
ENT-01379,CPT-04201,2,63263.58,2026-02-13 11:43:36,2026-06-25 13:03:47,36.7,inbound,4
ENT-01403,CPT-04879,2,61518.68,2026-04-06 13:59:31,2026-04-21 15:39:58,36.7,inbound,2
ENT-00649,CPT-00114,24,48522.94,2025-08-15 08:26:21,2026-07-31 09:52:18,36.7,inbound,2
ENT-01407,CPT-02520,10,47363.51,2025-08-19 12:57:59,2026-03-12 15:11:01,36.7,outbound,2
ENT-01130,CPT-00983,3,45806.09,2025-11-24 17:07:04,2026-06-25 15:23:46,36.7,inbound,1
ENT-01067,CPT-05523,1,33796.3,2026-07-20 14:18:24,2026-07-20 14:18:24,36.7,inbound,1
ENT-01257,CPT-04655,1,33376.5,2025-09-10 14:53:44,2025-09-10 14:53:44,36.7,inbound,5
ENT-01316,CPT-02439,8,21668.67,2025-09-16 16:53:56,2026-06-23 10:52:00,36.7,outbound,3
ENT-01398,CPT-02504,3,18645.76,2025-08-05 16:38:52,2025-10-30 15:45:32,36.7,outbound,3
ENT-01432,CPT-03972,3,17931.97,2026-02-27 16:37:32,2026-06-30 11:50:52,36.7,inbound,1
ENT-01060,CPT-01112,4,17740.64,2025-12-15 11:16:54,2026-06-26 15:08:37,36.7,inbound,49
ENT-01389,CPT-03892,7,17510.3,2025-10-07 16:31:53,2026-06-01 16:41:51,36.7,inbound,6
ENT-01311,CPT-05122,2,16826.26,2026-03-09 12:10:47,2026-04-07 13:17:11,36.7,inbound,2
ENT-01165,CPT-05713,3,14504.86,2026-03-25 16:49:23,2026-05-01 16:30:21,36.7,inbound,3
ENT-01169,CPT-01052,2,13854.3,2026-04-30 16:51:44,2026-07-27 15:41:29,36.7,inbound,2
ENT-01418,CPT-03297,3,12597.82,2025-09-15 12:12:49,2026-03-06 17:11:44,36.7,outbound,110
ENT-01408,CPT-04701,4,11898.26,2025-09-12 17:10:01,2026-07-30 13:33:32,36.7,inbound,1
ENT-01140,CPT-02638,5,11308.88,2025-10-16 09:55:42,2026-05-19 17:47:05,36.7,outbound,1
ENT-01175,CPT-03981,2,10836.46,2025-09-24 13:33:28,2026-02-25 17:47:48,36.7,inbound,191
ENT-01452,CPT-03376,5,10619.25,2025-09-04 15:49:01,2026-04-21 10:55:36,36.7,outbound,16
ENT-01340,CPT-05222,4,10612.59,2025-09-20 10:37:24,2026-03-10 14:34:45,36.7,inbound,4
ENT-01188,CPT-03981,2,10565.26,2025-08-28 09:46:19,2026-02-02 15:43:19,36.7,inbound,191
ENT-01220,CPT-03981,2,9222.71,2025-10-20 13:43:10,2026-01-26 16:46:47,36.7,inbound,191
ENT-01426,CPT-03981,2,9036.81,2025-12-15 12:01:15,2026-06-02 14:33:00,36.7,inbound,191
ENT-01268,CPT-02787,4,8922.19,2025-10-09 14:33:07,2026-06-10 12:48:38,36.7,outbound,42
ENT-01146,CPT-03702,3,8756.01,2026-03-24 15:28:53,2026-07-07 11:38:49,36.7,inbound,7
ENT-01197,CPT-04661,2,8689.99,2025-09-13 15:54:55,2026-07-08 10:11:46,36.7,inbound,26
ENT-01138,CPT-03207,3,8546.93,2025-09-16 11:12:18,2026-07-27 09:27:31,36.7,outbound,3
ENT-01478,CPT-05078,2,8117.79,2025-09-25 12:01:44,2026-03-05 12:23:46,36.7,inbound,49
ENT-01453,CPT-05279,2,7894.73,2025-09-08 15:25:53,2026-02-09 09:31:05,36.7,inbound,2
ENT-01348,CPT-03981,4,7807.1,2025-08-14 17:49:32,2026-06-23 10:24:33,36.7,inbound,191
ENT-01450,CPT-03197,3,7341.85,2025-09-02 14:25:23,2026-06-12 11:10:04,36.7,outbound,39
ENT-01148,CPT-03729,2,6585.06,2025-09-04 11:07:32,2025-09-15 14:04:49,36.7,inbound,69
ENT-01200,CPT-02447,2,6129.88,2026-03-10 11:00:57,2026-07-07 12:34:30,36.7,outbound,3
ENT-01456,CPT-04299,3,5972.7,2026-02-27 15:20:58,2026-07-28 14:06:40,36.7,inbound,44
ENT-01212,CPT-04901,2,5836.46,2025-09-20 10:38:58,2026-05-22 09:45:20,36.7,inbound,9
ENT-01101,CPT-02695,3,5459.14,2025-10-03 09:04:55,2026-03-06 14:24:48,36.7,outbound,166
ENT-01356,CPT-01086,2,4501.74,2025-11-10 09:00:53,2026-07-22 14:31:02,36.7,inbound,1
ENT-01441,CPT-03680,1,4423.31,2026-07-09 17:42:16,2026-07-09 17:42:16,36.7,inbound,1
ENT-01370,CPT-02652,2,4374.51,2025-10-24 13:18:29,2026-05-12 11:43:54,36.7,outbound,4
ENT-01249,CPT-03448,2,4191.74,2025-08-12 10:17:37,2026-07-27 12:18:22,36.7,outbound,12
ENT-01357,CPT-03107,4,4121.13,2025-09-08 14:41:02,2026-05-06 12:33:56,36.7,outbound,4
ENT-01393,CPT-02881,2,2962.28,2025-10-21 11:20:34,2025-10-21 11:59:44,36.7,outbound,2
ENT-01142,CPT-01968,2,2825.05,2025-08-08 15:16:27,2025-11-15 15:48:14,36.7,inbound,6
ENT-01162,CPT-02758,1,2656.9,2025-08-08 11:00:08,2025-08-08 11:00:08,36.7,outbound,35
ENT-01281,CPT-05359,1,1820.66,2025-10-19 09:54:51,2025-10-19 09:54:51,36.7,inbound,2
ENT-01487,CPT-02582,2,1394.37,2025-10-28 15:23:38,2026-03-24 11:19:35,36.7,outbound,1
ENT-01472,CPT-05877,1,1194.24,2026-05-25 11:01:39,2026-05-25 11:01:39,36.7,inbound,2
ENT-00625,CPT-01206,2,1007.52,2026-01-20 20:50:20,2026-07-03 16:40:08,36.7,outbound,6
ENT-01096,CPT-04786,1,417.75,2026-06-14 13:10:35,2026-06-14 13:10:35,36.7,inbound,5
ENT-01280,CPT-03981,1,272.62,2025-08-06 17:48:23,2025-08-06 17:48:23,36.7,inbound,191
ENT-00797,CPT-04462,1,80.21,2026-05-08 10:11:38,2026-05-08 10:11:38,36.7,outbound,3
ENT-00424,CPT-04004,1,57.45,2026-06-17 12:47:54,2026-06-17 12:47:54,36.7,outbound,7
ENT-01292,CPT-02889,24,306021.55,2025-08-15 17:22:43,2026-07-31 10:36:18,36.6,outbound,3
ENT-01122,CPT-04324,4,62222.77,2025-08-05 17:33:27,2026-04-09 15:43:37,36.6,inbound,71
ENT-01471,CPT-05615,10,51642.06,2025-09-17 10:13:11,2026-07-03 10:57:40,36.6,inbound,2
ENT-01483,CPT-02286,5,38964.89,2025-11-19 11:37:35,2026-03-16 12:01:13,36.6,inbound,17
ENT-01111,CPT-04139,2,29656.62,2025-12-09 09:30:00,2026-05-12 17:23:10,36.6,inbound,2
ENT-01259,CPT-00839,4,28036.06,2025-11-10 16:32:01,2026-07-20 16:00:25,36.6,inbound,1
ENT-01200,CPT-03563,4,24493.39,2025-09-25 17:34:45,2026-06-02 13:08:12,36.6,outbound,1
ENT-01357,CPT-03342,3,21483.36,2025-12-16 10:29:05,2026-05-25 16:00:33,36.6,outbound,14
ENT-01341,CPT-02184,4,21175.77,2025-08-09 16:07:56,2026-07-27 12:25:36,36.6,inbound,2
ENT-01119,CPT-04689,2,19428.3,2025-09-25 13:28:20,2025-10-16 10:32:06,36.6,inbound,1
ENT-01255,CPT-04468,5,19250.63,2025-12-10 13:41:21,2026-05-05 12:00:35,36.6,inbound,5
ENT-01170,CPT-04004,3,19159.21,2025-10-23 11:53:25,2026-05-18 13:34:56,36.6,inbound,7
ENT-01051,CPT-04258,2,19014.02,2025-09-25 12:51:45,2026-04-07 10:10:12,36.6,inbound,2
ENT-01287,CPT-03981,3,18563.62,2025-08-15 17:58:29,2026-05-21 12:08:58,36.6,inbound,191
ENT-01415,CPT-05407,2,17754.38,2026-01-14 12:34:01,2026-07-28 15:37:11,36.6,inbound,2
ENT-01164,CPT-03983,10,17522.29,2025-10-07 10:09:23,2026-07-26 17:27:27,36.6,inbound,33
ENT-01385,CPT-02692,7,15061.13,2025-10-21 13:26:18,2026-03-12 09:53:04,36.6,outbound,19
ENT-01261,CPT-02493,5,13556.6,2025-09-01 14:28:23,2026-04-07 10:08:01,36.6,outbound,101
ENT-01170,CPT-03729,2,10881.94,2026-04-14 11:19:59,2026-05-20 17:04:05,36.6,inbound,69
ENT-01426,CPT-01047,2,10561.36,2025-11-03 16:18:26,2026-02-12 15:49:52,36.6,inbound,9
ENT-01096,CPT-02049,4,9921.32,2025-11-08 15:00:16,2026-05-21 12:37:31,36.6,inbound,1
ENT-01185,CPT-03044,3,8700.43,2026-05-18 10:10:39,2026-07-14 17:10:35,36.6,outbound,1
ENT-01317,CPT-02899,3,8438.09,2025-11-18 12:59:22,2026-07-17 15:48:30,36.6,outbound,3
ENT-01170,CPT-05341,3,8266.95,2025-09-29 11:49:05,2026-04-30 13:02:50,36.6,inbound,2
ENT-01189,CPT-03981,1,7935.71,2026-04-22 12:49:49,2026-04-22 12:49:49,36.6,inbound,191
ENT-01082,CPT-02787,2,7443.14,2026-01-22 17:53:17,2026-02-02 14:48:28,36.6,outbound,42
ENT-01122,CPT-02767,1,7416.2,2026-07-07 14:19:51,2026-07-07 14:19:51,36.6,outbound,3
ENT-01126,CPT-02401,2,6554.88,2026-05-14 14:59:19,2026-06-16 11:29:59,36.6,outbound,1
ENT-01456,CPT-03101,2,5566.15,2026-03-31 10:30:17,2026-06-01 09:53:42,36.6,outbound,6
ENT-01136,CPT-04943,2,5342.48,2025-12-17 15:39:17,2026-06-16 13:17:28,36.6,inbound,1
ENT-01211,CPT-03981,2,4792.33,2025-12-19 11:46:59,2026-01-20 09:52:51,36.6,inbound,191
ENT-01446,CPT-02498,1,4560.81,2026-05-15 17:08:45,2026-05-15 17:08:45,36.6,outbound,45
ENT-01260,CPT-03037,2,4524.15,2026-05-12 16:48:38,2026-07-30 14:48:31,36.6,outbound,10
ENT-01317,CPT-03128,3,4264.46,2026-02-09 16:23:24,2026-06-25 13:44:08,36.6,outbound,10
ENT-01067,CPT-04256,1,3487.03,2026-06-29 17:14:02,2026-06-29 17:14:02,36.6,inbound,2
ENT-01133,CPT-04592,1,3219.81,2026-01-13 12:39:07,2026-01-13 12:39:07,36.6,inbound,17
ENT-01270,CPT-02493,2,3089.47,2025-11-05 10:04:52,2026-05-08 12:12:38,36.6,outbound,101
ENT-01212,CPT-02498,1,2881.79,2026-07-15 11:58:12,2026-07-15 11:58:12,36.6,outbound,45
ENT-01175,CPT-05333,2,2536.8,2026-02-11 13:23:28,2026-04-30 13:25:24,36.6,inbound,1
ENT-01088,CPT-04672,1,2420.68,2026-07-31 14:58:40,2026-07-31 14:58:40,36.6,inbound,14
ENT-01331,CPT-05355,3,2256.99,2025-09-08 10:35:29,2026-02-01 15:26:57,36.6,inbound,9
ENT-01083,CPT-01657,4,2187.51,2025-11-15 15:17:24,2026-06-22 14:03:30,36.6,inbound,2
ENT-01092,CPT-03116,1,2146.67,2026-05-26 16:32:52,2026-05-26 16:32:52,36.6,outbound,17
ENT-01456,CPT-05072,1,1794.51,2025-11-30 12:32:18,2025-11-30 12:32:18,36.6,inbound,31
ENT-01467,CPT-04250,1,1761.27,2026-01-16 17:09:49,2026-01-16 17:09:49,36.6,inbound,1
ENT-01124,CPT-02493,1,1264.29,2026-05-26 12:58:35,2026-05-26 12:58:35,36.6,outbound,101
ENT-01023,CPT-01838,8,991.28,2025-08-31 12:46:32,2026-06-02 19:03:37,36.6,inbound;outbound,24
ENT-00675,CPT-00998,3,634.52,2025-08-25 11:10:05,2026-04-19 20:04:08,36.6,inbound;outbound,3
ENT-01146,CPT-05537,3,54749.85,2026-01-20 11:58:48,2026-07-09 10:27:33,36.5,inbound,1
ENT-01356,CPT-01432,4,53118.66,2025-09-16 14:06:50,2026-05-22 17:18:00,36.5,inbound,6
ENT-01387,CPT-01768,3,52444.14,2025-10-20 10:27:02,2026-07-13 17:31:34,36.5,inbound,1
ENT-01140,CPT-01383,4,48784.51,2025-08-04 16:22:56,2026-06-22 13:06:07,36.5,inbound,13
ENT-01176,CPT-04726,3,48445.8,2025-09-11 12:56:47,2025-12-24 17:52:29,36.5,inbound,2
ENT-01459,CPT-01547,4,47932.31,2025-10-14 16:01:18,2026-05-06 13:22:51,36.5,inbound,1
ENT-01093,CPT-03017,8,45756.59,2025-10-21 13:53:03,2026-07-02 10:23:28,36.5,outbound,4
ENT-01148,CPT-04371,4,44668.42,2025-08-25 13:18:53,2026-05-20 15:28:19,36.5,inbound,19
ENT-01184,CPT-02500,12,40457.9,2025-08-21 13:20:01,2026-06-04 15:19:25,36.5,outbound,60
ENT-01483,CPT-03731,5,38125.19,2025-10-27 12:08:26,2026-05-07 16:08:02,36.5,inbound,22
ENT-00149,CPT-00360,12,37800.0,2025-08-01 19:06:18,2026-07-02 17:28:46,36.5,outbound,9
ENT-01402,CPT-01664,2,36988.12,2026-06-08 09:39:03,2026-06-18 14:04:53,36.5,inbound,1
ENT-01395,CPT-02181,4,28441.83,2025-08-14 17:58:18,2026-04-10 10:32:31,36.5,inbound,31
ENT-01184,CPT-05072,3,27163.07,2025-11-25 17:48:34,2026-07-31 13:34:59,36.5,inbound,31
ENT-01452,CPT-00653,4,26459.42,2026-02-10 09:25:46,2026-07-23 15:19:19,36.5,inbound,1
ENT-01194,CPT-02722,5,26045.32,2025-09-23 15:14:50,2026-04-14 14:08:38,36.5,outbound,1
ENT-01193,CPT-02787,5,25063.93,2025-08-12 15:25:04,2026-04-10 16:35:32,36.5,outbound,42
ENT-01245,CPT-01285,3,19825.59,2025-10-06 11:48:04,2026-07-20 09:22:10,36.5,inbound,25
ENT-01092,CPT-01531,4,19233.5,2025-12-05 09:31:58,2026-07-16 12:50:42,36.5,inbound,4
ENT-01448,CPT-01020,4,17511.67,2025-08-04 11:33:08,2026-07-08 13:32:50,36.5,inbound,11
ENT-01151,CPT-02431,3,16882.65,2025-08-14 11:44:46,2025-08-21 13:42:15,36.5,outbound,30
ENT-01100,CPT-05107,4,16316.66,2025-08-12 14:23:18,2026-06-01 09:28:07,36.5,inbound,15
ENT-01232,CPT-02771,4,15923.37,2025-08-07 17:55:31,2026-06-05 13:16:41,36.5,outbound,25
ENT-01312,CPT-05486,3,13707.52,2025-11-26 15:01:40,2026-07-16 16:47:54,36.5,inbound,5
ENT-00880,CPT-02181,9,13498.43,2025-08-13 16:22:42,2026-07-24 21:16:38,36.5,inbound;outbound,31
ENT-01474,CPT-02431,4,13399.32,2025-08-19 16:15:57,2026-06-02 17:35:54,36.5,outbound,30
ENT-01441,CPT-02715,4,13310.51,2026-01-20 11:43:34,2026-05-07 13:57:47,36.5,outbound,13
ENT-01407,CPT-04945,2,12801.12,2025-12-18 13:53:14,2026-06-16 09:40:54,36.5,inbound,24
ENT-01485,CPT-02460,2,12447.56,2026-04-16 16:03:07,2026-07-22 11:38:51,36.5,outbound,4
ENT-01120,CPT-02789,5,12279.99,2026-01-01 17:24:30,2026-06-11 17:30:04,36.5,outbound,1
ENT-01425,CPT-03637,9,11969.85,2025-08-08 10:31:10,2026-05-04 16:22:19,36.5,inbound,3
ENT-01178,CPT-03429,5,11936.85,2025-10-21 10:34:38,2026-06-18 15:29:22,36.5,outbound,3
ENT-01353,CPT-05319,3,11377.63,2025-10-03 17:51:43,2026-03-02 15:54:30,36.5,inbound,4
ENT-01197,CPT-05831,4,9940.74,2025-08-09 13:27:59,2026-07-23 15:41:06,36.5,inbound,4
ENT-00386,CPT-00577,6,9750.0,2025-08-02 14:42:53,2026-07-01 12:00:24,36.5,outbound,1
ENT-01140,CPT-04586,1,9105.07,2025-12-23 17:23:15,2025-12-23 17:23:15,36.5,inbound,1
ENT-01497,CPT-05903,5,8035.94,2025-08-17 15:55:24,2026-03-12 09:40:25,36.5,inbound,2
ENT-01153,CPT-00919,3,7162.39,2025-09-13 13:33:56,2025-12-05 14:53:16,36.5,inbound,5
ENT-01345,CPT-05815,1,6864.9,2025-10-08 15:36:52,2025-10-08 15:36:52,36.5,inbound,2
ENT-01189,CPT-03568,2,5947.05,2026-06-11 11:02:16,2026-07-28 15:30:44,36.5,outbound,2
ENT-01115,CPT-04698,6,5799.99,2025-08-14 14:38:28,2026-04-16 12:39:40,36.5,inbound,1
ENT-01277,CPT-04686,2,5416.73,2025-12-19 12:03:51,2026-07-28 12:37:04,36.5,inbound,4
ENT-01090,CPT-03324,2,4974.79,2025-08-11 14:33:40,2026-03-16 13:23:14,36.5,outbound,6
ENT-01375,CPT-05501,2,3687.97,2026-04-13 15:49:54,2026-06-08 13:15:51,36.5,inbound,1
ENT-01487,CPT-03394,2,3399.19,2025-08-12 11:43:24,2026-03-16 15:49:20,36.5,outbound,2
ENT-01193,CPT-02414,2,2968.66,2026-01-23 09:53:09,2026-04-23 17:06:21,36.5,outbound,22
ENT-01130,CPT-02695,3,2592.13,2025-09-23 12:16:42,2025-12-02 15:39:29,36.5,outbound,166
ENT-01380,CPT-04371,2,2516.16,2026-04-16 15:44:35,2026-05-31 14:36:56,36.5,inbound,19
ENT-01432,CPT-03981,1,2468.44,2026-06-03 13:12:11,2026-06-03 13:12:11,36.5,inbound,191
ENT-01416,CPT-02567,2,2127.06,2026-06-16 12:26:07,2026-07-15 10:29:09,36.5,outbound,4
ENT-01069,CPT-02992,3,1147.33,2025-09-04 10:00:39,2026-03-19 12:28:04,36.5,outbound,2
ENT-00418,CPT-04024,2,272.55,2025-08-01 22:51:13,2025-11-10 10:04:44,36.5,outbound,1
ENT-00675,CPT-03981,2,261.34,2026-02-03 13:35:52,2026-05-05 13:53:59,36.5,outbound,191
ENT-01357,CPT-02498,10,59846.79,2025-10-23 13:41:49,2026-07-27 13:41:43,36.4,outbound,45
ENT-01299,CPT-03701,3,59658.88,2025-08-29 16:24:24,2026-02-06 10:56:31,36.4,inbound,2
ENT-01137,CPT-03265,19,43872.61,2025-08-19 11:23:41,2026-07-23 10:53:00,36.4,outbound,1
ENT-01266,CPT-02056,2,41583.23,2026-02-12 17:23:57,2026-05-22 16:50:10,36.4,inbound,1
ENT-01152,CPT-03882,2,36689.29,2025-10-06 10:14:17,2026-07-23 16:15:38,36.4,inbound,4
ENT-01460,CPT-05450,6,31655.37,2025-08-22 09:41:08,2026-07-31 14:46:20,36.4,inbound,29
ENT-01148,CPT-00774,5,26757.95,2025-09-17 13:56:42,2026-06-10 10:43:59,36.4,inbound,13
ENT-01346,CPT-03116,4,26522.27,2025-10-07 10:19:33,2026-07-16 11:34:25,36.4,outbound,17
ENT-01051,CPT-05789,4,26238.26,2025-08-26 11:00:57,2026-06-22 09:07:11,36.4,inbound,5
ENT-01059,CPT-05765,3,22026.88,2025-09-22 11:12:17,2026-06-23 12:03:24,36.4,inbound,2
ENT-01477,CPT-02695,3,21811.46,2025-08-26 10:05:22,2026-02-19 12:18:05,36.4,outbound,166
ENT-01224,CPT-03759,6,21496.94,2025-08-07 17:15:48,2026-07-28 10:01:39,36.4,inbound,4
ENT-01428,CPT-02540,2,21243.04,2025-10-03 11:51:01,2026-07-22 14:11:24,36.4,outbound,5
ENT-01132,CPT-02869,7,18382.62,2025-08-14 12:58:50,2026-07-02 17:57:28,36.4,outbound,3
ENT-01165,CPT-05189,9,17534.68,2025-09-04 17:30:42,2026-05-28 16:51:20,36.4,inbound,11
ENT-01387,CPT-00798,2,17328.55,2025-08-07 12:44:16,2026-07-03 11:57:32,36.4,inbound,2
ENT-01239,CPT-04219,5,14211.95,2025-09-27 17:12:58,2026-06-26 10:39:29,36.4,inbound,5
ENT-01120,CPT-03442,6,13336.28,2025-08-14 12:30:10,2026-05-28 11:15:10,36.4,outbound,3
ENT-01282,CPT-04419,5,13230.47,2025-08-19 15:06:42,2026-07-10 10:33:15,36.4,inbound,11
ENT-01345,CPT-05359,2,12593.97,2025-10-15 11:04:33,2026-01-02 15:43:09,36.4,inbound,2
ENT-01069,CPT-04281,4,12204.72,2025-09-17 09:57:07,2026-01-26 17:24:02,36.4,inbound,2
ENT-01060,CPT-02447,3,11375.21,2025-08-07 16:46:16,2026-04-02 11:59:58,36.4,outbound,3
ENT-01476,CPT-05288,1,9943.02,2026-04-10 13:23:06,2026-04-10 13:23:06,36.4,inbound,1
ENT-01340,CPT-03981,2,9896.89,2025-08-08 15:09:42,2026-05-25 13:24:44,36.4,inbound,191
ENT-01246,CPT-02695,3,8945.93,2026-02-04 13:37:50,2026-05-19 11:36:23,36.4,outbound,166
ENT-01159,CPT-02530,4,8637.35,2025-09-11 10:39:40,2025-11-20 16:03:34,36.4,outbound,3
ENT-01276,CPT-03085,4,8113.92,2026-01-09 09:09:04,2026-07-09 10:35:16,36.4,outbound,9
ENT-01326,CPT-02832,2,8017.66,2026-01-01 14:29:58,2026-03-27 13:20:12,36.4,outbound,6
ENT-01450,CPT-02664,2,7141.52,2025-10-23 17:52:19,2026-04-20 13:55:01,36.4,outbound,6
ENT-01289,CPT-02829,2,6822.38,2026-01-22 12:30:28,2026-03-26 18:00:02,36.4,outbound,1
ENT-01200,CPT-04726,2,6706.84,2026-05-28 12:15:42,2026-06-10 09:56:04,36.4,inbound,2
ENT-01358,CPT-03217,5,6675.72,2025-11-04 13:47:35,2026-07-23 09:24:56,36.4,outbound,2
ENT-01175,CPT-05469,2,6633.94,2025-10-16 17:41:04,2026-07-01 09:36:44,36.4,inbound,1
ENT-01250,CPT-03528,2,6478.87,2026-02-13 10:56:35,2026-06-16 10:30:05,36.4,outbound,9
ENT-01421,CPT-03089,3,6124.77,2026-01-13 12:24:32,2026-03-30 14:20:40,36.4,outbound,1
ENT-01345,CPT-05120,1,5557.49,2025-11-14 10:16:23,2025-11-14 10:16:23,36.4,inbound,1
ENT-01428,CPT-02500,2,3501.94,2026-03-25 11:08:34,2026-04-03 17:16:21,36.4,outbound,60
ENT-01210,CPT-02695,2,2837.93,2026-05-27 13:18:41,2026-07-07 11:41:41,36.4,outbound,166
ENT-00505,CPT-04569,4,2475.06,2025-10-01 20:26:15,2025-12-26 17:25:38,36.4,outbound,3
ENT-01231,CPT-03981,2,2193.62,2025-08-29 10:05:15,2025-12-01 11:15:41,36.4,inbound,191
ENT-00882,CPT-02100,3,1577.88,2025-12-21 17:32:53,2026-02-10 19:00:27,36.4,outbound,3
ENT-00474,CPT-00712,3,1136.99,2025-12-08 13:54:32,2026-02-04 19:38:32,36.4,outbound,2
ENT-01255,CPT-04337,1,1114.02,2026-01-16 09:13:11,2026-01-16 09:13:11,36.4,inbound,10
ENT-00675,CPT-01440,6,794.19,2025-08-17 12:35:40,2026-06-04 15:52:03,36.4,inbound;outbound,22
ENT-01138,CPT-03098,1,399.09,2026-06-09 11:19:39,2026-06-09 11:19:39,36.4,outbound,6
ENT-00424,CPT-05760,2,234.53,2025-09-22 15:14:12,2026-07-31 14:59:20,36.4,outbound,1
ENT-00386,CPT-02334,1,35.44,2025-09-20 16:37:15,2025-09-20 16:37:15,36.4,outbound,1
ENT-01179,CPT-05572,8,70301.68,2025-09-11 12:56:06,2026-05-08 15:12:25,36.3,inbound,4
ENT-01122,CPT-05060,2,67834.91,2025-12-04 14:00:36,2026-03-27 17:02:53,36.3,inbound,4
ENT-01093,CPT-04408,3,62519.15,2026-02-20 12:35:35,2026-06-17 13:40:56,36.3,inbound,4
ENT-01471,CPT-02104,4,47380.13,2026-03-10 15:10:04,2026-06-01 13:54:58,36.3,inbound,2
ENT-01259,CPT-00661,3,46912.1,2025-09-29 09:47:12,2026-06-23 13:32:45,36.3,inbound,1
ENT-01055,CPT-03330,14,42742.59,2025-11-18 10:44:38,2026-03-12 11:31:53,36.3,outbound,67
ENT-01233,CPT-03197,11,32969.78,2025-08-19 14:23:32,2026-06-16 16:13:43,36.3,outbound,39
ENT-01423,CPT-04644,4,32690.17,2025-12-26 11:32:54,2026-07-01 15:38:22,36.3,inbound,1
ENT-01384,CPT-03017,5,32095.34,2026-01-21 14:02:24,2026-05-20 11:16:22,36.3,outbound,4
ENT-01120,CPT-03981,3,30875.82,2025-11-26 10:49:48,2026-01-30 13:22:08,36.3,inbound,191
ENT-01188,CPT-00670,3,28038.54,2025-08-13 09:41:49,2026-06-24 15:48:48,36.3,inbound,1
ENT-01345,CPT-03217,4,21510.04,2025-09-23 12:26:07,2025-12-18 17:45:22,36.3,outbound,2
ENT-01353,CPT-04923,3,18433.25,2025-12-05 12:23:08,2026-04-13 10:55:53,36.3,inbound,4
ENT-01079,CPT-05517,3,17238.81,2025-08-19 12:51:35,2026-02-13 11:52:10,36.3,inbound,6
ENT-01010,CPT-01243,9,13228.55,2025-08-26 19:30:00,2026-07-13 13:03:14,36.3,inbound;outbound,3
ENT-01385,CPT-05892,3,12715.65,2025-10-07 10:14:56,2026-07-17 13:07:52,36.3,inbound,1
ENT-01455,CPT-01148,4,12440.85,2025-10-21 16:34:27,2026-06-30 17:15:00,36.3,inbound,4
ENT-01252,CPT-03981,2,11544.58,2025-10-29 17:13:04,2026-02-02 14:58:07,36.3,inbound,191
ENT-01159,CPT-05766,1,11531.67,2025-09-05 11:27:39,2025-09-05 11:27:39,36.3,inbound,6
ENT-01339,CPT-03981,2,10691.28,2026-02-19 16:38:47,2026-04-09 09:11:30,36.3,inbound,191
ENT-01057,CPT-01629,3,8933.04,2025-09-03 10:11:28,2026-04-29 13:15:41,36.3,inbound,2
ENT-01268,CPT-02460,5,8294.63,2025-09-19 11:14:41,2026-05-06 12:27:47,36.3,outbound,4
ENT-01260,CPT-04945,1,7212.16,2025-09-17 14:05:19,2025-09-17 14:05:19,36.3,inbound,24
ENT-01111,CPT-01112,1,7165.61,2026-01-05 14:14:04,2026-01-05 14:14:04,36.3,inbound,49
ENT-01270,CPT-02814,4,6940.1,2025-08-19 12:59:23,2026-04-23 09:53:21,36.3,outbound,1
ENT-01261,CPT-04963,5,6668.96,2025-10-06 16:44:18,2026-04-16 13:47:39,36.3,inbound,5
ENT-01497,CPT-01364,5,5763.09,2025-10-04 11:41:22,2026-06-17 14:40:29,36.3,inbound,1
ENT-01119,CPT-03293,3,5511.54,2025-08-26 18:01:41,2026-06-25 11:26:33,36.3,outbound,3
ENT-01140,CPT-02548,4,4938.65,2025-08-19 17:16:30,2026-02-26 11:43:11,36.3,outbound,4
ENT-01232,CPT-04592,4,4651.27,2025-11-13 09:42:28,2026-02-20 15:41:47,36.3,inbound,17
ENT-00036,CPT-01880,9,4567.19,2025-09-26 17:44:37,2026-05-18 15:24:59,36.3,inbound;outbound,1
ENT-01301,CPT-02906,2,4500.7,2026-05-15 17:56:39,2026-07-15 10:18:03,36.3,outbound,3
ENT-01360,CPT-02076,2,3545.83,2025-08-14 17:35:27,2025-09-08 10:53:48,36.3,inbound,1
ENT-01231,CPT-05078,3,3494.88,2025-10-24 15:15:37,2026-07-30 09:52:30,36.3,inbound,49
ENT-01194,CPT-02500,3,3307.11,2025-09-16 13:36:55,2026-02-10 15:25:34,36.3,outbound,60
ENT-01184,CPT-05017,1,2798.93,2026-05-11 09:29:44,2026-05-11 09:29:44,36.3,inbound,64
ENT-01231,CPT-01224,2,2603.67,2026-03-19 10:12:11,2026-04-23 10:42:15,36.3,inbound,2
ENT-01403,CPT-03981,1,1553.17,2025-10-31 13:35:29,2025-10-31 13:35:29,36.3,inbound,191
ENT-01150,CPT-01495,1,1187.7,2025-12-27 11:26:35,2025-12-27 11:26:35,36.3,inbound,2
ENT-01403,CPT-03797,1,990.76,2025-09-17 14:01:54,2025-09-17 14:01:54,36.3,inbound,3
ENT-01097,CPT-03297,1,669.34,2026-06-03 09:50:38,2026-06-03 09:50:38,36.3,outbound,110
ENT-00689,CPT-00942,4,511.37,2025-10-16 09:23:08,2026-04-06 13:51:12,36.3,inbound,1
ENT-01171,CPT-04527,1,209.89,2025-08-29 10:42:38,2025-08-29 10:42:38,36.3,inbound,7
ENT-01423,CPT-03882,2,35994.14,2025-10-14 09:49:35,2026-02-11 12:56:22,36.2,inbound,4
ENT-01375,CPT-01120,2,34690.83,2026-04-21 09:29:44,2026-07-23 14:46:24,36.2,inbound,1
ENT-01459,CPT-04214,3,30737.19,2025-09-03 11:29:37,2026-04-21 14:54:08,36.2,inbound,7
ENT-01228,CPT-00858,4,27687.39,2025-09-01 15:48:02,2026-07-07 09:48:30,36.2,inbound,4
ENT-01358,CPT-05270,5,27200.77,2025-10-13 15:09:04,2026-05-14 17:24:38,36.2,inbound,2
ENT-01137,CPT-05712,4,25836.87,2025-10-29 09:25:11,2026-07-14 15:24:27,36.2,inbound,3
ENT-01452,CPT-03232,5,24284.62,2025-09-04 15:32:43,2026-02-10 16:21:26,36.2,outbound,4
ENT-01151,CPT-02758,9,23614.62,2025-08-14 10:57:55,2026-07-07 16:58:47,36.2,outbound,35
ENT-01184,CPT-03330,10,20215.28,2025-10-21 12:31:32,2026-06-04 14:42:21,36.2,outbound,67
ENT-01456,CPT-02406,5,19449.54,2026-04-07 16:03:14,2026-07-15 15:22:42,36.2,outbound,3
ENT-01460,CPT-03613,4,17640.99,2026-04-20 14:38:41,2026-07-13 15:21:17,36.2,inbound,3
ENT-01417,CPT-02695,3,16814.08,2026-02-10 13:13:38,2026-06-26 09:40:44,36.2,outbound,166
ENT-01395,CPT-04832,3,15053.08,2025-08-13 16:36:34,2025-11-14 17:11:23,36.2,inbound,25
ENT-01064,CPT-03111,4,13580.91,2025-08-04 10:43:02,2026-06-01 17:42:22,36.2,outbound,1
ENT-01472,CPT-04350,3,13558.25,2025-12-04 11:17:11,2026-06-09 16:24:19,36.2,inbound,15
ENT-01377,CPT-03242,5,13418.89,2025-09-09 10:31:12,2025-12-04 15:56:37,36.2,outbound,34
ENT-01101,CPT-02821,2,12780.75,2026-01-16 13:22:23,2026-05-14 13:29:24,36.2,outbound,28
ENT-01305,CPT-01463,3,12397.06,2026-03-16 14:53:23,2026-06-08 17:40:20,36.2,inbound,3
ENT-01328,CPT-04846,2,12167.87,2025-08-27 12:50:43,2026-07-20 17:49:14,36.2,inbound,2
ENT-01472,CPT-02887,6,12014.4,2025-10-09 11:52:54,2026-05-14 15:19:22,36.2,outbound,15
ENT-01178,CPT-04878,1,11723.98,2025-12-26 13:13:23,2025-12-26 13:13:23,36.2,inbound,2
ENT-00036,CPT-05189,3,11253.33,2025-12-12 15:00:09,2026-07-13 20:54:09,36.2,outbound,11
ENT-01453,CPT-04385,1,9651.72,2026-03-26 15:17:00,2026-03-26 15:17:00,36.2,inbound,1
ENT-01266,CPT-05017,1,9520.08,2026-07-29 13:18:04,2026-07-29 13:18:04,36.2,inbound,64
ENT-01328,CPT-01654,2,9409.05,2026-02-26 17:49:53,2026-05-15 10:35:45,36.2,inbound,2
ENT-01135,CPT-03981,3,9076.79,2026-01-06 09:20:56,2026-05-11 13:46:21,36.2,inbound,191
ENT-01069,CPT-02929,3,7393.79,2025-10-02 18:14:58,2026-03-19 11:58:00,36.2,outbound,15
ENT-01344,CPT-02748,2,7237.29,2025-09-09 17:53:14,2025-11-27 11:17:30,36.2,outbound,13
ENT-01212,CPT-03729,2,6703.93,2026-04-23 12:44:40,2026-06-14 13:52:22,36.2,inbound,69
ENT-01204,CPT-03139,5,6549.74,2025-10-02 15:14:06,2026-07-30 12:25:03,36.2,outbound,21
ENT-01391,CPT-03150,5,5767.13,2026-01-23 11:38:47,2026-05-26 12:24:35,36.2,outbound,3
ENT-01183,CPT-05041,3,5633.87,2025-08-19 17:53:40,2026-01-16 13:25:44,36.2,inbound,4
ENT-00036,CPT-00599,13,4578.57,2025-08-15 18:26:52,2026-04-10 16:04:53,36.2,inbound;outbound,2
ENT-01262,CPT-03594,3,4410.13,2025-12-20 10:07:58,2026-04-29 17:32:18,36.2,inbound,2
ENT-01465,CPT-05122,2,4360.23,2025-09-02 10:47:14,2026-02-03 11:31:28,36.2,inbound,2
ENT-01056,CPT-02741,1,3899.6,2025-08-20 14:07:57,2025-08-20 14:07:57,36.2,outbound,1
ENT-00880,CPT-01350,3,3408.88,2025-08-22 10:19:52,2026-03-03 16:50:36,36.2,inbound;outbound,4
ENT-01100,CPT-03502,1,1423.08,2025-12-23 10:54:25,2025-12-23 10:54:25,36.2,outbound,3
ENT-01176,CPT-03531,1,1415.73,2026-01-06 15:00:14,2026-01-06 15:00:14,36.2,outbound,1
ENT-01275,CPT-02877,1,1115.69,2025-10-28 13:48:14,2025-10-28 13:48:14,36.2,outbound,1
ENT-01474,CPT-03233,1,847.97,2025-10-27 12:06:05,2025-10-27 12:06:05,36.2,outbound,2
ENT-01273,CPT-03197,1,553.2,2026-01-28 15:47:35,2026-01-28 15:47:35,36.2,outbound,39
ENT-00296,CPT-05078,1,495.0,2026-01-17 11:53:13,2026-01-17 11:53:13,36.2,outbound,49
ENT-00982,CPT-01714,1,64.47,2025-09-23 17:06:34,2025-09-23 17:06:34,36.2,outbound,3
ENT-01125,CPT-02265,8,95131.37,2025-09-05 09:38:52,2026-07-29 13:44:01,36.1,inbound,1
ENT-01287,CPT-01807,2,47417.03,2025-12-10 13:58:12,2026-05-21 17:12:05,36.1,inbound,1
ENT-01061,CPT-03695,3,41257.84,2025-11-13 11:47:06,2026-04-22 13:00:39,36.1,inbound,12
ENT-01131,CPT-05057,2,35727.13,2026-04-16 15:54:12,2026-04-21 09:49:22,36.1,inbound,2
ENT-01414,CPT-05143,1,30627.53,2026-01-26 09:27:10,2026-01-26 09:27:10,36.1,inbound,4
ENT-01328,CPT-03729,4,25874.7,2025-09-23 12:36:17,2026-04-15 17:40:17,36.1,inbound,69
ENT-01468,CPT-02004,4,25662.75,2025-11-05 10:28:27,2026-07-29 09:08:33,36.1,inbound,2
ENT-01132,CPT-02238,3,25479.51,2025-09-03 16:50:00,2026-06-11 11:26:45,36.1,inbound,3
ENT-01324,CPT-04808,3,23976.35,2026-04-21 14:12:49,2026-06-29 16:56:56,36.1,inbound,6
ENT-01204,CPT-05639,2,21909.84,2025-12-24 14:20:58,2026-06-17 15:35:10,36.1,inbound,3
ENT-01165,CPT-04973,7,19168.97,2025-08-27 14:23:30,2026-07-03 12:03:41,36.1,inbound,2
ENT-01436,CPT-04537,4,19116.75,2025-11-20 17:51:53,2026-03-20 14:44:58,36.1,inbound,1
ENT-01062,CPT-02500,4,15661.7,2025-09-25 14:34:58,2026-06-18 18:23:16,36.1,outbound,60
ENT-01153,CPT-02126,4,13717.5,2025-09-13 09:02:13,2026-06-15 09:10:23,36.1,inbound,5
ENT-01331,CPT-04604,2,12757.29,2025-10-03 15:16:32,2025-10-21 17:43:37,36.1,inbound,1
ENT-01059,CPT-03534,3,8712.99,2025-08-12 09:39:29,2026-06-16 12:37:01,36.1,outbound,30
ENT-01452,CPT-03702,2,8598.2,2026-04-14 11:36:11,2026-05-07 11:58:45,36.1,inbound,7
ENT-01203,CPT-02500,2,8168.08,2025-10-16 14:26:36,2026-04-23 15:59:54,36.1,outbound,60
ENT-01128,CPT-03297,2,7189.05,2026-03-18 14:43:10,2026-04-27 16:36:06,36.1,outbound,110
ENT-01262,CPT-04942,3,6937.52,2025-09-02 12:07:19,2026-07-26 14:26:36,36.1,inbound,36
ENT-01410,CPT-00860,1,6694.82,2025-08-05 17:53:42,2025-08-05 17:53:42,36.1,inbound,16
ENT-01485,CPT-02997,2,6604.94,2025-08-08 17:14:49,2026-03-03 14:40:32,36.1,outbound,1
ENT-01417,CPT-02792,5,6294.37,2025-11-14 09:43:56,2026-05-28 13:59:22,36.1,outbound,1
ENT-01425,CPT-01180,3,6013.39,2025-12-06 10:04:55,2026-03-15 15:44:30,36.1,inbound,1
ENT-01207,CPT-03151,3,5767.05,2025-10-20 13:39:35,2026-07-28 10:12:46,36.1,outbound,2
ENT-01401,CPT-03241,4,5599.51,2025-09-08 12:30:46,2026-04-07 11:31:12,36.1,outbound,1
ENT-01427,CPT-03981,3,4061.45,2025-08-07 16:00:01,2025-11-06 14:34:07,36.1,inbound,191
ENT-01061,CPT-01875,3,3758.54,2026-01-30 16:44:01,2026-07-20 16:57:56,36.1,inbound,2
ENT-01414,CPT-00830,1,3637.84,2026-06-16 10:34:56,2026-06-16 10:34:56,36.1,inbound,8
ENT-01153,CPT-05247,1,2912.93,2025-10-02 12:13:03,2025-10-02 12:13:03,36.1,inbound,1
ENT-01232,CPT-05706,2,2751.12,2025-09-06 11:36:36,2025-12-19 17:27:27,36.1,inbound,14
ENT-01079,CPT-03538,2,2055.37,2026-05-28 16:26:32,2026-06-16 13:53:01,36.1,outbound,1
ENT-01290,CPT-03206,2,1701.67,2026-02-12 15:55:00,2026-05-22 10:41:06,36.1,outbound,38
ENT-01304,CPT-03200,1,1296.92,2026-03-26 09:40:30,2026-03-26 09:40:30,36.1,outbound,4
ENT-01386,CPT-03186,1,1296.74,2026-07-31 15:45:16,2026-07-31 15:45:16,36.1,outbound,1
ENT-01151,CPT-03989,1,511.03,2026-05-15 11:29:07,2026-05-15 11:29:07,36.1,inbound,14
ENT-01193,CPT-03139,1,300.12,2025-11-26 17:53:35,2025-11-26 17:53:35,36.1,outbound,21
ENT-01095,CPT-02695,1,299.29,2025-12-18 10:54:21,2025-12-18 10:54:21,36.1,outbound,166
ENT-00197,CPT-03880,1,74.44,2025-08-24 20:50:03,2025-08-24 20:50:03,36.1,outbound,2
ENT-01377,CPT-04925,5,45025.59,2025-11-11 16:19:52,2026-07-30 16:00:17,36.0,inbound,3
ENT-01367,CPT-01112,4,26479.89,2025-10-02 11:36:16,2026-06-17 10:39:25,36.0,inbound,49
ENT-01416,CPT-02431,2,22849.18,2026-02-06 11:28:13,2026-05-11 09:16:57,36.0,outbound,30
ENT-01468,CPT-03283,3,22842.5,2025-10-23 16:58:47,2026-02-05 16:37:31,36.0,outbound,3
ENT-01245,CPT-01838,3,19547.17,2025-09-22 14:15:42,2026-06-17 17:37:45,36.0,inbound,24
ENT-01424,CPT-02255,2,19119.24,2025-09-11 09:33:54,2026-05-14 09:57:31,36.0,inbound,1
ENT-01141,CPT-04132,3,16805.89,2025-11-11 09:47:32,2026-07-17 14:06:26,36.0,inbound,2
ENT-01441,CPT-02547,3,16478.89,2025-08-07 15:49:16,2026-03-31 10:48:30,36.0,outbound,5
ENT-01200,CPT-01571,1,16361.9,2026-05-26 14:13:30,2026-05-26 14:13:30,36.0,inbound,3
ENT-01142,CPT-03933,5,16063.84,2025-09-02 15:35:55,2026-02-08 11:24:38,36.0,inbound,15
ENT-01477,CPT-02787,3,15701.58,2025-09-10 10:16:45,2026-05-08 09:29:50,36.0,outbound,42
ENT-01261,CPT-04299,7,15279.04,2025-12-02 14:35:19,2026-07-06 10:29:07,36.0,inbound,44
ENT-01324,CPT-04777,3,14023.22,2025-09-09 17:34:53,2026-06-24 13:19:49,36.0,inbound,1
ENT-01069,CPT-00713,1,13089.19,2025-10-09 11:52:39,2025-10-09 11:52:39,36.0,inbound,7
ENT-01245,CPT-05606,2,12231.26,2025-10-14 10:41:10,2026-07-03 14:45:55,36.0,inbound,1
ENT-01204,CPT-04864,3,12079.51,2025-08-27 10:18:45,2026-05-06 11:26:53,36.0,inbound,1
ENT-01177,CPT-05017,4,8930.14,2025-12-01 14:50:16,2026-03-09 11:33:40,36.0,inbound,64
ENT-01261,CPT-04477,3,8283.61,2025-08-29 12:05:58,2026-04-10 09:53:56,36.0,inbound,2
ENT-01131,CPT-01403,3,8003.83,2025-12-01 14:48:46,2026-07-28 17:20:47,36.0,inbound,5
ENT-01391,CPT-03394,2,6256.63,2025-09-24 16:15:33,2026-06-08 12:48:03,36.0,outbound,2
ENT-01395,CPT-05520,2,6161.05,2025-08-14 15:36:57,2026-07-09 16:01:52,36.0,inbound,1
ENT-01186,CPT-05787,2,5275.21,2026-04-17 10:14:26,2026-07-08 11:40:38,36.0,inbound,3
ENT-01259,CPT-04560,1,5191.6,2026-07-24 16:13:12,2026-07-24 16:13:12,36.0,inbound,2
ENT-01382,CPT-03125,3,4604.54,2025-09-09 17:53:03,2026-06-12 14:46:19,36.0,outbound,3
ENT-01348,CPT-02531,2,4291.34,2026-02-11 10:58:04,2026-04-24 11:08:05,36.0,outbound,1
ENT-01273,CPT-02454,2,3448.01,2026-05-11 10:04:04,2026-06-03 15:02:55,36.0,outbound,1
ENT-01247,CPT-02748,2,2633.51,2026-02-10 12:23:42,2026-02-10 12:47:33,36.0,outbound,13
ENT-01440,CPT-03147,1,2110.4,2025-08-21 11:06:14,2025-08-21 11:06:14,36.0,outbound,2
ENT-01056,CPT-03461,3,1843.46,2026-02-02 09:50:43,2026-06-25 11:10:42,36.0,outbound,4
ENT-00902,CPT-01440,3,1690.86,2026-04-05 19:03:14,2026-04-28 18:37:49,36.0,inbound;outbound,22
ENT-01056,CPT-02588,2,1585.23,2025-09-23 15:30:44,2026-04-09 10:02:49,36.0,outbound,2
ENT-01233,CPT-03927,1,1368.17,2026-03-05 13:06:50,2026-03-05 13:06:50,36.0,inbound,4
ENT-00282,CPT-01047,4,1000.77,2025-09-17 14:09:19,2026-03-20 17:09:00,36.0,inbound;outbound,9
ENT-00650,CPT-00715,3,875.71,2025-08-23 20:11:25,2026-04-02 19:46:37,36.0,outbound,2
ENT-00650,CPT-03981,1,856.86,2025-09-07 20:25:35,2025-09-07 20:25:35,36.0,outbound,191
ENT-01271,CPT-02552,1,580.51,2025-08-29 09:44:48,2025-08-29 09:44:48,36.0,outbound,6
ENT-00653,CPT-02118,4,423.67,2025-08-11 20:38:38,2026-06-27 17:47:00,36.0,inbound;outbound,2
ENT-01339,CPT-03197,1,259.17,2026-06-10 09:44:05,2026-06-10 09:44:05,36.0,outbound,39
ENT-00549,CPT-00053,24,50241.75,2025-08-15 07:48:25,2026-07-31 08:00:49,35.9,inbound,1
ENT-01277,CPT-01742,2,30304.6,2026-06-30 11:50:35,2026-07-27 15:32:35,35.9,inbound,27
ENT-01069,CPT-03087,2,26732.72,2025-10-02 18:10:39,2026-06-11 17:04:15,35.9,outbound,2
ENT-01228,CPT-05245,2,21865.2,2025-08-13 09:02:24,2026-02-17 16:43:06,35.9,inbound,2
ENT-01135,CPT-03637,2,21443.48,2025-08-04 10:50:59,2026-05-15 10:28:11,35.9,inbound,3
ENT-01299,CPT-03983,4,21078.72,2025-12-26 10:49:09,2026-06-05 13:26:11,35.9,inbound,33
ENT-01170,CPT-03800,1,21050.42,2026-07-10 17:51:57,2026-07-10 17:51:57,35.9,inbound,4
ENT-01111,CPT-04416,2,20499.89,2025-12-30 13:00:26,2026-07-03 15:39:27,35.9,inbound,1
ENT-01312,CPT-05780,6,16595.03,2025-10-10 10:54:53,2026-06-22 13:28:23,35.9,inbound,2
ENT-01055,CPT-01117,3,14238.72,2025-10-14 11:45:38,2026-05-28 12:34:56,35.9,inbound,1
ENT-01061,CPT-03729,4,14138.84,2025-08-05 10:47:37,2026-07-02 16:16:27,35.9,inbound,69
ENT-01056,CPT-02661,3,13658.52,2025-08-18 09:10:06,2026-07-27 13:38:03,35.9,outbound,2
ENT-01100,CPT-02161,1,11879.05,2026-06-22 16:15:17,2026-06-22 16:15:17,35.9,inbound,27
ENT-01377,CPT-04712,2,11780.54,2026-02-09 17:40:30,2026-02-26 16:28:41,35.9,inbound,1
ENT-01242,CPT-02798,4,10117.03,2026-02-05 12:58:14,2026-03-26 14:38:59,35.9,outbound,1
ENT-01403,CPT-02902,4,9769.16,2025-08-28 12:24:51,2026-05-21 12:29:45,35.9,outbound,2
ENT-01257,CPT-03170,4,9307.31,2026-03-03 13:55:55,2026-07-28 11:28:40,35.9,outbound,10
ENT-01133,CPT-03216,4,8622.29,2025-12-02 10:31:09,2026-04-02 12:01:07,35.9,outbound,5
ENT-01136,CPT-02828,3,7621.34,2025-10-28 11:40:20,2026-06-02 10:10:55,35.9,outbound,5
ENT-01232,CPT-02937,2,7524.5,2026-05-07 17:49:27,2026-06-04 09:48:42,35.9,outbound,12
ENT-01230,CPT-03779,2,6782.0,2025-08-27 12:45:59,2026-01-26 13:10:50,35.9,inbound,1
ENT-01446,CPT-02695,3,5959.34,2025-08-21 10:51:20,2026-04-23 15:59:07,35.9,outbound,166
ENT-01232,CPT-03981,2,5737.44,2025-09-05 17:52:16,2026-01-06 11:33:27,35.9,inbound,191
ENT-01201,CPT-02784,2,5430.96,2026-01-01 15:37:33,2026-01-06 15:37:42,35.9,outbound,40
ENT-01344,CPT-03242,2,5285.97,2026-03-23 12:22:46,2026-04-10 10:37:11,35.9,outbound,34
ENT-01230,CPT-04490,2,4932.84,2025-09-09 09:57:32,2026-04-14 11:02:48,35.9,inbound,1
ENT-01468,CPT-02787,5,4899.35,2025-08-05 17:02:15,2026-07-30 10:37:51,35.9,outbound,42
ENT-01250,CPT-02981,3,4030.51,2025-10-31 11:19:51,2026-07-13 15:18:04,35.9,outbound,2
ENT-01143,CPT-02599,2,2377.46,2026-02-25 16:04:45,2026-06-22 13:26:50,35.9,outbound,3
ENT-01216,CPT-02595,2,2019.98,2026-02-16 14:00:11,2026-06-16 16:41:57,35.9,outbound,10
ENT-01023,CPT-05805,2,1700.12,2025-08-25 17:07:36,2025-11-28 08:46:19,35.9,outbound,10
ENT-00718,CPT-02320,3,1342.74,2025-11-13 09:17:04,2026-07-21 18:26:38,35.9,outbound,2
ENT-01111,CPT-02784,1,563.67,2025-08-21 16:17:02,2025-08-21 16:17:02,35.9,outbound,40
ENT-00698,CPT-00918,1,366.88,2025-11-09 19:03:59,2025-11-09 19:03:59,35.9,outbound,3
ENT-00526,CPT-00104,24,66256.73,2025-08-15 08:13:08,2026-07-31 08:28:23,35.8,inbound,2
ENT-00189,CPT-00083,24,58603.92,2025-08-15 09:58:44,2026-07-31 09:10:39,35.8,inbound,1
ENT-01403,CPT-05555,3,38110.4,2025-10-21 14:27:28,2026-07-20 10:33:39,35.8,inbound,1
ENT-01452,CPT-01096,3,25592.59,2025-09-19 09:05:27,2026-05-06 09:23:34,35.8,inbound,17
ENT-01465,CPT-03661,3,21746.07,2026-03-17 10:08:17,2026-04-28 11:50:41,35.8,inbound,5
ENT-01189,CPT-05072,5,20924.93,2025-10-16 12:38:04,2026-04-13 13:28:35,35.8,inbound,31
ENT-01177,CPT-02312,5,19340.68,2025-11-13 17:08:29,2026-07-19 10:39:09,35.8,inbound,10
ENT-01155,CPT-01003,5,17622.04,2025-11-10 14:26:04,2026-07-14 10:04:33,35.8,inbound,3
ENT-01393,CPT-02925,6,15029.93,2025-10-30 16:46:53,2026-07-16 11:16:42,35.8,outbound,6
ENT-01492,CPT-05700,2,14285.33,2025-08-08 14:31:48,2025-11-20 10:18:39,35.8,inbound,3
ENT-01249,CPT-02499,5,11780.44,2025-10-30 13:49:35,2026-07-07 17:19:35,35.8,outbound,3
ENT-01092,CPT-05254,2,11440.25,2025-08-05 17:35:01,2026-02-19 14:57:02,35.8,inbound,18
ENT-01164,CPT-04556,5,11173.85,2026-05-02 11:20:47,2026-07-24 10:29:51,35.8,inbound,7
ENT-01408,CPT-02406,6,10782.15,2025-09-04 10:25:57,2026-06-18 12:56:01,35.8,outbound,3
ENT-01150,CPT-03242,1,10264.98,2026-02-19 13:49:37,2026-02-19 13:49:37,35.8,outbound,34
ENT-01010,CPT-01650,6,9397.47,2025-10-23 14:25:17,2026-01-28 17:31:19,35.8,inbound;outbound,3
ENT-01173,CPT-03330,3,9083.35,2025-09-04 13:27:37,2025-12-22 11:40:24,35.8,outbound,67
ENT-01426,CPT-03729,1,7110.93,2025-08-08 09:27:42,2025-08-08 09:27:42,35.8,inbound,69
ENT-01358,CPT-02864,3,7072.49,2025-11-04 13:47:10,2025-12-30 09:47:36,35.8,outbound,10
ENT-01059,CPT-03197,3,6148.86,2025-08-12 09:21:28,2026-03-31 16:33:56,35.8,outbound,39
ENT-01186,CPT-05222,2,5699.09,2025-09-08 16:39:11,2026-04-01 14:48:32,35.8,inbound,4
ENT-01317,CPT-02418,4,5453.84,2025-12-10 11:38:24,2026-05-14 14:14:08,35.8,outbound,28
ENT-01197,CPT-00964,3,5435.5,2026-01-17 15:57:12,2026-07-22 14:29:04,35.8,inbound,6
ENT-00902,CPT-01355,3,5322.91,2026-01-08 11:55:53,2026-04-08 12:32:40,35.8,inbound;outbound,1
ENT-01169,CPT-01563,4,3655.71,2025-08-28 14:20:50,2026-04-08 14:12:51,35.8,inbound,4
ENT-01069,CPT-03555,2,3496.24,2026-04-14 16:51:56,2026-05-07 16:35:46,35.8,outbound,10
ENT-01328,CPT-03246,2,3433.17,2025-09-04 14:58:53,2025-10-21 13:08:27,35.8,outbound,4
ENT-01484,CPT-02925,2,2555.5,2025-09-04 15:51:44,2025-11-18 10:44:13,35.8,outbound,6
ENT-01281,CPT-01106,1,2542.55,2025-10-18 14:34:23,2025-10-18 14:34:23,35.8,inbound,11
ENT-01458,CPT-04576,3,2291.29,2025-09-20 12:09:58,2026-06-02 17:45:27,35.8,inbound,1
ENT-01138,CPT-02887,1,1538.66,2026-04-27 10:49:01,2026-04-27 10:49:01,35.8,outbound,15
ENT-00454,CPT-01927,5,875.05,2025-08-05 18:22:42,2026-07-20 12:52:45,35.8,inbound,18
ENT-00918,CPT-03981,2,838.49,2025-09-03 16:10:33,2026-05-05 09:33:08,35.8,outbound,191
ENT-00900,CPT-05139,4,544.99,2025-08-06 21:50:16,2026-06-23 18:04:43,35.8,outbound,3
ENT-00522,CPT-05958,3,416.72,2025-08-25 18:12:17,2026-01-24 19:53:23,35.8,outbound,13
ENT-01316,CPT-02771,11,42910.18,2025-09-16 16:46:30,2026-06-23 10:57:27,35.7,outbound,25
ENT-01141,CPT-01383,3,34474.86,2026-01-23 13:56:52,2026-04-28 14:59:00,35.7,inbound,13
ENT-01320,CPT-04216,2,34012.02,2026-01-23 16:40:40,2026-04-15 14:38:24,35.7,inbound,1
ENT-01067,CPT-04114,1,31327.53,2026-01-02 10:08:18,2026-01-02 10:08:18,35.7,inbound,19
ENT-01237,CPT-03328,5,30038.67,2025-08-14 17:57:32,2026-07-14 17:34:38,35.7,outbound,3
ENT-01199,CPT-03142,3,27177.24,2025-10-29 17:57:35,2026-07-24 10:35:03,35.7,outbound,1
ENT-01079,CPT-04324,1,24831.53,2026-07-06 16:48:36,2026-07-06 16:48:36,35.7,inbound,71
ENT-01367,CPT-03139,8,24107.25,2025-12-02 10:56:28,2026-07-21 11:29:06,35.7,outbound,21
ENT-01277,CPT-05017,4,23795.8,2025-10-01 12:24:09,2026-05-20 11:26:07,35.7,inbound,64
ENT-01333,CPT-05837,4,22195.26,2025-09-12 17:33:21,2026-07-28 15:51:02,35.7,inbound,3
ENT-01277,CPT-04299,1,21701.12,2025-10-10 17:12:53,2025-10-10 17:12:53,35.7,inbound,44
ENT-01103,CPT-01080,3,21376.66,2025-09-10 11:14:46,2026-02-27 14:27:59,35.7,inbound,3
ENT-01137,CPT-03297,11,20386.15,2025-08-19 11:25:55,2026-07-23 10:12:13,35.7,outbound,110
ENT-01205,CPT-03557,5,17576.92,2025-08-11 13:28:33,2026-05-06 10:49:34,35.7,outbound,1
ENT-01346,CPT-02019,1,15382.86,2026-01-19 09:29:28,2026-01-19 09:29:28,35.7,inbound,2
ENT-01113,CPT-02759,2,13772.9,2025-08-14 09:20:40,2025-12-26 09:01:45,35.7,outbound,1
ENT-01320,CPT-04115,3,13076.86,2025-08-13 17:40:16,2026-01-28 17:53:58,35.7,inbound,4
ENT-01133,CPT-03748,1,12975.36,2026-01-09 11:06:33,2026-01-09 11:06:33,35.7,inbound,2
ENT-01220,CPT-02098,3,11529.9,2025-10-15 17:57:21,2025-12-29 13:50:24,35.7,inbound,3
ENT-01136,CPT-00860,1,11397.08,2025-08-01 15:24:52,2025-08-01 15:24:52,35.7,inbound,16
ENT-01489,CPT-02771,3,11125.55,2025-10-17 14:31:38,2026-06-12 16:24:29,35.7,outbound,25
ENT-01391,CPT-02796,3,10638.94,2025-08-11 15:13:30,2026-06-08 17:22:28,35.7,outbound,1
ENT-01371,CPT-05587,5,10110.91,2025-10-22 10:35:13,2026-07-12 12:07:00,35.7,inbound,3
ENT-01051,CPT-02628,4,8626.86,2025-08-19 11:56:09,2026-06-30 16:29:55,35.7,outbound,3
ENT-01163,CPT-02444,3,8341.27,2025-08-21 10:39:02,2026-05-06 09:39:39,35.7,outbound,8
ENT-01239,CPT-01155,2,7947.12,2025-08-28 10:07:36,2026-01-01 09:19:18,35.7,inbound,1
ENT-01477,CPT-03581,3,6937.65,2025-09-18 17:47:49,2026-05-13 15:08:01,35.7,outbound,3
ENT-01170,CPT-04118,1,6239.37,2025-09-09 13:20:33,2025-09-09 13:20:33,35.7,inbound,1
ENT-01119,CPT-03297,3,5668.08,2026-05-05 15:45:13,2026-07-30 13:04:21,35.7,outbound,110
ENT-01416,CPT-02548,2,5321.5,2025-12-25 12:48:06,2026-02-26 12:26:23,35.7,outbound,4
ENT-01428,CPT-03376,2,4231.79,2026-03-25 13:54:14,2026-03-27 12:35:52,35.7,outbound,16
ENT-01242,CPT-02525,4,3678.98,2026-01-29 10:58:05,2026-05-07 14:52:12,35.7,outbound,3
ENT-01100,CPT-02286,1,3268.79,2026-01-05 15:57:39,2026-01-05 15:57:39,35.7,inbound,17
ENT-01071,CPT-04256,2,3112.34,2025-09-27 10:22:14,2026-03-19 09:31:55,35.7,inbound,2
ENT-01271,CPT-02449,1,1926.86,2026-02-06 16:05:00,2026-02-06 16:05:00,35.7,outbound,1
ENT-01059,CPT-04768,1,1734.44,2026-01-01 13:44:36,2026-01-01 13:44:36,35.7,inbound,4
ENT-00997,CPT-04887,2,1095.06,2025-09-11 15:57:00,2025-09-20 22:11:23,35.7,outbound,2
ENT-01143,CPT-02695,1,1034.12,2025-12-31 12:26:58,2025-12-31 12:26:58,35.7,outbound,166
ENT-00577,CPT-04622,2,552.67,2025-11-27 15:48:15,2026-01-24 20:31:26,35.7,outbound,1
ENT-01239,CPT-02625,12,193687.44,2025-08-29 15:47:19,2026-07-31 14:26:40,35.6,outbound,1
ENT-01289,CPT-01363,5,48130.62,2025-09-19 16:55:07,2026-04-28 15:39:30,35.6,inbound,1
ENT-01312,CPT-01606,6,30684.2,2025-08-20 16:08:49,2026-05-11 11:43:32,35.6,inbound,1
ENT-01360,CPT-03989,4,28643.05,2025-08-07 10:22:15,2026-06-03 14:06:51,35.6,inbound,14
ENT-01299,CPT-05711,6,24596.59,2025-10-20 14:26:16,2026-05-07 15:20:55,35.6,inbound,5
ENT-01242,CPT-02135,2,20848.11,2025-08-13 12:54:12,2025-12-16 14:13:08,35.6,inbound,1
ENT-01323,CPT-05242,10,20381.46,2025-08-07 13:48:45,2026-07-13 15:28:03,35.6,inbound,3
ENT-01289,CPT-04671,4,17793.59,2025-10-29 09:34:34,2026-07-16 15:04:57,35.6,inbound,1
ENT-01498,CPT-04036,6,17551.39,2025-08-25 13:03:59,2026-07-14 10:37:37,35.6,inbound,1
ENT-01423,CPT-02643,4,16657.02,2025-12-09 17:17:09,2026-04-23 14:45:11,35.6,outbound,5
ENT-01423,CPT-04502,1,15793.59,2025-12-18 12:21:33,2025-12-18 12:21:33,35.6,inbound,3
ENT-01224,CPT-01708,5,15337.9,2025-09-15 12:30:44,2026-05-28 17:30:47,35.6,inbound,7
ENT-01130,CPT-04324,1,14285.04,2025-08-19 15:26:12,2025-08-19 15:26:12,35.6,inbound,71
ENT-01140,CPT-05823,2,13222.55,2025-08-15 12:59:38,2026-03-04 12:41:32,35.6,inbound,3
ENT-01097,CPT-03351,4,12647.24,2025-09-03 15:30:00,2026-06-19 09:19:36,35.6,outbound,1
ENT-01474,CPT-02670,3,12282.59,2025-08-27 11:39:11,2026-02-27 09:15:53,35.6,outbound,1
ENT-01312,CPT-05081,2,11796.31,2025-12-12 11:29:27,2025-12-26 10:42:48,35.6,inbound,9
ENT-01173,CPT-03445,4,11552.28,2025-10-22 12:01:45,2026-03-24 12:25:16,35.6,outbound,2
ENT-01200,CPT-02787,2,11398.83,2026-04-23 10:56:37,2026-07-07 11:56:46,35.6,outbound,42
ENT-01371,CPT-03593,4,11290.22,2025-08-04 11:56:42,2026-07-24 10:43:20,35.6,inbound,8
ENT-01200,CPT-03159,4,11241.23,2025-09-25 17:10:13,2026-05-21 18:25:51,35.6,outbound,2
ENT-01494,CPT-05849,2,10346.67,2025-12-25 09:01:53,2025-12-30 14:37:11,35.6,inbound,1
ENT-01260,CPT-01503,2,9451.3,2025-09-30 16:53:29,2026-04-22 12:51:06,35.6,inbound,1
ENT-01457,CPT-02424,3,8324.51,2025-09-01 10:45:37,2026-02-27 17:29:09,35.6,outbound,3
ENT-01093,CPT-01215,1,6851.69,2026-07-16 09:16:59,2026-07-16 09:16:59,35.6,inbound,3
ENT-01163,CPT-03342,2,5535.53,2025-08-20 13:57:00,2026-05-22 17:33:42,35.6,outbound,14
ENT-01312,CPT-02595,2,5529.53,2025-12-08 12:35:45,2026-03-25 16:30:25,35.6,outbound,10
ENT-01189,CPT-02931,3,5448.29,2026-05-19 10:15:04,2026-05-19 11:00:57,35.6,outbound,2
ENT-01415,CPT-03415,3,3577.08,2026-05-28 13:47:13,2026-06-04 16:00:44,35.6,outbound,4
ENT-01176,CPT-03357,2,3495.73,2026-03-31 15:05:05,2026-04-02 12:02:30,35.6,outbound,9
ENT-01186,CPT-02908,2,3412.69,2026-03-19 15:03:32,2026-04-30 12:22:42,35.6,outbound,5
ENT-01262,CPT-03677,2,2933.46,2025-10-01 17:09:45,2026-01-26 14:06:01,35.6,inbound,3
ENT-01212,CPT-03601,2,2709.81,2025-09-14 15:30:10,2026-07-28 15:49:00,35.6,inbound,9
ENT-01230,CPT-03376,3,2518.07,2025-10-01 15:09:07,2026-04-28 14:39:35,35.6,outbound,16
ENT-01128,CPT-02758,2,2189.86,2026-06-30 14:00:54,2026-07-01 15:09:46,35.6,outbound,35
ENT-01088,CPT-04300,1,2127.03,2025-10-04 15:58:01,2025-10-04 15:58:01,35.6,inbound,1
ENT-01428,CPT-03175,1,1795.84,2026-06-11 17:06:04,2026-06-11 17:06:04,35.6,outbound,12
ENT-01450,CPT-03530,3,1668.7,2025-12-15 12:43:57,2026-05-29 16:14:07,35.6,outbound,3
ENT-00471,CPT-01529,4,1373.14,2025-08-06 09:46:11,2026-02-05 17:08:47,35.6,inbound;outbound,1
ENT-01179,CPT-00685,1,523.75,2026-03-31 11:40:38,2026-03-31 11:40:38,35.6,inbound,1
ENT-01060,CPT-05004,4,59840.13,2025-09-29 12:36:34,2026-03-24 09:11:36,35.5,inbound,1
ENT-01415,CPT-01431,1,41149.68,2026-01-27 14:55:46,2026-01-27 14:55:46,35.5,inbound,16
ENT-01237,CPT-04267,5,35085.66,2025-11-17 17:45:40,2026-06-10 15:23:39,35.5,inbound,4
ENT-00891,CPT-01996,1,33062.23,2026-03-26 09:18:23,2026-03-26 09:18:23,35.5,inbound,1
ENT-00982,CPT-00069,24,30549.99,2025-08-15 08:49:40,2026-07-31 08:22:11,35.5,inbound,1
ENT-01159,CPT-01727,1,30190.23,2026-06-04 12:01:53,2026-06-04 12:01:53,35.5,inbound,12
ENT-01377,CPT-01264,4,23179.73,2025-09-11 12:34:02,2026-03-18 09:51:11,35.5,inbound,3
ENT-01255,CPT-05327,5,22352.89,2025-09-12 15:46:37,2026-07-31 17:51:25,35.5,inbound,2
ENT-01194,CPT-02498,2,21015.21,2025-12-25 11:29:54,2026-01-22 11:35:43,35.5,outbound,45
ENT-01468,CPT-00712,2,19714.77,2025-10-02 17:21:00,2026-05-07 13:53:58,35.5,inbound,2
ENT-01200,CPT-02410,2,17713.25,2026-02-03 12:55:26,2026-02-03 13:36:37,35.5,outbound,9
ENT-01389,CPT-03647,5,17001.33,2025-10-28 17:37:38,2026-06-29 11:19:33,35.5,inbound,1
ENT-01211,CPT-05055,2,15852.65,2026-03-13 11:41:44,2026-03-17 14:23:28,35.5,inbound,6
ENT-01459,CPT-02784,6,13942.17,2025-12-09 16:16:10,2026-05-28 15:25:42,35.5,outbound,40
ENT-01388,CPT-02821,5,13654.14,2025-09-10 11:30:27,2026-06-09 12:54:09,35.5,outbound,28
ENT-01472,CPT-03039,6,12897.51,2025-08-12 14:29:24,2026-05-14 15:47:49,35.5,outbound,2
ENT-01205,CPT-03269,4,12604.02,2025-08-15 15:27:41,2026-06-30 11:11:37,35.5,outbound,1
ENT-01282,CPT-05880,3,11714.24,2025-10-22 17:25:37,2026-05-03 12:10:23,35.5,inbound,1
ENT-01247,CPT-00963,1,11294.36,2025-08-05 13:17:17,2025-08-05 13:17:17,35.5,inbound,2
ENT-01423,CPT-02128,2,9138.73,2025-09-17 14:38:33,2026-05-01 16:37:17,35.5,inbound,1
ENT-01261,CPT-01061,6,9027.04,2025-10-21 12:01:02,2026-05-25 16:00:35,35.5,inbound,5
ENT-01424,CPT-05078,1,7668.33,2025-08-05 11:05:37,2025-08-05 11:05:37,35.5,inbound,49
ENT-01163,CPT-03012,3,6658.32,2025-12-09 17:11:47,2026-04-06 14:08:05,35.5,outbound,1
ENT-01212,CPT-05202,2,5726.59,2025-08-11 14:34:45,2025-09-14 13:27:08,35.5,inbound,4
ENT-01424,CPT-03139,6,5185.09,2025-11-25 18:39:30,2026-07-09 13:12:41,35.5,outbound,21
ENT-01275,CPT-03172,3,4698.92,2025-09-10 10:27:03,2025-11-12 09:33:05,35.5,outbound,2
ENT-01260,CPT-02692,2,3835.07,2026-06-30 12:07:25,2026-07-23 16:02:40,35.5,outbound,19
ENT-01305,CPT-03735,1,3633.56,2026-02-09 17:30:41,2026-02-09 17:30:41,35.5,inbound,2
ENT-01426,CPT-03934,1,3117.29,2026-02-12 15:00:48,2026-02-12 15:00:48,35.5,inbound,4
ENT-01249,CPT-02851,3,2980.39,2025-12-05 10:28:43,2026-06-09 12:01:47,35.5,outbound,2
ENT-00852,CPT-01983,12,2261.75,2025-08-15 09:15:53,2026-07-15 11:41:05,35.5,inbound;outbound,1
ENT-01180,CPT-03062,1,2222.78,2026-06-25 09:07:33,2026-06-25 09:07:33,35.5,outbound,6
ENT-01072,CPT-03207,1,2062.95,2025-08-20 12:35:35,2025-08-20 12:35:35,35.5,outbound,3
ENT-01114,CPT-02594,2,1749.28,2025-12-09 16:29:53,2026-04-07 13:56:03,35.5,outbound,3
ENT-01213,CPT-03314,1,1639.61,2026-02-11 14:23:03,2026-02-11 14:23:03,35.5,outbound,1
ENT-00246,CPT-02181,8,1615.23,2025-08-23 14:42:41,2026-06-08 10:48:06,35.5,inbound,31
ENT-01373,CPT-02690,2,1316.06,2025-11-17 11:28:32,2026-02-11 13:25:44,35.5,outbound,6
ENT-01410,CPT-02230,1,570.18,2025-10-16 14:28:19,2025-10-16 14:28:19,35.5,inbound,3
ENT-01304,CPT-02667,1,471.43,2026-02-03 11:39:13,2026-02-03 11:39:13,35.5,outbound,8
ENT-01462,CPT-02577,1,372.02,2025-08-07 10:41:54,2025-08-07 10:41:54,35.5,outbound,8
ENT-00049,CPT-01241,2,264.36,2025-09-13 08:45:02,2026-07-29 17:03:09,35.5,outbound,2
ENT-01484,CPT-04100,4,50261.19,2025-08-01 16:20:58,2026-05-05 15:46:31,35.4,inbound,3
ENT-01472,CPT-04975,5,49076.37,2025-10-08 09:07:36,2026-05-11 15:53:12,35.4,inbound,5
ENT-01360,CPT-00625,2,43134.76,2026-02-25 09:51:23,2026-05-25 15:31:52,35.4,inbound,6
ENT-01454,CPT-02248,3,31860.55,2025-08-21 13:04:44,2026-07-15 14:59:22,35.4,inbound,7
ENT-01100,CPT-04533,3,24585.37,2025-08-21 16:32:01,2026-06-10 12:55:02,35.4,inbound,4
ENT-01194,CPT-01701,2,21072.98,2025-09-17 14:46:27,2025-10-14 12:15:10,35.4,inbound,3
ENT-01259,CPT-03981,3,20067.21,2025-10-03 14:45:16,2026-03-05 15:11:18,35.4,inbound,191
ENT-01460,CPT-04942,3,18434.97,2025-12-04 16:42:54,2026-06-16 11:10:54,35.4,inbound,36
ENT-01152,CPT-01905,5,16542.57,2025-12-15 11:30:51,2026-07-23 11:52:34,35.4,inbound,17
ENT-01136,CPT-01441,2,15497.1,2025-10-15 11:42:03,2025-10-29 09:17:28,35.4,inbound,5
ENT-00624,CPT-00036,12,14363.46,2025-08-01 09:41:02,2026-07-01 10:57:53,35.4,inbound,1
ENT-01375,CPT-03946,2,13680.12,2025-08-22 11:11:29,2026-02-11 15:03:37,35.4,inbound,1
ENT-01440,CPT-05509,3,13185.57,2025-10-02 11:56:06,2026-03-31 11:55:40,35.4,inbound,14
ENT-01225,CPT-05020,3,11225.9,2025-12-31 12:24:53,2026-07-14 17:57:41,35.4,inbound,5
ENT-01281,CPT-03886,4,10559.43,2025-08-11 12:33:33,2026-07-27 15:50:21,35.4,inbound,1
ENT-01176,CPT-03399,3,10380.32,2025-11-13 18:22:24,2026-04-21 15:28:03,35.4,outbound,12
ENT-01426,CPT-02248,3,10254.2,2025-09-22 14:41:34,2026-05-12 17:28:26,35.4,inbound,7
ENT-01403,CPT-03530,4,9896.87,2025-10-02 16:30:12,2026-07-14 13:54:33,35.4,outbound,3
ENT-01153,CPT-04882,2,9508.97,2025-08-08 15:57:03,2025-10-15 16:22:24,35.4,inbound,3
ENT-01312,CPT-05838,3,9061.61,2025-09-16 14:57:11,2026-07-30 11:02:43,35.4,inbound,3
ENT-01498,CPT-03980,4,9055.15,2025-09-30 12:32:06,2026-07-25 10:17:09,35.4,inbound,32
ENT-01151,CPT-03412,3,8358.77,2025-08-14 11:40:03,2026-07-07 16:11:48,35.4,outbound,3
ENT-01053,CPT-03207,3,8147.71,2025-10-30 15:17:24,2026-04-02 09:18:45,35.4,outbound,3
ENT-01212,CPT-01927,4,7989.85,2025-12-19 09:32:14,2026-05-27 17:39:57,35.4,inbound,18
ENT-01407,CPT-03271,6,7575.35,2025-09-16 09:39:36,2026-03-12 14:35:46,35.4,outbound,2
ENT-01341,CPT-04855,6,7537.48,2025-08-23 10:55:36,2026-05-03 12:56:33,35.4,inbound,18
ENT-01265,CPT-03802,2,7219.96,2026-02-05 12:09:58,2026-04-08 12:57:34,35.4,inbound,3
ENT-01380,CPT-04964,3,5641.2,2026-04-13 14:33:08,2026-06-03 09:31:13,35.4,inbound,12
ENT-01410,CPT-04031,4,5542.05,2025-08-20 12:15:38,2026-01-26 11:46:31,35.4,inbound,1
ENT-01177,CPT-05194,3,5143.0,2025-11-23 09:01:45,2026-06-11 09:08:55,35.4,inbound,3
ENT-01399,CPT-03429,2,4824.1,2025-09-09 09:23:30,2026-03-10 09:35:41,35.4,outbound,3
ENT-01324,CPT-04533,1,4821.53,2025-08-08 14:51:39,2025-08-08 14:51:39,35.4,inbound,4
ENT-01360,CPT-04313,1,4739.4,2026-02-24 13:48:58,2026-02-24 13:48:58,35.4,inbound,1
ENT-01275,CPT-03297,2,3514.89,2025-08-26 09:43:13,2026-04-09 09:59:57,35.4,outbound,110
ENT-01205,CPT-02565,2,3329.23,2025-09-08 12:32:15,2025-09-10 12:01:50,35.4,outbound,2
ENT-01092,CPT-04527,2,2777.41,2025-10-03 15:40:47,2025-10-09 11:06:43,35.4,inbound,7
ENT-01304,CPT-02470,1,2352.44,2026-02-02 17:16:57,2026-02-02 17:16:57,35.4,outbound,6
ENT-01142,CPT-05810,2,2283.86,2025-12-21 09:53:59,2026-01-23 17:17:22,35.4,inbound,3
ENT-01189,CPT-02784,1,2182.24,2026-05-19 10:44:54,2026-05-19 10:44:54,35.4,outbound,40
ENT-00036,CPT-03772,1,1628.07,2026-04-04 22:19:34,2026-04-04 22:19:34,35.4,outbound,3
ENT-01218,CPT-00953,1,1475.74,2025-12-10 15:09:36,2025-12-10 15:09:36,35.4,inbound,1
ENT-01083,CPT-01096,1,477.16,2025-08-08 16:10:11,2025-08-08 16:10:11,35.4,inbound,17
ENT-00471,CPT-05642,2,463.94,2026-04-16 12:59:49,2026-07-28 12:09:59,35.4,outbound,7
ENT-00526,CPT-04115,1,109.45,2025-08-14 20:36:39,2025-08-14 20:36:39,35.4,outbound,4
ENT-01194,CPT-04686,6,39915.09,2025-08-25 15:56:30,2026-07-14 16:51:16,35.3,inbound,4
ENT-01387,CPT-04237,2,37367.05,2026-07-16 11:00:52,2026-07-24 16:26:16,35.3,inbound,2
ENT-01184,CPT-00932,4,37014.82,2025-10-02 16:34:40,2026-06-25 10:56:39,35.3,inbound,6
ENT-01389,CPT-05097,5,36243.4,2025-08-14 15:02:43,2026-06-18 09:51:21,35.3,inbound,3
ENT-01203,CPT-04592,4,34825.3,2025-08-20 12:49:58,2026-07-22 14:05:56,35.3,inbound,17
ENT-01203,CPT-05759,1,34206.49,2026-07-22 10:50:15,2026-07-22 10:50:15,35.3,inbound,2
ENT-01360,CPT-02251,4,32817.75,2025-12-25 13:52:21,2026-05-06 10:12:15,35.3,inbound,3
ENT-01191,CPT-01003,4,29720.99,2025-10-01 13:30:19,2026-07-27 17:59:27,35.3,inbound,3
ENT-01159,CPT-03981,4,24568.36,2025-08-20 12:32:40,2026-04-07 15:31:46,35.3,inbound,191
ENT-01096,CPT-02870,2,24430.79,2025-12-31 16:20:15,2026-06-10 15:23:46,35.3,outbound,54
ENT-01140,CPT-02507,6,23171.14,2025-10-23 17:16:11,2026-05-19 17:33:16,35.3,outbound,5
ENT-01191,CPT-04114,6,23078.31,2025-08-13 15:39:21,2026-07-06 13:56:48,35.3,inbound,19
ENT-01385,CPT-01383,4,20683.54,2025-09-19 09:14:44,2026-06-02 15:47:05,35.3,inbound,13
ENT-01229,CPT-04290,1,19472.19,2026-05-29 14:10:01,2026-05-29 14:10:01,35.3,inbound,7
ENT-01072,CPT-02486,2,16186.01,2025-11-20 13:34:09,2026-03-27 17:28:38,35.3,outbound,11
ENT-01397,CPT-01445,3,14620.97,2025-09-08 09:24:41,2026-07-02 15:36:13,35.3,inbound,4
ENT-01498,CPT-03661,3,13092.24,2025-09-21 09:21:14,2026-05-09 10:47:59,35.3,inbound,5
ENT-01186,CPT-03297,4,12375.67,2025-08-06 12:26:20,2026-04-21 13:45:00,35.3,outbound,110
ENT-01466,CPT-05632,3,9910.18,2025-09-15 14:59:52,2026-06-05 14:57:14,35.3,inbound,4
ENT-01261,CPT-03461,2,9550.9,2025-10-21 16:04:00,2026-01-15 13:37:57,35.3,outbound,4
ENT-01345,CPT-04157,2,8953.89,2026-02-10 17:47:16,2026-07-08 12:18:40,35.3,inbound,2
ENT-01349,CPT-03729,2,8417.92,2026-05-13 17:58:23,2026-07-10 09:50:28,35.3,inbound,69
ENT-01140,CPT-04751,2,8064.42,2025-11-11 13:54:14,2025-12-15 12:01:38,35.3,inbound,5
ENT-01393,CPT-02733,3,6530.02,2025-10-21 11:24:56,2025-10-30 17:26:24,35.3,outbound,5
ENT-01115,CPT-03638,4,6462.46,2025-08-24 10:31:06,2026-07-02 13:03:09,35.3,inbound,2
ENT-01200,CPT-02918,1,5532.69,2026-02-03 13:29:08,2026-02-03 13:29:08,35.3,outbound,1
ENT-01378,CPT-04999,1,5357.54,2025-12-04 17:03:31,2025-12-04 17:03:31,35.3,inbound,3
ENT-01162,CPT-03247,2,5055.65,2025-12-18 12:51:44,2026-02-27 15:25:40,35.3,outbound,1
ENT-01211,CPT-01509,3,3102.14,2025-08-28 16:14:27,2026-05-05 09:44:19,35.3,inbound,2
ENT-01177,CPT-05182,3,2976.13,2026-01-30 10:40:07,2026-05-01 13:15:04,35.3,inbound,5
ENT-01340,CPT-03355,2,2381.91,2026-01-13 15:18:32,2026-01-15 12:17:42,35.3,outbound,1
ENT-01332,CPT-03980,2,2160.3,2025-12-16 11:14:16,2026-06-12 15:34:07,35.3,inbound,32
ENT-01467,CPT-02733,2,2060.69,2026-05-07 12:57:09,2026-05-07 14:32:04,35.3,outbound,5
ENT-01287,CPT-03242,1,1742.25,2026-07-02 15:26:59,2026-07-02 15:26:59,35.3,outbound,34
ENT-01458,CPT-03981,2,1333.61,2025-10-31 13:04:30,2026-04-20 11:46:46,35.3,inbound,191
ENT-01083,CPT-03679,2,843.86,2025-10-26 10:38:53,2026-05-12 12:00:31,35.3,inbound,2
ENT-01069,CPT-03980,1,599.04,2026-06-15 11:46:49,2026-06-15 11:46:49,35.3,inbound,32
ENT-00471,CPT-02340,4,546.84,2025-09-02 15:12:36,2026-04-06 12:45:55,35.3,inbound;outbound,1
ENT-00189,CPT-01525,1,439.44,2025-08-17 19:14:09,2025-08-17 19:14:09,35.3,outbound,1
ENT-01169,CPT-02294,10,76937.66,2025-08-29 16:05:57,2026-07-17 10:35:57,35.2,inbound,1
ENT-00227,CPT-00010,24,58182.63,2025-08-15 07:26:45,2026-07-31 08:02:29,35.2,inbound,1
ENT-01141,CPT-01623,3,43341.7,2025-09-11 17:18:13,2026-06-24 10:38:53,35.2,inbound,1
ENT-01385,CPT-03728,6,38570.58,2025-08-26 16:47:35,2026-07-21 15:15:03,35.2,inbound,8
ENT-01137,CPT-03295,12,30636.98,2025-08-19 11:07:25,2026-07-14 11:26:38,35.2,outbound,2
ENT-01067,CPT-03571,9,24661.45,2025-10-09 12:29:48,2026-06-23 16:36:13,35.2,outbound,2
ENT-01183,CPT-01888,4,23090.13,2025-08-06 17:14:57,2026-03-10 11:41:58,35.2,inbound,2
ENT-01352,CPT-05474,2,21262.57,2025-09-17 11:01:28,2026-07-28 13:06:25,35.2,inbound,4
ENT-01220,CPT-05254,2,19668.74,2025-09-18 13:14:38,2025-12-17 14:24:58,35.2,inbound,18
ENT-01497,CPT-03672,2,14368.94,2025-12-28 13:06:15,2026-02-24 16:20:22,35.2,inbound,6
ENT-01416,CPT-03524,5,14309.53,2025-09-09 12:01:10,2026-04-02 12:37:55,35.2,outbound,2
ENT-01373,CPT-03119,2,14031.74,2026-06-25 15:06:24,2026-07-14 09:12:27,35.2,outbound,2
ENT-01194,CPT-04887,1,13190.97,2025-08-08 15:43:04,2025-08-08 15:43:04,35.2,inbound,2
ENT-00278,CPT-01080,7,12478.18,2025-08-20 09:49:57,2026-03-27 14:40:27,35.2,inbound;outbound,3
ENT-01360,CPT-02161,4,12224.02,2025-08-29 13:06:59,2026-06-16 16:49:39,35.2,inbound,27
ENT-01486,CPT-02756,6,11906.85,2025-12-23 09:58:51,2026-05-26 17:11:53,35.2,outbound,17
ENT-01250,CPT-02687,6,11706.92,2025-10-09 16:12:50,2026-05-29 13:32:27,35.2,outbound,15
ENT-01083,CPT-03601,4,10305.36,2026-01-06 16:04:04,2026-07-16 12:58:05,35.2,inbound,9
ENT-00797,CPT-00603,6,10053.25,2025-10-07 13:56:32,2026-07-10 17:56:07,35.2,inbound;outbound,2
ENT-00424,CPT-01592,2,10033.91,2025-08-26 11:30:57,2026-06-02 10:18:25,35.2,inbound,1
ENT-01205,CPT-00771,1,9349.73,2025-12-09 15:01:23,2025-12-09 15:01:23,35.2,inbound,2
ENT-01212,CPT-04371,5,8064.3,2025-08-27 15:55:16,2026-07-31 15:57:21,35.2,inbound,19
ENT-01262,CPT-05876,6,7578.41,2025-08-26 12:27:57,2026-07-05 17:58:06,35.2,inbound,2
ENT-01378,CPT-05073,4,7120.53,2025-08-07 09:19:45,2026-04-16 11:03:04,35.2,inbound,1
ENT-01197,CPT-03113,1,7012.66,2026-05-01 15:56:47,2026-05-01 15:56:47,35.2,outbound,4
ENT-01090,CPT-02754,2,6538.1,2025-12-15 16:54:35,2026-06-29 09:52:00,35.2,outbound,2
ENT-01500,CPT-02214,5,6529.8,2025-08-27 14:26:29,2026-07-16 13:19:14,35.2,inbound,2
ENT-01061,CPT-01421,2,6393.83,2026-02-04 16:32:47,2026-05-15 15:12:57,35.2,inbound,3
ENT-01226,CPT-03242,4,5884.33,2025-09-02 18:07:50,2026-05-05 17:35:28,35.2,outbound,34
ENT-01226,CPT-02498,3,5749.56,2025-10-02 13:26:52,2026-01-01 14:22:55,35.2,outbound,45
ENT-01090,CPT-03114,1,5725.93,2026-02-23 11:21:23,2026-02-23 11:21:23,35.2,outbound,11
ENT-01452,CPT-03242,3,5060.02,2025-10-09 13:53:23,2026-04-30 12:59:45,35.2,outbound,34
ENT-01265,CPT-04950,1,2896.48,2026-04-03 17:27:45,2026-04-03 17:27:45,35.2,inbound,4
ENT-01182,CPT-02498,1,2410.79,2026-01-22 17:00:01,2026-01-22 17:00:01,35.2,outbound,45
ENT-01270,CPT-02784,1,2242.3,2026-01-12 14:02:32,2026-01-12 14:02:32,35.2,outbound,40
ENT-01462,CPT-03242,1,2194.39,2025-12-30 11:17:13,2025-12-30 11:17:13,35.2,outbound,34
ENT-01163,CPT-02996,2,2063.2,2025-12-15 13:54:04,2026-03-24 12:44:42,35.2,outbound,1
ENT-01143,CPT-02758,1,2057.36,2026-07-28 09:46:52,2026-07-28 09:46:52,35.2,outbound,35
ENT-00130,CPT-00918,7,1741.14,2025-08-07 15:59:54,2026-01-07 11:49:56,35.2,inbound;outbound,3
ENT-01237,CPT-02500,2,1508.67,2025-10-16 09:55:54,2026-07-14 16:59:40,35.2,outbound,60
ENT-01239,CPT-04324,1,1177.47,2026-07-12 16:59:48,2026-07-12 16:59:48,35.2,inbound,71
ENT-01245,CPT-03817,1,1113.74,2026-04-01 09:16:27,2026-04-01 09:16:27,35.2,inbound,9
ENT-00675,CPT-02031,6,967.56,2025-09-17 20:11:17,2026-06-17 08:21:50,35.2,inbound,1
ENT-01232,CPT-04324,1,592.21,2025-12-06 10:10:39,2025-12-06 10:10:39,35.2,inbound,71
ENT-00471,CPT-01644,3,407.77,2025-09-12 21:13:23,2025-12-31 09:18:23,35.2,inbound,2
ENT-00997,CPT-01308,2,393.88,2025-10-01 13:52:01,2026-03-18 14:36:09,35.2,outbound,1
ENT-00189,CPT-01723,1,388.16,2025-09-11 20:59:57,2025-09-11 20:59:57,35.2,outbound,3
ENT-01220,CPT-00745,3,45136.55,2025-10-20 13:50:14,2026-02-26 10:47:18,35.1,inbound,2
ENT-01363,CPT-05769,6,41516.47,2025-08-20 13:18:22,2026-06-09 13:18:09,35.1,inbound,4
ENT-01245,CPT-01426,2,38073.26,2025-11-17 17:09:26,2026-02-23 10:17:32,35.1,inbound,1
ENT-01245,CPT-03983,3,20799.43,2025-08-07 11:54:10,2026-06-08 12:14:31,35.1,inbound,33
ENT-01449,CPT-03903,2,17235.15,2025-08-05 11:02:05,2025-12-25 09:12:28,35.1,inbound,1
ENT-01142,CPT-03616,8,17169.52,2025-11-28 14:42:21,2026-06-17 09:40:46,35.1,inbound,3
ENT-01100,CPT-05254,2,16254.9,2025-12-03 11:04:43,2025-12-31 16:11:58,35.1,inbound,18
ENT-01440,CPT-05851,3,15311.44,2025-08-11 11:33:27,2026-06-23 14:15:17,35.1,inbound,7
ENT-01092,CPT-05739,1,15109.47,2026-05-14 16:07:44,2026-05-14 16:07:44,35.1,inbound,1
ENT-01460,CPT-02500,5,12636.49,2025-11-27 12:12:58,2026-06-18 11:28:44,35.1,outbound,60
ENT-01051,CPT-04523,1,12526.7,2025-12-26 12:47:45,2025-12-26 12:47:45,35.1,inbound,1
ENT-01450,CPT-03414,3,12177.39,2025-12-18 14:55:10,2026-04-16 14:42:24,35.1,outbound,8
ENT-01182,CPT-03146,3,10472.78,2025-09-25 17:25:51,2026-01-22 16:55:37,35.1,outbound,4
ENT-01186,CPT-04350,2,9784.49,2026-01-01 14:03:44,2026-03-09 10:42:09,35.1,inbound,15
ENT-01232,CPT-02181,4,9646.1,2025-08-05 15:55:59,2026-05-06 11:34:28,35.1,inbound,31
ENT-01403,CPT-04975,1,7737.56,2025-09-01 14:59:42,2025-09-01 14:59:42,35.1,inbound,5
ENT-01237,CPT-04428,3,7672.86,2025-10-17 12:26:06,2026-06-26 09:40:47,35.1,inbound,3
ENT-01180,CPT-03497,3,7371.04,2025-10-15 12:52:11,2026-05-05 09:09:38,35.1,outbound,4
ENT-01178,CPT-03456,4,7360.68,2025-10-21 10:33:32,2026-06-18 15:01:25,35.1,outbound,5
ENT-01290,CPT-02477,1,7202.37,2026-07-10 16:50:56,2026-07-10 16:50:56,35.1,outbound,2
ENT-01273,CPT-02498,3,6677.09,2026-06-12 12:57:41,2026-07-31 16:17:10,35.1,outbound,45
ENT-01428,CPT-02728,1,6638.89,2026-07-30 12:14:27,2026-07-30 12:14:27,35.1,outbound,3
ENT-01082,CPT-02410,3,6559.65,2025-11-11 17:52:37,2026-07-06 13:35:28,35.1,outbound,9
ENT-01408,CPT-04506,3,6214.55,2025-08-06 09:47:48,2025-11-14 16:28:27,35.1,inbound,2
ENT-01370,CPT-02399,3,5412.93,2025-08-11 12:15:08,2025-11-26 11:11:36,35.1,outbound,8
ENT-01232,CPT-04767,4,5075.14,2025-09-01 17:44:29,2026-04-17 17:46:33,35.1,inbound,2
ENT-01201,CPT-04348,1,4675.17,2025-08-29 09:47:18,2025-08-29 09:47:18,35.1,inbound,3
ENT-01094,CPT-03419,2,4186.46,2025-08-28 09:49:06,2025-08-28 10:04:47,35.1,outbound,2
ENT-01386,CPT-02937,1,3762.38,2025-08-08 10:10:19,2025-08-08 10:10:19,35.1,outbound,12
ENT-01206,CPT-01563,2,3730.4,2025-10-28 17:21:01,2026-06-21 09:38:56,35.1,inbound,4
ENT-01115,CPT-04324,2,3589.4,2025-08-16 09:29:16,2026-03-22 15:41:40,35.1,inbound,71
ENT-01191,CPT-03197,2,3414.24,2025-08-06 10:56:17,2025-09-19 14:22:56,35.1,outbound,39
ENT-01425,CPT-01905,1,3142.89,2025-10-19 16:53:44,2025-10-19 16:53:44,35.1,inbound,17
ENT-01388,CPT-02493,2,3089.42,2026-06-05 14:06:44,2026-07-22 10:18:58,35.1,outbound,101
ENT-01111,CPT-03496,3,2346.23,2025-08-21 16:03:38,2026-05-21 12:02:55,35.1,outbound,4
ENT-01380,CPT-05889,2,1994.27,2026-03-06 15:01:30,2026-05-02 13:31:51,35.1,inbound,3
ENT-00689,CPT-02181,9,1480.38,2025-10-18 09:17:06,2026-06-24 20:22:41,35.1,inbound;outbound,31
ENT-00852,CPT-02371,8,1257.96,2025-10-18 13:11:49,2026-07-16 14:27:49,35.1,inbound;outbound,3
ENT-00689,CPT-01112,4,579.73,2025-09-28 20:23:03,2026-03-14 17:36:00,35.1,inbound;outbound,49
ENT-01416,CPT-03174,1,573.53,2025-11-26 10:30:02,2025-11-26 10:30:02,35.1,outbound,6
ENT-00821,CPT-01926,1,557.68,2025-12-06 18:28:59,2025-12-06 18:28:59,35.1,outbound,1
ENT-01201,CPT-05145,1,440.55,2026-01-28 12:42:14,2026-01-28 12:42:14,35.1,inbound,1
ENT-00081,CPT-04179,2,140.47,2025-09-07 20:10:27,2025-12-07 20:02:08,35.1,outbound,1
ENT-01062,CPT-03963,5,48890.32,2025-09-08 15:36:47,2026-07-16 12:01:35,35.0,inbound,2
ENT-01228,CPT-04655,5,42057.41,2025-11-04 15:43:05,2026-06-01 13:08:34,35.0,inbound,5
ENT-01360,CPT-04786,7,35213.91,2025-08-13 17:25:05,2026-06-18 15:01:35,35.0,inbound,5
ENT-01179,CPT-05240,4,32477.08,2025-10-28 11:20:28,2026-04-07 14:32:21,35.0,inbound,6
ENT-00797,CPT-00672,4,27841.1,2025-09-08 16:09:45,2026-06-25 17:54:02,35.0,inbound,1
ENT-01136,CPT-05782,3,25990.14,2026-02-16 13:01:47,2026-07-15 09:53:25,35.0,inbound,2
ENT-01468,CPT-03342,5,17965.36,2025-12-16 15:36:28,2026-05-26 16:26:25,35.0,outbound,14
ENT-01233,CPT-04923,2,16206.07,2026-03-11 13:04:41,2026-07-03 11:04:12,35.0,inbound,4
ENT-01252,CPT-03638,2,16019.45,2025-08-29 14:52:03,2026-06-08 17:10:25,35.0,inbound,2
ENT-01143,CPT-03448,3,14911.86,2026-03-12 09:12:41,2026-05-05 13:49:06,35.0,outbound,12
ENT-01053,CPT-03297,3,14772.98,2025-11-05 15:31:27,2026-03-18 14:22:13,35.0,outbound,110
ENT-01067,CPT-04010,3,14748.85,2025-11-19 12:44:18,2026-05-22 09:04:28,35.0,inbound,2
ENT-01456,CPT-01298,5,13097.78,2025-09-16 13:46:34,2026-06-28 13:29:40,35.0,inbound,2
ENT-01260,CPT-02852,6,12696.09,2026-05-12 10:44:55,2026-07-30 14:41:23,35.0,outbound,13
ENT-01304,CPT-02821,2,10145.17,2025-09-16 12:30:15,2025-11-05 09:20:17,35.0,outbound,28
ENT-01441,CPT-03537,3,10032.27,2025-08-07 15:45:07,2026-04-09 10:46:59,35.0,outbound,1
ENT-01094,CPT-02695,3,9532.92,2025-08-28 10:04:13,2025-11-06 12:02:38,35.0,outbound,166
ENT-01363,CPT-03242,2,9169.06,2025-09-01 13:55:51,2025-10-24 13:42:12,35.0,outbound,34
ENT-01196,CPT-02227,3,6957.27,2025-08-29 15:26:10,2026-03-04 15:07:33,35.0,inbound,12
ENT-01387,CPT-04371,1,6638.44,2026-07-20 09:57:18,2026-07-20 09:57:18,35.0,inbound,19
ENT-01260,CPT-05401,3,5229.24,2025-09-10 14:46:54,2026-02-03 14:02:23,35.0,inbound,1
ENT-01163,CPT-03197,1,4740.15,2026-02-06 10:06:36,2026-02-06 10:06:36,35.0,outbound,39
ENT-01344,CPT-03216,3,4712.8,2025-08-19 12:46:36,2026-06-11 15:05:14,35.0,outbound,5
ENT-01320,CPT-02451,1,4200.72,2025-10-23 10:39:33,2025-10-23 10:39:33,35.0,outbound,4
ENT-01418,CPT-02720,2,4100.0,2026-03-17 09:53:29,2026-04-07 15:43:30,35.0,outbound,5
ENT-01138,CPT-03218,1,3573.06,2026-03-19 16:50:49,2026-03-19 16:50:49,35.0,outbound,4
ENT-01226,CPT-03841,1,3395.31,2025-09-05 15:57:09,2025-09-05 15:57:09,35.0,inbound,1
ENT-01387,CPT-02870,4,3328.28,2025-08-21 10:40:49,2026-02-03 14:48:15,35.0,outbound,54
ENT-01150,CPT-01905,1,2347.12,2026-06-14 17:35:00,2026-06-14 17:35:00,35.0,inbound,17
ENT-01220,CPT-04527,2,1444.85,2025-10-10 17:17:05,2025-11-06 17:05:33,35.0,inbound,7
ENT-01281,CPT-05632,2,1295.53,2026-01-28 14:46:40,2026-03-31 14:46:30,35.0,inbound,4
ENT-00522,CPT-00897,4,557.39,2025-10-17 12:37:18,2026-03-09 16:15:50,35.0,inbound;outbound,4
ENT-01186,CPT-01728,1,551.38,2026-03-16 14:39:27,2026-03-16 14:39:27,35.0,inbound,1
ENT-01182,CPT-01786,4,41329.29,2025-08-08 17:06:09,2026-06-03 12:42:44,34.9,inbound,1
ENT-01486,CPT-01067,3,38146.44,2025-10-23 15:37:18,2026-06-08 10:21:26,34.9,inbound,1
ENT-01436,CPT-01033,6,37875.2,2025-08-04 15:16:46,2026-05-22 15:18:18,34.9,inbound,3
ENT-01182,CPT-01383,5,30843.27,2025-09-25 15:42:10,2026-02-19 17:22:51,34.9,inbound,13
ENT-01333,CPT-04935,4,21250.96,2025-09-10 15:54:43,2026-07-29 15:51:03,34.9,inbound,7
ENT-01453,CPT-00963,3,20755.88,2025-10-08 16:00:40,2026-02-12 13:26:40,34.9,inbound,2
ENT-01345,CPT-02825,5,15688.88,2025-12-04 16:07:06,2026-05-26 18:21:00,34.9,outbound,3
ENT-01500,CPT-04692,5,15240.06,2025-10-18 10:20:05,2026-05-27 11:13:38,34.9,inbound,1
ENT-01434,CPT-01119,5,11912.12,2025-09-22 17:07:38,2026-02-20 14:38:47,34.9,inbound,2
ENT-01311,CPT-02508,4,11241.69,2025-09-16 13:31:50,2026-05-07 16:46:47,34.9,outbound,1
ENT-01121,CPT-03062,5,11216.41,2025-09-24 16:02:24,2026-03-10 14:05:32,34.9,outbound,6
ENT-01494,CPT-05722,2,11118.08,2025-09-03 09:19:19,2025-12-18 15:44:09,34.9,inbound,1
ENT-01122,CPT-03448,4,11059.77,2025-11-25 12:03:49,2026-07-07 14:02:02,34.9,outbound,12
ENT-01370,CPT-03459,2,10682.91,2025-09-03 12:10:25,2026-04-23 10:42:39,34.9,outbound,5
ENT-01245,CPT-03492,8,8655.65,2025-08-21 16:12:05,2026-06-25 13:29:09,34.9,outbound,8
ENT-01177,CPT-03695,4,8378.19,2025-12-28 09:59:05,2026-03-26 16:40:59,34.9,inbound,12
ENT-00532,CPT-00031,12,7657.51,2025-08-01 08:35:03,2026-07-01 09:46:07,34.9,inbound,4
ENT-01165,CPT-03850,5,7549.6,2025-11-28 16:49:27,2026-07-04 10:25:31,34.9,inbound,1
ENT-01092,CPT-02784,3,6886.24,2026-05-21 14:09:30,2026-05-21 14:16:24,34.9,outbound,40
ENT-01197,CPT-01788,3,5293.57,2025-10-16 13:09:01,2026-01-17 13:43:19,34.9,inbound,4
ENT-01212,CPT-01968,4,5133.55,2025-11-28 09:51:56,2026-07-19 14:27:27,34.9,inbound,6
ENT-01395,CPT-05554,2,3928.93,2026-02-16 14:17:19,2026-03-06 11:07:13,34.9,inbound,4
ENT-01474,CPT-02883,1,3900.79,2025-11-10 14:45:37,2025-11-10 14:45:37,34.9,outbound,2
ENT-01114,CPT-03100,2,3813.96,2025-11-10 10:18:43,2026-05-14 13:34:40,34.9,outbound,1
ENT-01171,CPT-03045,1,3812.21,2026-07-02 10:38:38,2026-07-02 10:38:38,34.9,outbound,4
ENT-01494,CPT-03981,1,3218.27,2025-09-15 17:51:58,2025-09-15 17:51:58,34.9,inbound,191
ENT-01165,CPT-00926,3,3003.99,2025-08-19 17:04:48,2026-06-19 17:31:57,34.9,inbound,2
ENT-01153,CPT-04303,2,2998.95,2025-09-27 13:36:38,2026-07-23 17:19:27,34.9,inbound,22
ENT-01373,CPT-02717,4,2809.11,2025-10-15 14:13:44,2026-04-01 10:24:18,34.9,outbound,3
ENT-01371,CPT-04964,3,2522.84,2025-08-07 13:43:04,2026-07-27 15:28:30,34.9,inbound,12
ENT-00966,CPT-01416,16,2336.85,2025-08-04 13:40:06,2026-06-18 21:00:23,34.9,inbound;outbound,1
ENT-01389,CPT-02948,1,1104.88,2025-09-04 11:46:39,2025-09-04 11:46:39,34.9,outbound,2
ENT-01090,CPT-03462,1,1075.26,2026-03-10 15:18:42,2026-03-10 15:18:42,34.9,outbound,3
ENT-01213,CPT-02493,2,1003.26,2026-02-20 15:58:12,2026-04-14 10:59:28,34.9,outbound,101
ENT-01061,CPT-02951,1,910.29,2025-08-14 15:27:33,2025-08-14 15:27:33,34.9,outbound,2
ENT-01201,CPT-02767,1,874.92,2025-12-11 14:10:41,2025-12-11 14:10:41,34.9,outbound,3
ENT-00333,CPT-02181,1,104.63,2026-07-07 15:59:46,2026-07-07 15:59:46,34.9,outbound,31
ENT-01414,CPT-05839,2,53092.61,2025-11-18 12:11:16,2026-04-14 11:36:08,34.8,inbound,1
ENT-01111,CPT-04331,3,45531.65,2026-04-24 15:27:56,2026-07-22 12:50:12,34.8,inbound,4
ENT-01194,CPT-04299,3,37468.35,2025-09-02 09:09:46,2026-05-11 12:27:09,34.8,inbound,44
ENT-01189,CPT-02181,1,27430.51,2026-04-14 10:01:32,2026-04-14 10:01:32,34.8,inbound,31
ENT-01167,CPT-03342,7,24449.46,2025-08-19 10:31:58,2026-05-01 10:55:56,34.8,outbound,14
ENT-01363,CPT-01742,4,24068.12,2025-08-18 16:53:32,2026-04-22 16:02:17,34.8,inbound,27
ENT-01159,CPT-01552,2,22744.1,2025-09-19 14:26:54,2025-12-02 13:47:24,34.8,inbound,8
ENT-01456,CPT-02585,1,22012.72,2026-03-03 09:46:17,2026-03-03 09:46:17,34.8,outbound,1
ENT-01232,CPT-01732,6,20852.14,2025-08-04 13:27:56,2026-06-24 10:06:57,34.8,inbound,2
ENT-01485,CPT-03581,3,20596.51,2026-05-18 14:22:16,2026-06-08 17:53:04,34.8,outbound,3
ENT-01059,CPT-01041,2,20299.05,2025-12-23 13:45:23,2026-02-10 10:24:14,34.8,inbound,2
ENT-01126,CPT-03300,4,19686.73,2025-11-06 09:44:20,2026-06-16 12:00:52,34.8,outbound,2
ENT-01287,CPT-01879,2,16927.43,2025-08-06 16:40:23,2026-01-06 09:45:23,34.8,inbound,1
ENT-01492,CPT-03981,3,15731.13,2025-09-01 10:33:01,2026-01-23 09:25:25,34.8,inbound,191
ENT-01094,CPT-05616,3,15577.3,2025-08-07 10:45:49,2026-02-03 16:05:14,34.8,inbound,4
ENT-01257,CPT-03007,4,14180.35,2026-04-28 14:52:48,2026-07-21 14:38:07,34.8,outbound,2
ENT-01262,CPT-04655,6,13837.41,2025-09-04 14:22:05,2026-07-16 16:15:28,34.8,inbound,5
ENT-01197,CPT-03797,8,10914.3,2025-12-05 12:00:47,2026-07-17 13:04:03,34.8,inbound,3
ENT-01344,CPT-02467,4,10824.15,2025-11-27 17:08:04,2026-04-15 17:27:43,34.8,outbound,4
ENT-01293,CPT-04832,4,10575.57,2025-08-07 09:25:12,2026-07-27 14:38:43,34.8,inbound,25
ENT-01453,CPT-02431,3,9225.55,2026-05-07 14:25:56,2026-07-23 15:27:24,34.8,outbound,30
ENT-01143,CPT-03174,3,8755.97,2025-08-25 14:05:54,2026-07-29 16:29:47,34.8,outbound,6
ENT-01249,CPT-02563,2,8191.41,2025-08-27 13:08:01,2026-06-09 13:34:20,34.8,outbound,3
ENT-01230,CPT-05752,3,8058.81,2025-10-01 11:14:32,2026-07-10 17:35:45,34.8,inbound,4
ENT-01153,CPT-03796,3,7695.5,2025-11-05 15:26:19,2026-07-19 14:12:33,34.8,inbound,2
ENT-01434,CPT-01217,2,5852.91,2026-03-23 10:48:03,2026-06-15 11:48:50,34.8,inbound,2
ENT-01312,CPT-03917,3,5438.92,2026-03-25 15:52:55,2026-06-25 10:48:59,34.8,inbound,1
ENT-01282,CPT-01421,2,4921.42,2025-08-14 16:36:36,2026-01-18 09:54:37,34.8,inbound,3
ENT-01057,CPT-03225,2,4601.31,2025-08-20 09:33:53,2025-11-10 13:31:11,34.8,outbound,1
ENT-01457,CPT-03045,2,4193.16,2026-07-10 12:13:05,2026-07-28 12:43:52,34.8,outbound,4
ENT-01410,CPT-03981,2,3672.77,2025-10-30 15:42:31,2026-04-23 12:39:12,34.8,inbound,191
ENT-01210,CPT-03010,1,3567.07,2026-07-28 16:15:22,2026-07-28 16:15:22,34.8,outbound,2
ENT-01311,CPT-03104,2,3075.02,2025-11-20 17:08:31,2026-05-07 16:52:05,34.8,outbound,12
ENT-01143,CPT-02787,2,2796.81,2025-11-28 12:11:21,2026-07-28 14:35:21,34.8,outbound,42
ENT-01472,CPT-02824,1,2461.17,2026-04-30 10:27:37,2026-04-30 10:27:37,34.8,outbound,4
ENT-01282,CPT-04338,1,2439.45,2025-11-06 10:26:33,2025-11-06 10:26:33,34.8,inbound,1
ENT-01092,CPT-01403,1,2131.72,2026-05-21 15:50:59,2026-05-21 15:50:59,34.8,inbound,5
ENT-01119,CPT-03488,3,1722.83,2025-08-26 17:43:30,2026-01-20 17:03:32,34.8,outbound,3
ENT-01167,CPT-03981,1,1494.73,2025-08-05 16:51:29,2025-08-05 16:51:29,34.8,inbound,191
ENT-01487,CPT-03577,2,1161.73,2026-04-23 17:25:47,2026-06-25 15:48:36,34.8,outbound,2
ENT-01088,CPT-03842,1,592.87,2026-04-30 16:47:08,2026-04-30 16:47:08,34.8,inbound,3
ENT-01430,CPT-02821,1,338.91,2025-11-13 13:56:40,2025-11-13 13:56:40,34.8,outbound,28
ENT-00918,CPT-01467,1,242.04,2025-08-30 18:20:02,2025-08-30 18:20:02,34.8,outbound,1
ENT-00688,CPT-00086,24,92821.67,2025-08-15 07:27:04,2026-07-31 08:52:32,34.7,inbound,1
ENT-01346,CPT-03817,3,48138.09,2025-08-07 16:19:29,2026-05-01 11:35:47,34.7,inbound,9
ENT-01492,CPT-05824,2,45457.74,2025-10-14 15:44:19,2026-02-26 11:08:06,34.7,inbound,13
ENT-00589,CPT-00039,24,39315.92,2025-08-15 10:06:11,2026-07-31 10:22:30,34.7,inbound,4
ENT-01312,CPT-02067,8,26781.03,2025-08-06 09:28:41,2026-07-28 16:04:20,34.7,inbound,2
ENT-01432,CPT-02738,1,25711.86,2026-06-04 12:08:30,2026-06-04 12:08:30,34.7,outbound,1
ENT-01270,CPT-02414,3,23511.18,2025-12-11 17:39:08,2026-06-09 13:49:07,34.7,outbound,22
ENT-01411,CPT-02695,4,21794.98,2025-11-27 17:07:33,2026-07-29 11:24:33,34.7,outbound,166
ENT-01497,CPT-05551,3,10391.72,2025-10-26 13:05:44,2026-06-20 17:40:10,34.7,inbound,2
ENT-01411,CPT-02089,6,10097.43,2025-11-14 13:13:52,2026-07-30 10:40:45,34.7,inbound,3
ENT-01064,CPT-02560,3,10068.94,2026-01-05 13:04:08,2026-07-22 14:54:35,34.7,outbound,2
ENT-01454,CPT-02821,1,10062.75,2026-03-26 13:19:08,2026-03-26 13:19:08,34.7,outbound,28
ENT-01440,CPT-04425,2,8952.69,2025-08-11 17:45:53,2025-10-27 15:37:20,34.7,inbound,18
ENT-01175,CPT-04916,3,8565.11,2025-11-05 09:41:48,2026-04-03 10:46:18,34.7,inbound,1
ENT-01281,CPT-04331,3,6242.27,2025-08-21 13:07:46,2026-05-09 10:16:44,34.7,inbound,4
ENT-01096,CPT-01902,3,6120.43,2025-09-06 16:25:17,2026-04-21 16:22:34,34.7,inbound,5
ENT-01476,CPT-02926,2,6052.55,2025-08-15 10:10:03,2026-03-11 13:24:07,34.7,outbound,2
ENT-01197,CPT-02909,4,5600.23,2025-09-26 17:21:45,2026-03-16 13:54:46,34.7,outbound,1
ENT-01072,CPT-02826,3,5258.35,2025-08-21 16:45:33,2026-03-03 09:19:07,34.7,outbound,4
ENT-01083,CPT-03981,1,4589.53,2026-01-28 17:36:45,2026-01-28 17:36:45,34.7,inbound,191
ENT-01148,CPT-03628,1,4388.1,2025-09-15 14:59:03,2025-09-15 14:59:03,34.7,inbound,3
ENT-01301,CPT-02773,3,4266.24,2025-12-25 12:01:33,2026-01-16 13:09:41,34.7,outbound,3
ENT-01466,CPT-04280,1,2716.02,2026-02-16 09:53:24,2026-02-16 09:53:24,34.7,inbound,7
ENT-01497,CPT-03865,3,2509.53,2025-09-05 16:06:52,2026-05-06 10:07:29,34.7,inbound,8
ENT-01211,CPT-04749,2,2471.64,2025-08-07 10:48:38,2026-03-24 13:34:30,34.7,inbound,3
ENT-00454,CPT-01383,14,2203.53,2025-09-19 08:27:35,2026-07-06 12:23:10,34.7,inbound;outbound,13
ENT-01410,CPT-04696,2,2046.65,2026-01-15 13:31:20,2026-03-05 16:15:44,34.7,inbound,2
ENT-01446,CPT-03104,1,1973.67,2026-06-08 12:13:51,2026-06-08 12:13:51,34.7,outbound,12
ENT-00624,CPT-01374,3,1963.51,2025-08-04 20:58:20,2025-09-26 19:15:24,34.7,outbound,2
ENT-01083,CPT-01491,2,1945.15,2025-10-30 17:39:02,2026-07-11 09:31:47,34.7,inbound,1
ENT-01378,CPT-03981,1,1658.07,2026-02-12 13:56:59,2026-02-12 13:56:59,34.7,inbound,191
ENT-01101,CPT-03139,2,1569.34,2025-09-11 15:47:56,2025-11-25 17:13:56,34.7,outbound,21
ENT-01064,CPT-02453,2,1075.38,2025-09-22 14:41:24,2026-04-13 17:48:17,34.7,outbound,2
ENT-01191,CPT-02870,24,319004.0,2025-08-15 13:26:08,2026-07-31 12:05:43,34.6,outbound,54
ENT-01060,CPT-05616,3,57339.53,2025-10-21 13:55:06,2026-04-10 12:16:49,34.6,inbound,4
ENT-01230,CPT-05086,1,40171.7,2026-04-07 09:39:40,2026-04-07 09:39:40,34.6,inbound,15
ENT-01452,CPT-01487,3,33589.83,2025-10-01 15:55:37,2026-04-20 11:59:06,34.6,inbound,9
ENT-01465,CPT-03866,2,30447.73,2025-08-20 17:26:31,2026-02-13 10:51:35,34.6,inbound,2
ENT-01448,CPT-02887,8,30196.64,2025-09-16 13:41:04,2026-06-18 16:47:02,34.6,outbound,15
ENT-01346,CPT-05080,5,29734.02,2025-08-13 16:46:58,2026-01-12 10:35:12,34.6,inbound,1
ENT-01061,CPT-05808,4,29265.64,2025-09-05 13:42:04,2026-04-22 16:02:17,34.6,inbound,1
ENT-00980,CPT-00521,12,27000.0,2025-08-01 20:30:34,2026-07-02 15:57:16,34.6,outbound,1
ENT-01092,CPT-01074,2,26524.55,2025-08-04 10:50:00,2026-02-05 17:42:19,34.6,inbound,12
ENT-01377,CPT-04478,4,25949.77,2025-10-09 11:14:17,2026-07-07 14:41:10,34.6,inbound,2
ENT-01425,CPT-05620,9,23207.05,2025-08-05 17:41:03,2026-05-10 13:39:37,34.6,inbound,4
ENT-01370,CPT-02771,2,21315.46,2025-08-04 15:51:27,2025-10-29 12:38:40,34.6,outbound,25
ENT-01261,CPT-02451,2,21153.97,2025-10-08 10:47:27,2025-10-21 09:07:56,34.6,outbound,4
ENT-01121,CPT-02715,5,20658.63,2025-09-11 16:21:59,2026-03-17 14:46:38,34.6,outbound,13
ENT-01494,CPT-02899,6,20619.64,2025-09-18 11:59:22,2026-06-30 17:23:03,34.6,outbound,3
ENT-01379,CPT-03695,2,14361.46,2025-11-25 15:41:06,2026-02-16 11:40:12,34.6,inbound,12
ENT-01146,CPT-03297,3,13118.45,2025-11-25 15:22:56,2026-07-09 16:34:30,34.6,outbound,110
ENT-01217,CPT-00835,5,11221.53,2025-08-06 16:23:28,2026-06-28 11:40:35,34.6,inbound,2
ENT-01371,CPT-05072,4,10656.41,2025-08-08 12:22:42,2026-05-17 13:00:56,34.6,inbound,31
ENT-01348,CPT-05081,2,9284.19,2026-03-16 11:17:30,2026-04-16 11:47:42,34.6,inbound,9
ENT-01239,CPT-00826,5,8481.28,2025-08-26 14:51:12,2026-01-21 16:29:12,34.6,inbound,4
ENT-01211,CPT-02053,1,8302.47,2026-03-17 10:48:53,2026-03-17 10:48:53,34.6,inbound,1
ENT-01165,CPT-00736,1,8266.12,2025-08-06 15:14:19,2025-08-06 15:14:19,34.6,inbound,2
ENT-01242,CPT-05885,2,7155.4,2025-09-11 12:54:46,2025-11-03 13:16:46,34.6,inbound,1
ENT-01465,CPT-05024,1,7112.9,2026-03-10 14:11:08,2026-03-10 14:11:08,34.6,inbound,1
ENT-01425,CPT-02964,1,7066.62,2025-12-30 10:46:16,2025-12-30 10:46:16,34.6,outbound,1
ENT-01255,CPT-01383,2,7013.31,2025-10-01 09:28:54,2026-05-25 17:11:01,34.6,inbound,13
ENT-01341,CPT-03867,2,6955.23,2026-02-27 14:00:57,2026-06-14 13:58:14,34.6,inbound,5
ENT-01155,CPT-03981,3,6755.24,2025-08-27 16:17:59,2026-03-02 14:02:50,34.6,inbound,191
ENT-01316,CPT-03104,5,6218.39,2026-02-12 13:20:28,2026-06-23 11:25:53,34.6,outbound,12
ENT-01141,CPT-03330,4,6105.02,2025-09-23 10:58:07,2026-07-14 16:38:42,34.6,outbound,67
ENT-01288,CPT-02732,3,5727.41,2025-09-04 09:03:53,2026-02-03 09:10:05,34.6,outbound,2
ENT-01055,CPT-04541,2,5623.49,2026-03-13 16:03:05,2026-05-12 10:58:58,34.6,inbound,1
ENT-01268,CPT-02479,3,5079.59,2025-11-12 14:32:08,2026-05-04 12:34:06,34.6,outbound,1
ENT-01386,CPT-00993,2,4982.68,2026-01-27 14:41:41,2026-03-09 11:49:06,34.6,inbound,1
ENT-01261,CPT-05364,2,4962.19,2025-09-11 15:00:07,2025-11-06 15:37:15,34.6,inbound,1
ENT-01290,CPT-02930,1,4953.07,2026-01-29 16:30:50,2026-01-29 16:30:50,34.6,outbound,2
ENT-01462,CPT-03330,1,4845.8,2025-08-07 10:17:00,2025-08-07 10:17:00,34.6,outbound,67
ENT-01162,CPT-05686,5,4807.65,2025-08-07 09:53:54,2026-07-31 14:02:46,34.6,inbound,6
ENT-01311,CPT-02768,2,4050.09,2025-11-20 17:02:49,2026-04-02 12:43:45,34.6,outbound,2
ENT-01397,CPT-03826,3,3359.94,2025-08-13 12:03:00,2026-07-02 09:53:36,34.6,inbound,2
ENT-01247,CPT-02552,4,3154.45,2026-02-05 16:26:00,2026-05-28 14:30:18,34.6,outbound,6
ENT-01226,CPT-02399,3,3068.1,2025-11-27 13:22:14,2026-02-03 16:28:16,34.6,outbound,8
ENT-01136,CPT-03297,1,2376.63,2025-11-20 15:34:03,2025-11-20 15:34:03,34.6,outbound,110
ENT-00577,CPT-01839,10,2221.26,2025-08-08 13:13:00,2026-05-08 18:14:23,34.6,inbound;outbound,1
ENT-01467,CPT-03257,2,2030.19,2025-10-09 13:27:50,2026-05-07 14:19:39,34.6,outbound,1
ENT-01185,CPT-03068,2,1693.45,2025-09-25 14:10:56,2025-12-19 16:50:39,34.6,outbound,22
ENT-01497,CPT-04840,1,1672.95,2025-10-18 11:25:10,2025-10-18 11:25:10,34.6,inbound,1
ENT-01246,CPT-03008,2,1282.15,2026-01-27 10:44:33,2026-05-04 13:54:11,34.6,outbound,6
ENT-01085,CPT-03981,1,1030.89,2025-09-15 15:16:07,2025-09-15 15:16:07,34.6,inbound,191
ENT-00526,CPT-01841,1,455.33,2025-11-29 14:05:39,2025-11-29 14:05:39,34.6,outbound,1
ENT-01311,CPT-03661,4,79124.93,2025-09-05 15:48:08,2026-07-08 17:37:38,34.5,inbound,5
ENT-01471,CPT-05784,4,56397.29,2025-10-21 17:52:35,2026-07-30 13:55:08,34.5,inbound,3
ENT-01411,CPT-01897,8,36830.21,2025-10-29 16:06:02,2026-06-17 13:37:16,34.5,inbound,1
ENT-01367,CPT-02123,3,20477.47,2025-08-08 14:40:02,2026-06-03 15:14:46,34.5,inbound,1
ENT-00104,CPT-00257,12,18900.0,2025-08-01 14:58:18,2026-07-02 20:55:36,34.5,outbound,1
ENT-01449,CPT-02606,5,18539.2,2025-08-29 09:35:13,2026-07-08 15:25:34,34.5,outbound,2
ENT-01472,CPT-01112,3,18164.12,2026-01-21 13:28:55,2026-06-08 16:55:41,34.5,inbound,49
ENT-01474,CPT-03455,3,17437.13,2026-04-10 16:26:30,2026-06-15 11:26:29,34.5,outbound,2
ENT-01217,CPT-03816,5,15829.37,2025-09-14 14:25:26,2026-03-19 10:38:11,34.5,inbound,3
ENT-01353,CPT-04770,1,15559.4,2025-09-03 16:21:51,2025-09-03 16:21:51,34.5,inbound,3
ENT-01346,CPT-04672,1,13602.03,2025-08-19 13:21:49,2025-08-19 13:21:49,34.5,inbound,14
ENT-01169,CPT-03248,1,13509.69,2025-09-05 13:57:14,2025-09-05 13:57:14,34.5,outbound,12
ENT-01426,CPT-00860,2,11161.3,2026-01-15 13:37:46,2026-02-18 09:03:25,34.5,inbound,16
ENT-01204,CPT-03330,3,11017.61,2025-09-25 12:06:21,2026-04-30 13:09:50,34.5,outbound,67
ENT-01462,CPT-04558,2,10695.68,2025-08-26 13:58:41,2026-01-15 09:16:23,34.5,inbound,1
ENT-01130,CPT-04964,2,10509.7,2026-02-16 15:56:03,2026-07-09 16:20:31,34.5,inbound,12
ENT-00079,CPT-02018,9,9319.15,2025-09-03 19:16:51,2026-07-15 10:32:48,34.5,inbound;outbound,5
ENT-01458,CPT-03930,4,7514.5,2026-01-26 14:32:37,2026-07-26 13:15:52,34.5,inbound,1
ENT-01132,CPT-03981,1,7378.18,2026-01-12 09:21:38,2026-01-12 09:21:38,34.5,inbound,191
ENT-01458,CPT-05049,3,7218.17,2025-08-04 12:56:16,2026-07-21 13:15:16,34.5,inbound,1
ENT-01232,CPT-04964,3,5870.6,2026-03-11 14:41:10,2026-07-26 09:04:43,34.5,inbound,12
ENT-01207,CPT-02687,2,5593.79,2025-10-30 09:17:49,2026-01-02 10:06:28,34.5,outbound,15
ENT-01457,CPT-03139,2,5271.35,2026-03-27 13:09:44,2026-06-22 15:25:26,34.5,outbound,21
ENT-01281,CPT-05155,3,5241.88,2025-08-22 14:04:23,2025-11-17 09:34:33,34.5,inbound,1
ENT-01095,CPT-02812,3,4831.07,2025-08-07 14:31:39,2025-12-16 17:55:52,34.5,outbound,1
ENT-01427,CPT-01907,2,3945.25,2025-08-24 10:00:48,2025-11-13 10:23:35,34.5,inbound,5
ENT-01206,CPT-05202,3,3587.67,2025-09-20 09:12:11,2026-06-08 14:24:36,34.5,inbound,4
ENT-01163,CPT-02900,2,3477.67,2026-01-13 16:33:31,2026-05-07 10:15:06,34.5,outbound,2
ENT-01446,CPT-03242,2,3356.36,2025-08-21 10:27:27,2026-05-08 11:03:31,34.5,outbound,34
ENT-01497,CPT-03981,1,2870.68,2025-10-31 15:25:20,2025-10-31 15:25:20,34.5,inbound,191
ENT-01185,CPT-03330,2,2844.81,2025-09-19 11:04:01,2025-12-30 11:08:04,34.5,outbound,67
ENT-01176,CPT-03986,1,2727.83,2025-09-26 10:41:42,2025-09-26 10:41:42,34.5,inbound,1
ENT-01287,CPT-03205,1,2714.33,2025-08-26 15:50:46,2025-08-26 15:50:46,34.5,outbound,5
ENT-00966,CPT-02321,12,2342.25,2025-10-06 17:13:24,2026-07-27 09:31:11,34.5,inbound;outbound,2
ENT-01249,CPT-03115,2,2152.15,2025-08-06 11:40:14,2025-10-10 12:44:01,34.5,outbound,1
ENT-01128,CPT-02800,1,1615.65,2025-12-31 13:46:06,2025-12-31 13:46:06,34.5,outbound,1
ENT-01441,CPT-03209,1,1536.17,2026-01-20 11:34:08,2026-01-20 11:34:08,34.5,outbound,8
ENT-01271,CPT-02500,1,1192.58,2025-10-30 13:49:18,2025-10-30 13:49:18,34.5,outbound,60
ENT-00862,CPT-01074,2,924.7,2026-04-08 18:18:33,2026-05-08 18:15:14,34.5,outbound,12
ENT-01427,CPT-04843,1,846.98,2025-08-10 14:21:22,2025-08-10 14:21:22,34.5,inbound,8
ENT-00917,CPT-04092,2,238.84,2025-08-17 19:28:51,2026-05-22 16:27:12,34.5,outbound,2
ENT-01142,CPT-02498,13,134016.54,2025-08-29 15:31:41,2026-07-31 16:52:45,34.4,outbound,45
ENT-01292,CPT-00641,5,41151.72,2025-09-16 09:08:41,2026-06-12 13:50:26,34.4,inbound,2
ENT-00687,CPT-00088,24,35367.88,2025-08-15 08:26:54,2026-07-31 10:47:49,34.4,inbound,2
ENT-01122,CPT-01431,3,34567.78,2026-02-18 12:52:49,2026-07-30 16:27:40,34.4,inbound,16
ENT-01402,CPT-05639,2,28948.71,2026-03-24 17:31:58,2026-04-30 15:07:23,34.4,inbound,3
ENT-00210,CPT-00351,12,27600.0,2025-08-01 16:33:01,2026-07-01 19:50:58,34.4,outbound,1
ENT-01093,CPT-00626,1,27133.39,2025-10-15 17:52:43,2025-10-15 17:52:43,34.4,inbound,3
ENT-01153,CPT-03729,5,20867.27,2025-09-06 17:16:23,2026-07-21 14:25:49,34.4,inbound,69
ENT-01233,CPT-04314,2,17256.65,2025-12-10 14:30:42,2026-05-22 12:51:55,34.4,inbound,1
ENT-01163,CPT-02500,5,16773.65,2025-09-30 10:34:36,2026-06-19 16:28:48,34.4,outbound,60
ENT-01287,CPT-03677,3,14351.09,2025-10-03 17:03:20,2026-06-30 14:29:01,34.4,inbound,3
ENT-01067,CPT-00715,3,14141.16,2025-08-01 11:55:45,2026-06-10 17:49:01,34.4,inbound,2
ENT-01464,CPT-02870,5,14086.94,2025-09-23 16:18:59,2026-05-26 10:51:32,34.4,outbound,54
ENT-01287,CPT-02324,3,12727.31,2025-12-17 12:34:32,2026-06-25 14:52:30,34.4,inbound,1
ENT-01217,CPT-01571,3,11868.59,2025-09-09 10:59:33,2026-07-20 13:51:30,34.4,inbound,3
ENT-01328,CPT-01727,2,10339.43,2026-01-01 09:49:11,2026-06-11 14:28:56,34.4,inbound,12
ENT-01196,CPT-02019,2,9789.61,2025-08-04 17:30:28,2026-03-03 13:02:34,34.4,inbound,2
ENT-01379,CPT-02560,8,9540.33,2025-09-23 11:11:57,2026-07-21 17:38:57,34.4,outbound,2
ENT-01408,CPT-04713,3,9111.48,2025-12-19 17:40:12,2026-07-03 12:35:49,34.4,inbound,3
ENT-01500,CPT-01373,3,8296.16,2026-01-01 12:25:19,2026-07-13 11:06:32,34.4,inbound,6
ENT-01125,CPT-03391,2,7523.36,2025-12-02 11:57:00,2026-07-07 13:49:42,34.4,outbound,3
ENT-01142,CPT-03284,2,7457.58,2025-12-19 16:19:28,2026-06-05 09:46:59,34.4,outbound,1
ENT-01094,CPT-03330,2,7347.8,2025-08-28 09:48:23,2025-08-28 10:05:18,34.4,outbound,67
ENT-01319,CPT-02181,4,6441.67,2025-08-26 13:16:31,2025-10-13 11:36:56,34.4,inbound,31
ENT-01218,CPT-01789,3,5994.51,2025-11-20 16:33:41,2026-06-22 11:40:56,34.4,inbound,2
ENT-01060,CPT-02521,3,5968.4,2025-12-11 13:11:57,2026-03-05 11:03:00,34.4,outbound,4
ENT-01200,CPT-02474,3,5610.87,2026-02-03 12:58:37,2026-07-07 11:50:05,34.4,outbound,2
ENT-01324,CPT-03981,2,4769.26,2025-09-11 12:34:14,2025-10-23 14:14:17,34.4,inbound,191
ENT-01082,CPT-03010,2,4198.9,2025-10-03 09:30:34,2026-02-11 12:11:28,34.4,outbound,2
ENT-01103,CPT-02060,3,4136.65,2025-10-21 16:48:43,2026-07-02 10:48:43,34.4,inbound,4
ENT-01356,CPT-05168,2,3882.26,2025-10-03 13:07:17,2026-04-28 10:35:27,34.4,inbound,2
ENT-01476,CPT-03729,4,3750.81,2025-08-07 12:41:06,2026-05-05 09:11:14,34.4,inbound,69
ENT-01211,CPT-05078,1,3670.04,2025-08-05 14:53:22,2025-08-05 14:53:22,34.4,inbound,49
ENT-01456,CPT-03845,2,3423.93,2025-08-16 15:07:39,2026-02-05 11:40:57,34.4,inbound,1
ENT-01204,CPT-03146,3,3077.83,2025-09-25 11:58:57,2026-02-24 18:11:02,34.4,outbound,4
ENT-01313,CPT-02885,1,2468.61,2026-07-23 13:05:44,2026-07-23 13:05:44,34.4,outbound,1
ENT-01199,CPT-02498,2,1870.94,2026-04-21 15:59:34,2026-07-27 09:51:19,34.4,outbound,45
ENT-00577,CPT-01440,7,1346.96,2025-08-18 19:39:33,2026-05-21 21:57:06,34.4,inbound;outbound,22
ENT-01114,CPT-03297,1,873.65,2025-09-26 12:45:35,2025-09-26 12:45:35,34.4,outbound,110
ENT-00155,CPT-00853,2,518.03,2025-10-11 20:57:39,2025-11-19 17:43:25,34.4,outbound,1
ENT-00386,CPT-01917,1,91.49,2025-09-18 22:17:23,2025-09-18 22:17:23,34.4,outbound,1
ENT-00289,CPT-01871,1,59.78,2025-08-04 20:44:02,2025-08-04 20:44:02,34.4,outbound,1
ENT-01289,CPT-03613,6,47671.63,2025-08-13 12:23:48,2026-06-11 14:10:19,34.3,inbound,3
ENT-01257,CPT-04661,3,47029.86,2025-10-23 10:03:37,2026-03-25 17:43:00,34.3,inbound,26
ENT-01398,CPT-01340,9,46973.02,2025-09-01 09:15:30,2026-07-07 17:48:26,34.3,inbound,1
ENT-01225,CPT-05587,5,46948.08,2025-11-24 16:08:33,2026-02-06 16:47:07,34.3,inbound,3
ENT-01241,CPT-01175,2,43497.74,2025-12-25 16:31:09,2026-02-26 10:42:08,34.3,inbound,6
ENT-00980,CPT-00088,24,43345.27,2025-08-15 09:41:44,2026-07-31 09:01:09,34.3,inbound,2
ENT-01305,CPT-04419,1,33608.83,2025-09-22 12:48:13,2025-09-22 12:48:13,34.3,inbound,11
ENT-01093,CPT-05259,2,28875.66,2025-08-21 16:17:49,2026-05-15 14:59:03,34.3,inbound,16
ENT-01191,CPT-03981,4,23334.68,2025-09-04 16:51:10,2026-02-19 10:44:44,34.3,inbound,191
ENT-01424,CPT-05593,1,21699.67,2026-05-01 16:43:24,2026-05-01 16:43:24,34.3,inbound,1
ENT-01415,CPT-05851,2,20361.33,2025-08-15 14:41:51,2026-04-10 17:06:48,34.3,inbound,7
ENT-01120,CPT-02756,7,20325.71,2025-08-14 12:10:38,2026-07-28 16:37:10,34.3,outbound,17
ENT-01312,CPT-05017,4,18628.18,2025-08-20 16:59:31,2026-05-07 09:33:28,34.3,inbound,64
ENT-01194,CPT-03368,6,18492.94,2025-09-16 13:22:17,2026-04-14 14:06:38,34.3,outbound,4
ENT-01191,CPT-03297,4,17932.92,2025-10-03 14:38:12,2026-06-05 10:27:10,34.3,outbound,110
ENT-01293,CPT-04033,4,15751.11,2025-10-01 10:03:48,2026-07-22 16:47:56,34.3,inbound,6
ENT-01407,CPT-03232,4,15674.98,2025-08-28 13:16:24,2025-10-09 09:57:38,34.3,outbound,4
ENT-01299,CPT-05053,3,15568.15,2025-12-17 10:46:53,2026-04-07 14:12:16,34.3,inbound,1
ENT-01183,CPT-05691,2,15363.06,2026-02-11 15:32:45,2026-07-01 12:17:31,34.3,inbound,9
ENT-01186,CPT-04550,3,12136.81,2025-08-12 16:34:58,2026-01-30 13:30:09,34.3,inbound,3
ENT-01479,CPT-03266,4,11815.03,2025-11-25 13:57:18,2026-02-20 09:33:38,34.3,outbound,1
ENT-01178,CPT-03060,3,11590.45,2025-10-21 09:49:40,2026-06-18 15:26:52,34.3,outbound,2
ENT-01111,CPT-04230,2,9941.63,2025-08-04 13:59:18,2025-09-17 13:45:24,34.3,inbound,2
ENT-00081,CPT-00808,6,9056.8,2025-11-08 15:42:15,2026-07-01 14:16:51,34.3,inbound;outbound,2
ENT-01141,CPT-03981,2,8840.03,2025-09-15 14:13:17,2025-10-24 11:39:53,34.3,inbound,191
ENT-01177,CPT-01838,5,8758.63,2025-08-08 09:58:28,2026-06-25 11:24:53,34.3,inbound,24
ENT-01341,CPT-01346,5,7390.26,2025-11-09 14:22:22,2026-06-02 12:42:48,34.3,inbound,1
ENT-01170,CPT-02465,4,6996.45,2025-08-14 11:28:36,2026-07-28 15:18:32,34.3,outbound,3
ENT-01212,CPT-00673,5,6694.08,2025-11-24 13:52:55,2026-04-16 12:39:01,34.3,inbound,1
ENT-01290,CPT-02493,2,6625.98,2026-02-24 12:09:29,2026-05-21 09:39:59,34.3,outbound,101
ENT-01178,CPT-02150,1,5819.01,2025-11-24 11:47:02,2025-11-24 11:47:02,34.3,inbound,1
ENT-01242,CPT-01708,2,5671.77,2026-01-08 12:39:27,2026-02-05 14:03:51,34.3,inbound,7
ENT-01275,CPT-03197,2,5621.7,2026-02-20 16:07:33,2026-03-13 14:34:50,34.3,outbound,39
ENT-01388,CPT-02733,3,5193.91,2025-09-05 10:22:00,2025-12-18 13:35:46,34.3,outbound,5
ENT-01082,CPT-02525,3,4899.37,2025-08-29 12:14:05,2026-05-11 10:41:24,34.3,outbound,3
ENT-01079,CPT-04876,2,4815.65,2025-08-26 16:21:45,2025-10-22 15:35:23,34.3,inbound,4
ENT-01175,CPT-01552,1,3218.72,2025-08-06 16:44:29,2025-08-06 16:44:29,34.3,inbound,8
ENT-01434,CPT-03467,1,2575.35,2025-10-28 12:39:24,2025-10-28 12:39:24,34.3,outbound,1
ENT-01353,CPT-03981,1,1746.32,2026-03-13 17:11:58,2026-03-13 17:11:58,34.3,inbound,191
ENT-00966,CPT-04816,6,1191.96,2025-08-19 10:20:09,2026-05-10 19:32:51,34.3,outbound,1
ENT-01456,CPT-03136,1,997.36,2025-09-22 10:39:35,2025-09-22 10:39:35,34.3,outbound,3
ENT-00653,CPT-01386,4,558.25,2025-08-08 15:05:58,2026-05-28 13:02:49,34.3,inbound;outbound,3
ENT-01271,CPT-02473,1,270.86,2026-01-07 09:34:50,2026-01-07 09:34:50,34.3,outbound,4
ENT-00430,CPT-00017,24,90180.94,2025-08-15 10:46:10,2026-07-31 10:14:50,34.2,inbound,2
ENT-01201,CPT-04324,4,57369.9,2025-11-19 14:20:14,2026-07-30 10:30:56,34.2,inbound,71
ENT-01199,CPT-03731,4,54130.47,2026-04-08 11:06:44,2026-06-23 16:46:03,34.2,inbound,22
ENT-00210,CPT-00016,24,41245.9,2025-08-15 09:58:03,2026-07-31 10:09:13,34.2,inbound,7
ENT-01141,CPT-05626,3,40150.31,2026-01-07 09:14:22,2026-03-17 09:35:18,34.2,inbound,2
ENT-01092,CPT-04592,4,35662.03,2025-10-03 11:25:11,2025-12-05 10:43:23,34.2,inbound,17
ENT-00278,CPT-01625,7,31324.44,2025-08-01 15:34:33,2026-05-13 16:02:58,34.2,inbound;outbound,2
ENT-01100,CPT-05394,4,27396.28,2025-08-04 12:56:22,2026-02-23 13:35:09,34.2,inbound,1
ENT-01182,CPT-05494,3,26400.43,2025-08-05 11:03:00,2026-03-23 11:54:23,34.2,inbound,1
ENT-01277,CPT-04373,3,26086.91,2026-02-19 12:19:42,2026-07-29 16:03:52,34.2,inbound,7
ENT-01218,CPT-04871,6,23534.5,2025-12-16 11:12:50,2026-05-04 16:59:21,34.2,inbound,1
ENT-01374,CPT-01412,6,23356.0,2025-08-21 09:47:53,2026-07-31 14:45:12,34.2,inbound,1
ENT-01484,CPT-01585,4,21611.66,2025-09-04 12:33:28,2026-07-03 17:16:56,34.2,inbound,1
ENT-01377,CPT-03333,6,20363.13,2025-09-09 10:25:25,2026-06-04 15:48:42,34.2,outbound,2
ENT-00189,CPT-00226,12,19500.0,2025-08-01 17:21:18,2026-07-01 18:10:23,34.2,outbound,2
ENT-01379,CPT-04762,2,15088.78,2026-06-30 10:39:27,2026-07-30 17:17:40,34.2,inbound,2
ENT-01148,CPT-05450,1,14344.88,2026-05-20 09:54:52,2026-05-20 09:54:52,34.2,inbound,29
ENT-01057,CPT-03334,2,14309.33,2026-02-25 09:23:45,2026-03-17 11:38:26,34.2,outbound,1
ENT-01356,CPT-05109,2,14095.95,2026-02-03 10:26:59,2026-04-27 17:08:28,34.2,inbound,2
ENT-01441,CPT-01188,2,14038.57,2025-08-04 16:13:01,2026-06-12 13:12:44,34.2,inbound,1
ENT-01375,CPT-04661,3,13496.34,2025-11-11 10:33:09,2026-07-28 09:46:15,34.2,inbound,26
ENT-00644,CPT-00303,12,12900.0,2025-08-01 20:21:41,2026-07-02 12:31:47,34.2,outbound,1
ENT-01177,CPT-01288,7,12195.76,2025-11-05 11:00:18,2026-05-26 14:38:42,34.2,inbound,1
ENT-01378,CPT-00592,3,10606.35,2025-08-06 11:09:31,2026-07-21 16:05:03,34.2,inbound,3
ENT-01069,CPT-03059,4,9933.52,2025-09-04 10:37:40,2026-06-11 16:49:04,34.2,outbound,2
ENT-01212,CPT-05189,4,9574.03,2025-10-10 12:57:58,2026-05-23 15:48:02,34.2,inbound,11
ENT-01456,CPT-03980,6,8458.32,2025-10-02 16:41:49,2026-07-23 16:45:10,34.2,inbound,32
ENT-01124,CPT-02659,2,7460.97,2026-04-20 15:39:48,2026-05-25 17:23:39,34.2,outbound,4
ENT-01120,CPT-04299,2,7338.35,2026-05-18 17:48:29,2026-06-24 09:54:38,34.2,inbound,44
ENT-01393,CPT-01787,1,5862.57,2025-08-04 16:15:16,2025-08-04 16:15:16,34.2,inbound,2
ENT-01346,CPT-01968,3,5260.96,2026-01-01 15:51:54,2026-05-20 10:36:00,34.2,inbound,6
ENT-01105,CPT-03789,3,4547.52,2025-09-22 17:24:00,2026-05-13 17:36:06,34.2,inbound,2
ENT-01233,CPT-01012,1,4381.07,2026-02-11 16:53:48,2026-02-11 16:53:48,34.2,inbound,3
ENT-01114,CPT-03511,2,3726.2,2025-12-23 09:49:06,2026-01-12 09:57:38,34.2,outbound,3
ENT-01500,CPT-04649,2,3656.07,2025-10-19 14:24:33,2026-01-23 11:41:54,34.2,inbound,5
ENT-01432,CPT-00992,1,3636.65,2025-08-21 17:27:49,2025-08-21 17:27:49,34.2,inbound,2
ENT-01188,CPT-05378,1,2522.66,2025-11-03 15:33:48,2025-11-03 15:33:48,34.2,inbound,1
ENT-00966,CPT-01531,16,2327.86,2025-09-07 18:10:37,2026-07-20 22:08:22,34.2,inbound;outbound,4
ENT-01423,CPT-04324,1,1985.07,2026-01-02 11:34:15,2026-01-02 11:34:15,34.2,inbound,71
ENT-01136,CPT-02771,1,1734.17,2026-06-04 12:26:23,2026-06-04 12:26:23,34.2,outbound,25
ENT-00852,CPT-01271,9,1190.21,2025-08-08 20:15:43,2026-07-23 11:11:04,34.2,inbound;outbound,3
ENT-01388,CPT-03488,1,810.24,2025-11-10 16:04:06,2025-11-10 16:04:06,34.2,outbound,3
ENT-00471,CPT-02005,6,500.0,2025-08-01 10:16:55,2026-02-28 15:00:42,34.2,inbound;outbound,3
ENT-00624,CPT-02034,1,106.72,2025-11-01 15:30:47,2025-11-01 15:30:47,34.2,outbound,3
ENT-01146,CPT-02018,5,56099.16,2025-09-04 15:41:53,2026-05-20 12:08:53,34.1,inbound,5
ENT-00918,CPT-00015,24,47086.57,2025-08-15 07:53:13,2026-07-31 07:24:41,34.1,inbound,1
ENT-01200,CPT-05245,5,43360.01,2025-08-07 11:36:31,2026-06-30 09:52:49,34.1,inbound,2
ENT-01225,CPT-05450,4,30582.77,2025-08-04 17:07:40,2026-04-24 16:22:14,34.1,inbound,29
ENT-01201,CPT-03981,3,30502.69,2025-09-12 11:24:20,2026-03-23 17:33:01,34.1,inbound,191
ENT-01280,CPT-04030,3,18562.56,2025-08-06 14:35:59,2026-01-19 10:48:19,34.1,inbound,2
ENT-01167,CPT-04612,4,17194.11,2025-09-12 13:07:08,2026-07-02 13:59:23,34.1,inbound,1
ENT-01249,CPT-02852,4,15120.5,2025-11-14 10:45:32,2026-05-04 09:36:20,34.1,outbound,13
ENT-01069,CPT-01431,3,15112.94,2026-02-09 09:30:39,2026-06-15 10:37:14,34.1,inbound,16
ENT-01093,CPT-02787,8,15010.83,2025-10-21 14:18:45,2026-04-23 14:19:29,34.1,outbound,42
ENT-01250,CPT-02644,3,13860.85,2026-01-23 16:23:54,2026-03-11 16:02:39,34.1,outbound,3
ENT-01051,CPT-04093,2,12894.86,2025-09-15 11:25:33,2025-12-10 10:16:17,34.1,inbound,2
ENT-01348,CPT-03528,4,12590.71,2026-03-11 16:18:43,2026-06-25 12:42:33,34.1,outbound,9
ENT-01347,CPT-05852,3,10346.5,2025-08-08 14:08:09,2026-07-01 12:24:16,34.1,inbound,5
ENT-01489,CPT-03414,2,10200.16,2025-08-15 11:42:01,2026-01-16 14:50:32,34.1,outbound,8
ENT-01411,CPT-02444,2,8983.54,2026-05-19 09:09:29,2026-07-03 16:06:42,34.1,outbound,8
ENT-01468,CPT-03511,7,8958.76,2025-08-05 17:01:33,2026-06-25 11:35:42,34.1,outbound,3
ENT-01141,CPT-05706,2,8631.94,2025-08-01 13:14:31,2025-12-18 14:54:56,34.1,inbound,14
ENT-01055,CPT-02414,3,8508.99,2025-12-02 10:11:44,2026-02-10 16:13:30,34.1,outbound,22
ENT-01432,CPT-04236,2,8299.65,2025-12-26 17:39:26,2026-04-01 15:13:34,34.1,inbound,1
ENT-01100,CPT-03981,2,7185.44,2025-11-04 14:22:32,2026-03-19 13:57:18,34.1,inbound,191
ENT-01367,CPT-02695,5,6409.76,2025-09-11 12:06:14,2026-03-19 13:37:49,34.1,outbound,166
ENT-01486,CPT-05319,1,6053.53,2025-09-02 17:53:27,2025-09-02 17:53:27,34.1,inbound,4
ENT-01140,CPT-05528,2,5832.27,2025-11-26 15:53:37,2026-04-22 14:13:13,34.1,inbound,1
ENT-01155,CPT-02161,2,5414.48,2025-09-02 17:43:11,2026-05-13 11:16:11,34.1,inbound,27
ENT-01401,CPT-03085,1,4920.83,2026-03-06 12:49:01,2026-03-06 12:49:01,34.1,outbound,9
ENT-01271,CPT-03464,1,3761.51,2025-09-04 13:36:41,2025-09-04 13:36:41,34.1,outbound,2
ENT-01167,CPT-03935,1,2895.12,2025-12-17 12:06:51,2025-12-17 12:06:51,34.1,inbound,1
ENT-01060,CPT-03981,1,2488.66,2025-12-19 11:01:15,2025-12-19 11:01:15,34.1,inbound,191
ENT-00852,CPT-01925,12,1279.37,2025-11-07 15:25:28,2026-06-27 10:01:51,34.1,inbound;outbound,1
ENT-00042,CPT-00735,1,1160.57,2025-08-07 14:33:44,2025-08-07 14:33:44,34.1,inbound,14
ENT-01428,CPT-03056,1,992.39,2026-04-06 09:22:09,2026-04-06 09:22:09,34.1,outbound,2
ENT-01173,CPT-03536,1,956.91,2026-04-09 11:57:27,2026-04-09 11:57:27,34.1,outbound,2
ENT-00149,CPT-03729,1,197.43,2026-03-28 19:39:38,2026-03-28 19:39:38,34.1,outbound,69
ENT-01175,CPT-04324,2,44420.39,2025-08-15 11:22:10,2026-02-20 11:32:09,34.0,inbound,71
ENT-01042,CPT-00118,24,39545.09,2025-08-15 09:41:11,2026-07-31 08:34:39,34.0,inbound,1
ENT-01051,CPT-00851,4,28876.08,2025-12-30 10:43:05,2026-04-28 13:50:00,34.0,inbound,2
ENT-01093,CPT-03023,8,24084.29,2025-11-11 14:46:29,2026-07-02 10:30:34,34.0,outbound,4
ENT-01062,CPT-05699,5,21114.89,2025-09-09 16:02:38,2026-05-29 10:22:57,34.0,inbound,1
ENT-01242,CPT-01320,2,19792.98,2026-03-06 09:38:36,2026-07-14 10:46:51,34.0,inbound,1
ENT-01348,CPT-02695,4,18909.65,2025-10-15 13:50:26,2026-02-25 14:16:17,34.0,outbound,166
ENT-01115,CPT-04995,6,18783.74,2025-08-05 12:53:04,2026-07-31 10:09:42,34.0,inbound,4
ENT-01492,CPT-01976,3,18760.19,2025-11-27 17:02:02,2026-03-02 09:29:45,34.0,inbound,1
ENT-01206,CPT-01268,7,18747.16,2025-09-04 13:22:08,2026-07-23 12:01:53,34.0,inbound,1
ENT-01222,CPT-02975,3,15762.39,2025-11-27 11:48:56,2026-03-24 09:53:27,34.0,outbound,3
ENT-00195,CPT-00377,8,15200.0,2025-08-01 12:36:53,2026-07-02 19:35:03,34.0,outbound,2
ENT-01126,CPT-04849,1,14824.18,2026-05-21 17:56:54,2026-05-21 17:56:54,34.0,inbound,1
ENT-01324,CPT-04472,1,13642.91,2025-10-17 10:36:41,2025-10-17 10:36:41,34.0,inbound,3
ENT-01053,CPT-02500,3,13503.14,2025-10-15 11:29:26,2026-03-12 13:50:36,34.0,outbound,60
ENT-01464,CPT-03156,3,12200.94,2026-03-06 09:57:19,2026-05-27 15:28:41,34.0,outbound,2
ENT-01345,CPT-05404,2,11904.04,2026-02-26 16:46:03,2026-07-20 16:04:21,34.0,inbound,1
ENT-01194,CPT-03555,3,6299.18,2026-02-24 16:31:43,2026-04-14 14:36:26,34.0,outbound,10
ENT-01211,CPT-05642,2,5314.22,2025-08-26 09:19:03,2026-03-30 17:27:43,34.0,inbound,7
ENT-01453,CPT-02729,2,4919.32,2026-07-23 15:16:18,2026-07-23 15:45:57,34.0,outbound,3
ENT-01185,CPT-02711,1,4716.6,2026-01-20 12:38:48,2026-01-20 12:38:48,34.0,outbound,4
ENT-00902,CPT-01149,5,4315.59,2025-08-19 11:56:00,2026-07-27 16:03:58,34.0,inbound;outbound,2
ENT-01142,CPT-04915,4,4159.88,2026-02-08 17:19:16,2026-07-26 11:57:31,34.0,inbound,4
ENT-01023,CPT-01262,9,1981.79,2025-08-17 22:52:53,2026-04-06 13:53:02,34.0,inbound;outbound,2
ENT-01416,CPT-02784,2,1942.67,2025-09-17 12:17:16,2026-03-06 09:27:10,34.0,outbound,40
ENT-01373,CPT-03373,1,1909.63,2025-12-23 13:20:38,2025-12-23 13:20:38,34.0,outbound,2
ENT-01418,CPT-03197,2,1395.61,2025-12-11 16:35:36,2025-12-23 14:47:41,34.0,outbound,39
ENT-00526,CPT-00720,2,701.09,2026-02-06 15:07:53,2026-06-18 19:38:30,34.0,outbound,1
ENT-01459,CPT-04185,5,60486.48,2025-08-26 11:00:41,2026-05-19 15:27:08,33.9,inbound,3
ENT-01135,CPT-03462,15,56361.64,2025-08-12 10:14:52,2026-05-26 17:40:23,33.9,outbound,3
ENT-01387,CPT-05954,1,38223.3,2026-04-29 10:50:32,2026-04-29 10:50:32,33.9,inbound,6
ENT-01055,CPT-01148,2,25841.24,2026-01-22 14:02:19,2026-04-13 11:15:57,33.9,inbound,4
ENT-00900,CPT-01020,8,23152.63,2025-10-07 10:03:22,2026-06-11 15:34:17,33.9,inbound;outbound,11
ENT-01297,CPT-04770,5,22469.75,2025-09-22 11:24:51,2026-06-15 10:38:47,33.9,inbound,3
ENT-01228,CPT-04747,3,22082.22,2025-12-16 16:35:55,2026-05-14 12:42:06,33.9,inbound,1
ENT-01352,CPT-05198,2,19469.47,2025-08-08 10:08:11,2025-12-08 12:21:27,33.9,inbound,6
ENT-01142,CPT-01285,6,14471.47,2025-08-07 11:29:43,2026-07-14 12:08:21,33.9,inbound,25
ENT-00474,CPT-00023,12,13106.08,2025-08-01 10:40:30,2026-07-01 08:57:10,33.9,inbound,1
ENT-01459,CPT-02498,4,12794.19,2025-12-09 16:13:49,2026-05-28 15:12:40,33.9,outbound,45
ENT-01408,CPT-04337,1,11760.37,2026-04-28 12:23:31,2026-04-28 12:23:31,33.9,inbound,10
ENT-01379,CPT-05711,2,10890.59,2025-08-28 09:14:15,2025-10-01 14:58:27,33.9,inbound,5
ENT-01352,CPT-03980,3,9474.41,2025-10-10 14:05:02,2025-12-10 10:02:56,33.9,inbound,32
ENT-01125,CPT-02320,3,8121.22,2025-09-23 11:39:46,2026-03-19 14:15:48,33.9,inbound,2
ENT-01500,CPT-05064,3,8084.88,2025-08-08 16:07:43,2026-02-23 14:35:16,33.9,inbound,3
ENT-00368,CPT-00642,5,6496.39,2025-10-17 16:39:02,2026-07-28 13:05:37,33.9,inbound;outbound,1
ENT-01239,CPT-05750,3,6409.92,2025-09-21 15:33:55,2026-05-31 11:11:01,33.9,inbound,3
ENT-01180,CPT-02748,2,5737.38,2025-11-28 17:15:08,2026-04-01 17:49:53,33.9,outbound,13
ENT-01468,CPT-01628,1,2689.81,2026-02-19 10:07:14,2026-02-19 10:07:14,33.9,inbound,1
ENT-01270,CPT-03297,1,2352.63,2026-04-27 09:26:55,2026-04-27 09:26:55,33.9,outbound,110
ENT-01189,CPT-03534,2,2274.81,2026-05-19 10:42:14,2026-06-04 11:15:02,33.9,outbound,30
ENT-01281,CPT-04945,2,1510.66,2026-06-01 09:04:57,2026-06-27 12:55:40,33.9,inbound,24
ENT-00980,CPT-01535,1,31.26,2025-10-18 12:48:51,2025-10-18 12:48:51,33.9,outbound,1
ENT-00876,CPT-00058,13,54421.44,2025-08-15 09:38:42,2026-07-31 10:15:27,33.8,inbound,1
ENT-01085,CPT-05022,6,52387.28,2025-08-25 11:04:02,2026-07-16 13:18:46,33.8,inbound,9
ENT-01297,CPT-04703,4,41512.97,2025-09-04 10:59:18,2026-06-17 15:36:49,33.8,inbound,3
ENT-01178,CPT-05129,1,34645.34,2026-02-09 12:00:29,2026-02-09 12:00:29,33.8,inbound,2
ENT-01387,CPT-01061,4,33098.13,2025-08-14 15:22:57,2026-05-14 16:16:39,33.8,inbound,5
ENT-01379,CPT-05362,4,29780.27,2025-10-01 13:40:06,2026-01-21 13:52:21,33.8,inbound,5
ENT-01402,CPT-03731,1,28789.2,2025-10-16 11:03:51,2025-10-16 11:03:51,33.8,inbound,22
ENT-01378,CPT-01016,2,27910.92,2025-09-15 16:10:05,2026-07-10 12:07:18,33.8,inbound,3
ENT-01424,CPT-03729,4,24907.92,2025-08-21 13:53:05,2026-03-11 10:23:36,33.8,inbound,69
ENT-01100,CPT-04672,2,23900.39,2025-10-17 10:02:28,2025-12-04 16:23:12,33.8,inbound,14
ENT-01194,CPT-03086,6,22743.37,2025-09-23 14:35:57,2026-03-03 15:25:00,33.8,outbound,10
ENT-01164,CPT-04350,7,15383.65,2025-09-06 13:54:59,2026-07-14 16:57:07,33.8,inbound,15
ENT-01487,CPT-03325,2,11356.18,2025-09-05 14:20:57,2026-01-12 09:37:28,33.8,outbound,3
ENT-01138,CPT-02683,1,11048.88,2026-03-24 09:54:23,2026-03-24 09:54:23,33.8,outbound,6
ENT-01395,CPT-03270,2,9039.35,2025-08-12 16:59:04,2025-10-08 14:21:00,33.8,outbound,1
ENT-01053,CPT-02866,5,7809.19,2025-12-15 15:09:56,2026-07-23 14:52:22,33.8,outbound,10
ENT-01489,CPT-03308,3,7342.22,2026-03-10 10:01:30,2026-05-12 13:23:57,33.8,outbound,1
ENT-01282,CPT-02493,2,6575.77,2026-02-27 12:59:12,2026-06-19 15:44:03,33.8,outbound,101
ENT-01273,CPT-02623,1,6538.23,2025-08-29 15:20:29,2025-08-29 15:20:29,33.8,outbound,6
ENT-01460,CPT-03037,2,5664.16,2025-12-18 12:03:32,2026-07-14 17:08:25,33.8,outbound,10
ENT-01304,CPT-02623,3,4990.15,2025-12-22 14:53:41,2026-06-08 10:47:53,33.8,outbound,6
ENT-01218,CPT-03981,1,4171.21,2025-08-12 13:13:15,2025-08-12 13:13:15,33.8,inbound,191
ENT-01062,CPT-02896,3,3744.02,2025-09-30 11:01:53,2026-07-09 11:53:07,33.8,outbound,1
ENT-01189,CPT-03289,2,3717.1,2026-05-19 10:22:29,2026-06-04 11:26:41,33.8,outbound,3
ENT-01148,CPT-03528,4,3581.49,2025-09-30 11:39:58,2026-04-23 16:37:44,33.8,outbound,9
ENT-01487,CPT-03106,3,3344.08,2025-09-09 14:23:21,2026-07-23 14:58:22,33.8,outbound,6
ENT-01216,CPT-02525,2,3103.36,2025-08-20 09:07:06,2025-11-12 10:39:17,33.8,outbound,3
ENT-00624,CPT-05778,2,1718.88,2025-09-08 09:20:14,2025-11-27 22:20:54,33.8,outbound,3
ENT-01124,CPT-02595,1,613.12,2025-08-11 09:47:05,2025-08-11 09:47:05,33.8,outbound,10
ENT-00471,CPT-01556,7,597.44,2025-09-17 20:56:22,2026-04-25 17:10:21,33.8,inbound;outbound,2
ENT-00532,CPT-01440,3,521.37,2025-10-15 17:34:38,2026-07-28 12:35:17,33.8,outbound,22
ENT-01100,CPT-02816,1,516.86,2026-01-01 16:51:29,2026-01-01 16:51:29,33.8,outbound,2
ENT-01378,CPT-02820,1,422.56,2025-12-02 17:45:20,2025-12-02 17:45:20,33.8,outbound,2
ENT-01374,CPT-05039,4,50257.99,2025-08-05 15:31:28,2026-03-20 12:44:05,33.7,inbound,17
ENT-01328,CPT-04843,1,33257.16,2026-01-30 17:05:54,2026-01-30 17:05:54,33.7,inbound,8
ENT-00876,CPT-02060,1,30182.35,2026-04-09 16:48:30,2026-04-09 16:48:30,33.7,outbound,4
ENT-01255,CPT-05777,4,25576.75,2025-10-01 10:30:41,2026-07-31 13:08:57,33.7,inbound,1
ENT-01441,CPT-05678,1,23813.44,2026-04-16 14:16:25,2026-04-16 14:16:25,33.7,inbound,4
ENT-01151,CPT-00860,2,21038.22,2026-03-10 16:05:10,2026-06-30 16:28:54,33.7,inbound,16
ENT-01146,CPT-03197,8,19861.6,2025-09-02 18:16:49,2026-06-02 14:55:44,33.7,outbound,39
ENT-01465,CPT-04533,3,17826.48,2025-11-25 09:51:25,2026-05-15 10:39:39,33.7,inbound,4
ENT-01230,CPT-02771,2,16699.32,2025-10-22 09:59:32,2026-05-14 14:25:28,33.7,outbound,25
ENT-01133,CPT-03359,4,15793.46,2025-08-14 17:34:47,2026-01-06 15:17:44,33.7,outbound,9
ENT-01152,CPT-05678,2,13717.79,2025-09-11 16:29:32,2026-03-19 09:14:50,33.7,inbound,4
ENT-01231,CPT-05624,3,13108.76,2025-08-05 11:38:37,2026-05-05 13:42:03,33.7,inbound,4
ENT-01224,CPT-00852,6,13045.8,2025-09-15 12:37:48,2026-07-06 11:53:24,33.7,inbound,1
ENT-01092,CPT-03528,2,10710.38,2026-05-05 11:30:59,2026-05-05 12:21:18,33.7,outbound,9
ENT-01197,CPT-05078,7,10204.61,2025-09-17 11:45:59,2026-07-29 09:29:40,33.7,inbound,49
ENT-00278,CPT-01206,5,8961.22,2025-08-07 12:36:39,2026-06-07 18:40:14,33.7,inbound;outbound,6
ENT-01242,CPT-03004,2,7997.93,2026-03-26 14:09:05,2026-03-26 14:35:35,33.7,outbound,2
ENT-01340,CPT-03933,6,7951.36,2025-08-19 09:11:09,2026-06-13 12:40:10,33.7,inbound,15
ENT-01468,CPT-03795,2,7663.44,2026-01-19 13:33:37,2026-04-29 15:26:59,33.7,inbound,9
ENT-01193,CPT-03191,1,6935.42,2025-08-20 14:16:29,2025-08-20 14:16:29,33.7,outbound,3
ENT-01103,CPT-04324,2,6790.06,2026-03-13 14:46:51,2026-06-30 09:52:39,33.7,inbound,71
ENT-01239,CPT-03961,5,6632.6,2025-08-09 17:37:37,2026-07-25 13:24:58,33.7,inbound,5
ENT-01150,CPT-03729,3,6122.47,2026-04-26 14:59:20,2026-07-20 15:54:14,33.7,inbound,69
ENT-01124,CPT-02972,2,5795.15,2025-08-05 17:50:45,2025-08-08 13:49:16,33.7,outbound,4
ENT-01323,CPT-03277,2,5626.48,2025-09-22 11:03:51,2026-05-12 16:29:24,33.7,outbound,1
ENT-01255,CPT-01802,3,5122.4,2025-08-15 13:14:39,2026-07-29 09:03:20,33.7,inbound,1
ENT-01305,CPT-04219,1,4943.32,2026-02-17 12:21:52,2026-02-17 12:21:52,33.7,inbound,5
ENT-01492,CPT-02414,1,4819.58,2026-07-09 09:56:23,2026-07-09 09:56:23,33.7,outbound,22
ENT-01083,CPT-01804,3,4722.34,2025-11-04 12:45:36,2026-07-03 17:30:30,33.7,inbound,1
ENT-01266,CPT-02628,1,2619.97,2025-10-15 17:53:13,2025-10-15 17:53:13,33.7,outbound,3
ENT-00500,CPT-01577,4,2164.4,2025-10-10 16:41:19,2026-05-15 15:52:13,33.7,inbound;outbound,1
ENT-00689,CPT-00940,7,1860.78,2025-09-30 15:10:57,2026-07-05 17:56:00,33.7,inbound;outbound,2
ENT-01210,CPT-03484,1,1261.38,2026-05-25 15:59:17,2026-05-25 15:59:17,33.7,outbound,1
ENT-01216,CPT-02498,1,915.98,2026-04-03 16:15:00,2026-04-03 16:15:00,33.7,outbound,45
ENT-00689,CPT-02202,4,796.76,2025-09-20 12:53:57,2026-06-29 18:16:40,33.7,inbound,9
ENT-01401,CPT-03170,1,688.94,2026-05-01 12:26:46,2026-05-01 12:26:46,33.7,outbound,10
ENT-01441,CPT-02695,1,511.95,2026-04-09 11:14:20,2026-04-09 11:14:20,33.7,outbound,166
ENT-00282,CPT-01175,4,463.07,2025-09-14 19:49:50,2026-04-11 18:44:30,33.7,inbound;outbound,6
ENT-01135,CPT-00746,4,53877.21,2025-09-29 14:47:52,2026-07-17 12:17:05,33.6,inbound,1
ENT-01483,CPT-01905,3,39702.45,2025-12-02 12:22:27,2026-01-16 14:12:45,33.6,inbound,17
ENT-01259,CPT-05242,3,38497.76,2025-12-19 10:53:15,2026-07-31 11:24:23,33.6,inbound,3
ENT-01140,CPT-05072,4,34103.24,2025-09-05 12:02:13,2026-04-30 14:40:03,33.6,inbound,31
ENT-01374,CPT-00989,5,31205.75,2025-10-02 16:33:12,2026-05-27 12:26:06,33.6,inbound,2
ENT-01478,CPT-03983,1,22876.61,2026-07-23 10:11:01,2026-07-23 10:11:01,33.6,inbound,33
ENT-01170,CPT-05895,2,21407.29,2026-01-07 14:02:21,2026-03-12 09:10:01,33.6,inbound,5
ENT-01148,CPT-05361,2,21219.1,2025-09-03 17:17:54,2026-05-20 11:44:33,33.6,inbound,1
ENT-01257,CPT-03981,3,21205.2,2025-10-31 13:12:47,2026-02-11 16:25:36,33.6,inbound,191
ENT-01497,CPT-00599,4,17401.53,2025-09-12 12:36:24,2026-04-17 13:18:10,33.6,inbound,2
ENT-01349,CPT-05177,2,14232.19,2026-06-05 09:49:26,2026-07-17 09:37:52,33.6,inbound,4
ENT-01132,CPT-02817,4,10757.41,2025-09-04 12:05:37,2026-06-16 16:18:38,33.6,outbound,7
ENT-01402,CPT-02137,1,9999.51,2026-04-21 12:39:16,2026-04-21 12:39:16,33.6,inbound,2
ENT-01407,CPT-04642,4,9921.16,2025-11-25 17:03:54,2026-04-13 16:14:18,33.6,inbound,1
ENT-01082,CPT-02493,2,9637.95,2025-11-25 11:08:03,2025-12-02 16:44:03,33.6,outbound,101
ENT-01415,CPT-02518,3,8682.79,2026-05-28 13:55:56,2026-06-18 17:03:28,33.6,outbound,1
ENT-00125,CPT-00689,5,7884.73,2026-04-08 14:24:18,2026-07-16 18:38:01,33.6,inbound;outbound,2
ENT-01072,CPT-02858,3,6017.62,2025-10-01 09:21:51,2026-02-26 10:41:59,33.6,outbound,6
ENT-01096,CPT-04301,3,5831.15,2025-09-19 14:47:27,2026-05-31 12:18:15,33.6,inbound,1
ENT-01371,CPT-03256,2,5560.59,2025-10-09 16:47:14,2026-07-08 13:03:45,33.6,outbound,1
ENT-01340,CPT-03297,1,4922.34,2026-04-08 09:11:22,2026-04-08 09:11:22,33.6,outbound,110
ENT-01053,CPT-02674,3,4695.88,2025-09-16 17:27:20,2026-07-06 12:12:40,33.6,outbound,10
ENT-01228,CPT-04443,1,2802.71,2025-08-27 13:01:42,2025-08-27 13:01:42,33.6,inbound,4
ENT-00880,CPT-02227,2,2685.64,2025-08-08 14:58:54,2025-10-20 11:17:11,33.6,inbound,12
ENT-00577,CPT-01403,10,1878.13,2025-10-14 19:10:24,2026-06-05 09:43:16,33.6,inbound;outbound,5
ENT-01090,CPT-03297,1,236.35,2026-02-11 12:14:52,2026-02-11 12:14:52,33.6,outbound,110
ENT-01454,CPT-05706,3,45132.58,2025-10-21 12:43:13,2026-05-07 09:51:14,33.5,inbound,14
ENT-01311,CPT-01742,3,32545.11,2025-10-14 09:37:13,2026-07-22 13:59:31,33.5,inbound,27
ENT-01151,CPT-01734,3,30067.14,2026-01-02 12:49:32,2026-07-13 17:31:03,33.5,inbound,3
ENT-01345,CPT-00894,3,25350.74,2025-08-19 13:00:47,2025-12-01 16:34:25,33.5,inbound,2
ENT-01319,CPT-01997,5,23955.61,2025-08-05 17:49:28,2026-03-24 17:23:04,33.5,inbound,3
ENT-01126,CPT-04832,3,20213.71,2025-08-28 16:00:39,2026-06-01 17:53:04,33.5,inbound,25
ENT-01204,CPT-04202,1,18693.7,2025-11-27 15:41:59,2025-11-27 15:41:59,33.5,inbound,1
ENT-01466,CPT-05039,3,16642.98,2025-08-08 10:06:42,2025-09-11 10:11:38,33.5,inbound,17
ENT-01247,CPT-05855,2,16084.88,2026-04-14 16:49:20,2026-05-25 11:19:37,33.5,inbound,2
ENT-01387,CPT-05017,4,16077.13,2025-09-26 09:41:17,2026-05-27 09:02:30,33.5,inbound,64
ENT-01328,CPT-01112,3,14484.36,2025-08-15 14:19:25,2026-02-05 17:00:45,33.5,inbound,49
ENT-01164,CPT-04127,5,12101.42,2025-09-07 16:38:08,2026-07-21 14:29:05,33.5,inbound,1
ENT-01423,CPT-02286,1,11280.34,2026-06-03 13:36:40,2026-06-03 13:36:40,33.5,inbound,17
ENT-01316,CPT-01522,4,10483.51,2025-09-12 10:38:03,2026-04-06 13:14:32,33.5,inbound,7
ENT-01146,CPT-03475,4,10216.59,2026-01-01 14:29:15,2026-07-30 18:28:01,33.5,outbound,2
ENT-01092,CPT-03541,3,8853.33,2025-10-07 17:27:26,2026-05-26 16:10:05,33.5,outbound,2
ENT-01301,CPT-02785,3,8617.32,2025-08-18 09:00:53,2026-04-13 10:45:12,33.5,outbound,3
ENT-01211,CPT-02493,3,7308.19,2025-08-27 12:20:59,2026-03-23 12:10:23,33.5,outbound,101
ENT-01239,CPT-04672,5,6968.56,2025-09-07 12:18:12,2026-05-04 15:44:33,33.5,inbound,14
ENT-01072,CPT-02990,2,6806.32,2026-01-07 12:25:15,2026-03-04 10:55:56,33.5,outbound,2
ENT-01162,CPT-04905,2,5726.8,2026-03-28 14:50:33,2026-04-07 14:06:14,33.5,inbound,2
ENT-01146,CPT-05450,1,4902.88,2026-04-15 16:51:41,2026-04-15 16:51:41,33.5,inbound,29
ENT-01281,CPT-04832,4,4595.04,2025-11-07 14:15:36,2026-07-14 09:29:41,33.5,inbound,25
ENT-01341,CPT-05958,3,4393.08,2025-08-04 09:35:20,2026-06-20 13:15:22,33.5,inbound,13
ENT-01478,CPT-01175,2,4019.33,2026-01-07 13:55:24,2026-01-29 16:13:02,33.5,inbound,6
ENT-01153,CPT-05086,3,3965.77,2025-09-26 11:31:12,2026-01-04 09:12:31,33.5,inbound,15
ENT-01092,CPT-02754,3,3352.18,2025-10-07 17:33:29,2026-05-05 12:07:33,33.5,outbound,2
ENT-01231,CPT-04303,2,3186.23,2026-06-24 12:40:09,2026-07-12 11:54:27,33.5,inbound,22
ENT-01083,CPT-04500,2,3034.16,2025-10-27 09:50:18,2026-01-25 11:54:01,33.5,inbound,3
ENT-01402,CPT-05936,1,3029.52,2026-02-25 12:39:24,2026-02-25 12:39:24,33.5,inbound,1
ENT-00081,CPT-01742,4,2824.01,2025-08-13 12:32:25,2026-07-13 14:28:49,33.5,inbound;outbound,27
ENT-00675,CPT-00866,8,1779.03,2025-10-17 12:19:06,2026-05-05 22:01:37,33.5,inbound;outbound,3
ENT-01273,CPT-02431,1,1500.0,2026-07-06 10:18:33,2026-07-06 10:18:33,33.5,outbound,30
ENT-00997,CPT-01112,1,427.69,2026-02-04 21:43:12,2026-02-04 21:43:12,33.5,outbound,49
ENT-01403,CPT-00678,2,47306.85,2026-04-09 13:27:31,2026-06-15 15:28:14,33.4,inbound,4
ENT-01100,CPT-05078,3,37476.41,2025-11-13 16:53:01,2026-05-01 10:35:27,33.4,inbound,49
ENT-01353,CPT-02415,3,24476.91,2025-08-14 11:28:47,2026-02-10 10:19:10,33.4,outbound,1
ENT-01340,CPT-01404,5,17977.48,2025-09-08 16:50:26,2026-03-25 14:34:38,33.4,inbound,1
ENT-01056,CPT-02399,5,16539.55,2025-09-09 14:11:58,2026-07-30 13:33:37,33.4,outbound,8
ENT-01497,CPT-03554,4,16102.27,2025-08-22 13:10:32,2026-04-10 15:32:44,33.4,outbound,2
ENT-01218,CPT-05665,4,15971.38,2025-08-27 11:05:45,2026-03-27 13:45:12,33.4,inbound,2
ENT-01176,CPT-04552,3,14520.02,2025-09-09 13:27:01,2026-06-05 12:13:57,33.4,inbound,1
ENT-01058,CPT-04613,3,12151.52,2025-08-04 16:56:27,2026-02-06 17:38:58,33.4,inbound,3
ENT-01288,CPT-02784,3,11176.11,2025-11-18 09:05:38,2026-07-06 10:11:12,33.4,outbound,40
ENT-01375,CPT-05824,2,10574.11,2025-09-16 14:29:50,2026-02-13 09:59:07,33.4,inbound,13
ENT-01377,CPT-05078,2,9970.92,2025-11-17 17:20:41,2026-06-25 15:25:44,33.4,inbound,49
ENT-01345,CPT-03983,1,9349.12,2026-07-24 09:05:29,2026-07-24 09:05:29,33.4,inbound,33
ENT-01088,CPT-05078,7,9013.3,2025-08-04 13:03:19,2026-06-24 12:13:27,33.4,inbound,49
ENT-01456,CPT-01962,6,8941.16,2026-02-20 15:10:02,2026-05-26 12:57:49,33.4,inbound,1
ENT-01340,CPT-01403,4,6392.46,2025-10-31 11:09:39,2026-07-04 17:21:05,33.4,inbound,5
ENT-01162,CPT-05723,5,6091.31,2025-10-06 14:04:49,2026-07-27 12:37:17,33.4,inbound,1
ENT-01380,CPT-02486,2,6086.82,2025-12-22 13:15:00,2026-01-05 17:32:28,33.4,outbound,11
ENT-01096,CPT-03613,4,5474.62,2025-10-05 14:06:32,2026-01-15 13:56:39,33.4,inbound,3
ENT-01217,CPT-02286,3,4863.1,2025-12-31 13:20:15,2026-03-31 16:16:23,33.4,inbound,17
ENT-01072,CPT-03342,1,4414.45,2026-03-12 17:09:17,2026-03-12 17:09:17,33.4,outbound,14
ENT-01069,CPT-02712,4,3980.68,2026-03-19 11:50:07,2026-06-11 17:15:15,33.4,outbound,4
ENT-01142,CPT-03083,2,3853.33,2026-02-25 15:05:26,2026-05-28 11:01:12,33.4,outbound,2
ENT-01211,CPT-03330,1,3734.78,2026-04-01 10:35:43,2026-04-01 10:35:43,33.4,outbound,67
ENT-01403,CPT-02801,3,2751.67,2025-10-02 16:32:13,2026-07-14 13:28:55,33.4,outbound,5
ENT-01185,CPT-03242,2,2333.83,2025-09-30 13:12:12,2026-06-26 17:39:37,33.4,outbound,34
ENT-01453,CPT-04503,1,2201.55,2025-10-01 10:20:00,2025-10-01 10:20:00,33.4,inbound,1
ENT-01233,CPT-04678,1,2088.2,2025-08-13 16:37:59,2025-08-13 16:37:59,33.4,inbound,8
ENT-01487,CPT-02523,1,1673.7,2025-09-30 09:14:47,2025-09-30 09:14:47,33.4,outbound,2
ENT-00282,CPT-01870,7,1584.5,2025-08-20 09:42:34,2026-05-13 13:04:56,33.4,inbound;outbound,1
ENT-01341,CPT-03704,2,1286.82,2025-09-05 11:48:10,2026-01-01 13:08:23,33.4,inbound,2
ENT-00624,CPT-00666,1,343.73,2025-08-30 17:07:08,2025-08-30 17:07:08,33.4,outbound,1
ENT-00474,CPT-01112,1,149.63,2026-01-31 18:33:30,2026-01-31 18:33:30,33.4,outbound,49
ENT-01453,CPT-05194,3,62596.93,2025-09-15 09:59:36,2026-04-14 17:34:45,33.3,inbound,3
ENT-01237,CPT-05178,2,46986.39,2026-04-06 13:26:28,2026-07-27 11:50:56,33.3,inbound,3
ENT-01136,CPT-05758,3,37066.79,2025-09-16 10:19:34,2026-03-23 10:23:30,33.3,inbound,1
ENT-01092,CPT-05071,2,34778.27,2026-01-27 17:00:51,2026-06-25 09:38:23,33.3,inbound,2
ENT-01093,CPT-04685,2,34667.47,2025-09-29 12:01:15,2026-05-29 11:48:52,33.3,inbound,2
ENT-01093,CPT-05060,2,27763.08,2025-10-15 13:57:05,2026-03-30 17:12:22,33.3,inbound,4
ENT-01332,CPT-01683,4,24986.73,2025-08-14 12:17:56,2026-01-28 13:34:24,33.3,inbound,13
ENT-01146,CPT-03890,4,24757.37,2025-08-08 14:42:29,2026-07-24 13:14:25,33.3,inbound,1
ENT-01122,CPT-03693,1,24068.06,2026-03-17 10:11:41,2026-03-17 10:11:41,33.3,inbound,4
ENT-01386,CPT-01007,4,16712.54,2025-09-09 10:56:29,2026-05-07 10:58:08,33.3,inbound,3
ENT-01454,CPT-01248,2,16566.65,2026-03-10 09:28:38,2026-07-01 12:30:51,33.3,inbound,3
ENT-01257,CPT-04299,1,16230.38,2026-05-22 14:15:44,2026-05-22 14:15:44,33.3,inbound,44
ENT-01375,CPT-05267,3,14984.49,2025-08-22 10:59:02,2025-10-30 14:35:32,33.3,inbound,2
ENT-01352,CPT-03729,2,14710.25,2025-09-25 16:15:02,2026-01-02 14:22:06,33.3,inbound,69
ENT-01458,CPT-02634,3,12578.2,2025-12-19 09:47:11,2026-03-16 10:12:56,33.3,outbound,1
ENT-01323,CPT-04579,7,12076.71,2025-08-28 13:29:58,2026-07-25 13:41:34,33.3,inbound,1
ENT-01199,CPT-04220,2,8079.21,2025-08-27 17:08:32,2025-10-07 12:12:35,33.3,inbound,1
ENT-01340,CPT-02416,3,7355.2,2026-03-03 15:27:17,2026-05-27 12:59:59,33.3,outbound,4
ENT-01497,CPT-04371,4,7129.25,2025-08-29 15:42:20,2026-06-27 10:47:57,33.3,inbound,19
ENT-01060,CPT-02937,5,7071.33,2025-09-16 18:18:22,2026-05-26 17:59:08,33.3,outbound,12
ENT-01236,CPT-03981,2,5502.86,2025-09-01 09:24:29,2026-03-09 11:14:34,33.3,inbound,191
ENT-01273,CPT-03369,1,4416.85,2026-04-09 10:39:56,2026-04-09 10:39:56,33.3,outbound,2
ENT-01210,CPT-03555,1,3976.4,2025-11-27 17:55:48,2025-11-27 17:55:48,33.3,outbound,10
ENT-00505,CPT-00850,13,2378.92,2025-08-29 15:49:16,2026-07-30 10:21:12,33.3,inbound;outbound,2
ENT-01455,CPT-01285,2,1721.32,2025-08-06 17:07:45,2026-02-26 15:56:02,33.3,inbound,25
ENT-01282,CPT-01372,1,893.18,2026-06-13 12:05:28,2026-06-13 12:05:28,33.3,inbound,1
ENT-00303,CPT-01579,1,236.85,2025-09-07 22:48:43,2025-09-07 22:48:43,33.3,outbound,2
ENT-00418,CPT-00805,1,228.93,2026-05-02 16:05:49,2026-05-02 16:05:49,33.3,outbound,2
ENT-01472,CPT-05072,5,65564.23,2025-10-27 09:33:13,2026-06-12 16:52:58,33.2,inbound,31
ENT-01460,CPT-04589,3,38090.15,2025-10-03 15:04:50,2026-03-31 10:07:05,33.2,inbound,4
ENT-01085,CPT-01905,2,34294.68,2025-10-28 11:41:23,2025-12-16 13:28:17,33.2,inbound,17
ENT-01345,CPT-04332,3,33956.23,2026-01-05 15:50:39,2026-06-08 09:48:06,33.2,inbound,1
ENT-01137,CPT-03534,11,33913.9,2025-08-19 10:55:22,2026-07-23 10:33:05,33.2,outbound,30
ENT-01242,CPT-04945,5,31260.25,2025-09-19 13:41:10,2026-06-30 09:33:06,33.2,inbound,24
ENT-01178,CPT-05844,5,27591.05,2025-10-10 13:31:48,2026-06-11 16:13:47,33.2,inbound,2
ENT-01242,CPT-04773,4,24550.16,2025-08-15 11:32:30,2026-07-22 11:42:10,33.2,inbound,3
ENT-01385,CPT-02695,8,24393.44,2025-10-21 12:37:23,2026-05-26 18:38:01,33.2,outbound,166
ENT-01148,CPT-03983,3,24191.84,2025-08-22 13:55:29,2026-06-30 17:01:43,33.2,inbound,33
ENT-01069,CPT-03750,3,22666.58,2025-08-13 14:31:19,2026-07-30 13:38:18,33.2,inbound,1
ENT-01333,CPT-05649,6,21079.07,2025-09-08 11:46:27,2026-06-26 17:26:45,33.2,inbound,2
ENT-00882,CPT-00286,12,19200.0,2025-08-01 14:56:21,2026-07-02 21:36:43,33.2,outbound,1
ENT-01297,CPT-04085,4,18409.65,2025-12-31 12:51:20,2026-07-07 09:48:24,33.2,inbound,1
ENT-01108,CPT-04582,2,16907.74,2025-12-16 11:00:52,2026-04-08 15:27:50,33.2,inbound,6
ENT-01201,CPT-00649,1,16521.76,2026-01-12 16:06:42,2026-01-12 16:06:42,33.2,inbound,1
ENT-01069,CPT-04219,3,15181.1,2025-10-22 17:49:41,2026-06-05 09:47:20,33.2,inbound,5
ENT-01155,CPT-05414,3,15144.31,2025-12-16 10:50:18,2025-12-30 11:28:19,33.2,inbound,22
ENT-01320,CPT-03534,2,12310.43,2025-10-23 10:31:14,2026-06-11 16:46:55,33.2,outbound,30
ENT-01347,CPT-05027,4,11825.26,2025-10-28 17:03:58,2026-04-30 10:16:07,33.2,inbound,2
ENT-01126,CPT-02878,4,8794.71,2025-11-06 09:53:01,2026-06-16 11:51:52,33.2,outbound,5
ENT-01453,CPT-05072,1,8431.92,2025-10-24 10:48:27,2025-10-24 10:48:27,33.2,inbound,31
ENT-01360,CPT-00706,2,8170.11,2025-08-05 14:25:28,2026-02-05 15:19:15,33.2,inbound,2
ENT-01159,CPT-04052,1,7699.14,2025-08-28 15:45:40,2025-08-28 15:45:40,33.2,inbound,1
ENT-01411,CPT-04054,5,7464.65,2025-09-27 15:53:47,2026-06-13 09:06:15,33.2,inbound,3
ENT-01427,CPT-04592,3,7181.19,2025-09-21 12:52:25,2026-06-24 11:25:59,33.2,inbound,17
ENT-01339,CPT-03250,3,6663.61,2025-12-30 11:41:53,2026-03-12 09:13:53,33.2,outbound,1
ENT-01342,CPT-03980,2,6272.34,2025-08-21 11:57:47,2026-01-12 14:49:22,33.2,inbound,32
ENT-01064,CPT-03043,2,5230.68,2025-11-18 12:58:12,2025-12-05 10:01:47,33.2,outbound,2
ENT-01124,CPT-03518,3,4222.85,2025-10-24 10:35:20,2026-02-20 12:24:33,33.2,outbound,3
ENT-01487,CPT-02860,1,2497.8,2025-09-12 14:04:30,2025-09-12 14:04:30,33.2,outbound,4
ENT-01484,CPT-02784,1,2244.12,2025-08-07 17:47:16,2025-08-07 17:47:16,33.2,outbound,40
ENT-01247,CPT-03428,1,1941.31,2026-02-10 12:25:44,2026-02-10 12:25:44,33.2,outbound,3
ENT-01281,CPT-04935,1,1613.35,2025-09-03 15:00:10,2025-09-03 15:00:10,33.2,inbound,7
ENT-01250,CPT-02467,3,1545.18,2025-10-09 13:43:02,2026-06-22 16:16:48,33.2,outbound,4
ENT-01387,CPT-02552,1,827.99,2025-12-16 16:54:44,2025-12-16 16:54:44,33.2,outbound,6
ENT-00430,CPT-01091,1,80.48,2025-09-18 19:15:38,2025-09-18 19:15:38,33.2,outbound,1
ENT-01247,CPT-03983,4,42978.73,2026-02-06 10:23:25,2026-04-02 14:28:53,33.1,inbound,33
ENT-01363,CPT-01386,6,32073.97,2025-09-15 13:42:41,2026-07-30 17:32:12,33.1,inbound,3
ENT-01312,CPT-05109,4,21291.36,2025-08-26 12:16:45,2026-02-24 11:20:08,33.1,inbound,2
ENT-01358,CPT-03693,2,20102.76,2025-09-04 16:04:47,2026-05-28 14:04:06,33.1,inbound,4
ENT-01057,CPT-05750,2,16558.65,2025-08-18 12:38:31,2026-06-23 12:43:45,33.1,inbound,3
ENT-01069,CPT-00722,2,15336.35,2025-10-14 14:50:18,2026-07-09 11:57:42,33.1,inbound,5
ENT-01486,CPT-03957,2,14355.34,2025-08-11 16:15:38,2025-12-19 16:05:59,33.1,inbound,3
ENT-01299,CPT-05572,3,13459.31,2025-09-04 11:45:55,2026-05-25 15:51:35,33.1,inbound,4
ENT-01069,CPT-04122,2,13391.86,2025-09-24 16:57:13,2026-02-24 11:30:29,33.1,inbound,1
ENT-01331,CPT-02181,4,12580.18,2026-01-03 15:17:19,2026-07-03 09:12:17,33.1,inbound,31
ENT-01140,CPT-04861,2,12319.83,2026-02-24 09:36:06,2026-03-09 11:02:23,33.1,inbound,1
ENT-01277,CPT-05513,3,12254.66,2025-10-06 11:20:36,2026-03-09 12:43:38,33.1,inbound,1
ENT-01225,CPT-05047,2,10946.84,2025-08-07 14:45:54,2026-04-20 13:30:50,33.1,inbound,2
ENT-01175,CPT-03006,2,10082.99,2025-10-30 16:49:28,2026-05-05 13:23:35,33.1,outbound,7
ENT-01103,CPT-03297,3,8986.91,2025-08-04 11:43:44,2026-01-02 09:51:23,33.1,outbound,110
ENT-01213,CPT-03209,2,7792.09,2025-09-08 12:56:06,2026-05-04 13:34:48,33.1,outbound,8
ENT-01094,CPT-02181,1,7173.0,2025-08-04 15:47:03,2025-08-04 15:47:03,33.1,inbound,31
ENT-01252,CPT-02898,4,7020.6,2025-09-16 15:11:38,2026-04-09 15:02:41,33.1,outbound,1
ENT-01348,CPT-03958,3,5696.11,2025-12-12 16:09:11,2026-02-11 17:49:11,33.1,inbound,8
ENT-01319,CPT-04832,3,5433.78,2026-01-06 13:31:26,2026-07-31 15:02:28,33.1,inbound,25
ENT-01456,CPT-01477,1,5264.69,2025-08-07 15:28:20,2025-08-07 15:28:20,33.1,inbound,2
ENT-01146,CPT-02784,3,4827.09,2025-12-30 12:47:05,2026-02-03 17:19:59,33.1,outbound,40
ENT-01152,CPT-05259,4,4563.74,2025-10-10 12:06:18,2026-07-27 13:38:23,33.1,inbound,16
ENT-01465,CPT-05678,2,4469.65,2026-03-10 16:24:15,2026-07-08 10:53:24,33.1,inbound,4
ENT-01332,CPT-04942,2,4342.96,2025-09-16 12:18:02,2026-04-06 11:26:01,33.1,inbound,36
ENT-01058,CPT-05072,2,3809.66,2025-10-24 13:55:28,2026-04-15 10:31:35,33.1,inbound,31
ENT-01273,CPT-03357,2,3787.04,2026-02-26 17:02:11,2026-07-06 13:56:06,33.1,outbound,9
ENT-01245,CPT-04569,1,3613.86,2025-09-04 15:20:03,2025-09-04 15:20:03,33.1,inbound,3
ENT-01137,CPT-05254,1,3324.22,2026-02-24 10:39:10,2026-02-24 10:39:10,33.1,inbound,18
ENT-01342,CPT-02761,1,2733.51,2026-02-25 16:40:12,2026-02-25 16:40:12,33.1,outbound,2
ENT-01125,CPT-03330,2,2598.2,2025-12-02 11:50:40,2026-07-23 15:06:14,33.1,outbound,67
ENT-00902,CPT-02385,4,2577.05,2026-01-20 11:33:12,2026-07-07 14:54:26,33.1,inbound,3
ENT-01096,CPT-05708,1,2472.06,2026-03-10 12:44:40,2026-03-10 12:44:40,33.1,inbound,1
ENT-01261,CPT-03454,3,2375.81,2025-11-25 09:10:50,2026-03-23 16:03:23,33.1,outbound,2
ENT-01062,CPT-03496,3,2342.23,2025-10-14 12:38:08,2026-07-09 12:36:58,33.1,outbound,4
ENT-01176,CPT-02870,1,1989.86,2026-02-24 10:03:27,2026-02-24 10:03:27,33.1,outbound,54
ENT-00624,CPT-00890,4,1963.29,2025-08-23 09:50:01,2026-07-12 19:13:25,33.1,outbound,2
ENT-01395,CPT-03593,2,1591.09,2025-10-10 13:27:18,2026-02-10 09:08:07,33.1,inbound,8
ENT-01132,CPT-00751,1,1198.94,2026-07-10 12:09:32,2026-07-10 12:09:32,33.1,inbound,1
ENT-01457,CPT-02451,1,777.67,2026-05-20 09:10:25,2026-05-20 09:10:25,33.1,outbound,4
ENT-00189,CPT-00900,3,457.86,2025-09-25 17:09:38,2026-03-24 15:34:04,33.1,outbound,1
ENT-01450,CPT-03068,1,245.72,2025-12-24 10:43:41,2025-12-24 10:43:41,33.1,outbound,22
ENT-01005,CPT-00070,24,93699.09,2025-08-15 10:18:48,2026-07-31 08:17:12,33.0,inbound,1
ENT-01199,CPT-03961,3,22187.54,2026-04-14 12:40:00,2026-07-16 11:02:33,33.0,inbound,5
ENT-01137,CPT-03552,14,20271.59,2025-11-06 14:35:21,2026-07-02 17:34:34,33.0,outbound,3
ENT-01152,CPT-04026,6,18288.23,2025-09-25 16:19:03,2026-07-08 10:27:04,33.0,inbound,2
ENT-01408,CPT-05405,2,17369.98,2026-03-13 12:02:22,2026-07-01 10:38:22,33.0,inbound,6
ENT-01411,CPT-05061,6,13900.84,2025-11-20 10:31:35,2026-07-12 14:15:56,33.0,inbound,2
ENT-01483,CPT-03242,3,12869.19,2026-02-05 14:26:28,2026-07-23 10:05:30,33.0,outbound,34
ENT-01245,CPT-02562,7,12184.93,2025-08-21 16:06:43,2026-05-19 15:54:03,33.0,outbound,3
ENT-01305,CPT-02500,4,11247.95,2025-08-05 16:20:24,2026-05-14 12:39:24,33.0,outbound,60
ENT-01289,CPT-02474,4,10913.13,2026-01-13 10:13:42,2026-05-12 15:05:29,33.0,outbound,2
ENT-01408,CPT-02674,4,10461.33,2025-11-20 16:17:02,2026-07-23 12:29:51,33.0,outbound,10
ENT-01245,CPT-03411,5,9656.39,2025-12-30 13:35:21,2026-06-25 13:17:26,33.0,outbound,4
ENT-01051,CPT-03056,3,9379.51,2025-08-19 11:44:11,2026-05-26 13:49:05,33.0,outbound,2
ENT-01466,CPT-05599,2,8815.59,2025-08-12 12:29:24,2026-07-07 14:24:57,33.0,inbound,2
ENT-01384,CPT-03330,2,4270.76,2026-01-13 09:03:20,2026-04-14 13:47:53,33.0,outbound,67
ENT-01071,CPT-01112,3,4008.53,2025-11-05 12:39:02,2026-07-30 09:53:45,33.0,inbound,49
ENT-01305,CPT-02116,1,3763.13,2026-06-23 09:27:23,2026-06-23 09:27:23,33.0,inbound,2
ENT-01410,CPT-04224,2,3437.5,2025-08-22 15:38:22,2026-07-24 09:00:15,33.0,inbound,1
ENT-01056,CPT-02616,2,2950.25,2025-11-17 13:32:17,2026-01-08 15:49:01,33.0,outbound,2
ENT-00130,CPT-00713,9,2213.25,2025-10-03 18:37:19,2026-07-14 17:51:21,33.0,inbound;outbound,7
ENT-01113,CPT-03571,1,2020.57,2025-08-21 15:13:10,2025-08-21 15:13:10,33.0,outbound,2
ENT-01292,CPT-03989,1,1720.73,2026-03-05 12:53:06,2026-03-05 12:53:06,33.0,inbound,14
ENT-01434,CPT-04373,1,1325.63,2026-01-15 16:24:10,2026-01-15 16:24:10,33.0,inbound,7
ENT-01167,CPT-04169,1,1203.18,2025-08-08 15:59:10,2025-08-08 15:59:10,33.0,inbound,1
ENT-01293,CPT-03395,1,726.61,2026-05-07 14:16:01,2026-05-07 14:16:01,33.0,outbound,1
ENT-00522,CPT-01444,5,629.16,2025-08-24 12:34:02,2026-07-21 15:59:15,33.0,inbound,1
ENT-00694,CPT-00038,24,94570.93,2025-08-15 09:03:43,2026-07-31 10:02:53,32.9,inbound,1
ENT-01255,CPT-02100,5,64496.94,2025-12-31 10:22:29,2026-04-24 14:49:34,32.9,inbound,3
ENT-01319,CPT-03726,4,42292.34,2025-09-18 11:36:42,2026-06-30 10:07:39,32.9,inbound,1
ENT-01079,CPT-05691,3,37894.22,2026-01-01 15:17:38,2026-07-17 10:29:36,32.9,inbound,9
ENT-01332,CPT-04425,5,34360.93,2025-08-07 15:12:57,2026-04-29 17:07:38,32.9,inbound,18
ENT-01424,CPT-04649,2,33106.48,2026-04-02 13:43:11,2026-04-17 14:34:10,32.9,inbound,5
ENT-01252,CPT-03297,6,21483.65,2025-11-27 14:05:31,2026-07-16 17:49:11,32.9,outbound,110
ENT-01356,CPT-05093,1,20827.37,2026-07-06 15:44:21,2026-07-06 15:44:21,32.9,inbound,1
ENT-01204,CPT-02675,5,18415.01,2025-09-25 11:44:16,2026-05-14 13:55:59,32.9,outbound,1
ENT-01120,CPT-04337,1,18352.12,2026-04-29 14:43:54,2026-04-29 14:43:54,32.9,inbound,10
ENT-01323,CPT-01907,12,17644.95,2025-10-23 13:50:07,2026-07-02 14:52:21,32.9,inbound,5
ENT-01377,CPT-04740,4,16576.9,2026-04-24 13:35:25,2026-06-25 12:13:50,32.9,inbound,1
ENT-01381,CPT-02418,2,14193.15,2025-12-03 12:45:28,2026-01-05 16:25:06,32.9,outbound,28
ENT-01148,CPT-02695,2,13205.06,2025-10-28 17:21:40,2026-03-12 18:36:37,32.9,outbound,166
ENT-01464,CPT-03204,6,12049.65,2025-10-09 10:10:47,2026-07-02 09:06:45,32.9,outbound,9
ENT-01313,CPT-02683,2,9798.58,2026-02-05 10:29:09,2026-05-29 15:45:28,32.9,outbound,6
ENT-01094,CPT-04109,3,9515.21,2025-08-01 12:18:26,2026-04-30 14:20:42,32.9,inbound,1
ENT-01484,CPT-02756,3,8905.94,2026-04-30 14:32:04,2026-06-25 09:20:20,32.9,outbound,17
ENT-01196,CPT-03397,2,8625.06,2025-08-21 11:10:20,2025-12-11 11:58:50,32.9,outbound,2
ENT-01458,CPT-00735,3,6991.27,2025-08-04 10:40:09,2026-07-07 17:11:17,32.9,inbound,14
ENT-01425,CPT-01383,2,6758.08,2025-11-09 11:16:10,2026-02-24 15:46:24,32.9,inbound,13
ENT-01339,CPT-03492,1,6184.77,2025-08-22 14:38:29,2025-08-22 14:38:29,32.9,outbound,8
ENT-01384,CPT-02756,3,5344.07,2025-12-01 09:08:35,2026-07-20 10:51:27,32.9,outbound,17
ENT-01446,CPT-03412,1,5259.4,2026-03-20 15:54:56,2026-03-20 15:54:56,32.9,outbound,3
ENT-01184,CPT-04303,2,3731.58,2025-11-14 11:14:03,2026-03-06 10:30:24,32.9,inbound,22
ENT-01282,CPT-04901,1,2892.88,2025-08-07 12:49:02,2025-08-07 12:49:02,32.9,inbound,9
ENT-01281,CPT-03123,2,2351.13,2025-10-27 12:08:43,2026-05-18 11:07:53,32.9,outbound,1
ENT-01128,CPT-02692,2,2143.09,2025-11-26 15:33:17,2026-05-20 13:50:21,32.9,outbound,19
ENT-01055,CPT-02462,1,1272.77,2026-02-10 16:41:09,2026-02-10 16:41:09,32.9,outbound,4
ENT-01200,CPT-04371,1,646.54,2026-03-27 09:18:55,2026-03-27 09:18:55,32.9,inbound,19
ENT-01193,CPT-03292,1,453.97,2025-12-29 13:33:01,2025-12-29 13:33:01,32.9,outbound,1
ENT-01489,CPT-03014,1,293.24,2025-09-23 13:31:24,2025-09-23 13:31:24,32.9,outbound,1
ENT-01465,CPT-01003,3,47345.8,2025-12-05 13:51:35,2026-06-25 13:56:42,32.8,inbound,3
ENT-01237,CPT-05636,2,41860.69,2026-06-11 09:31:51,2026-06-30 11:20:00,32.8,inbound,3
ENT-01464,CPT-02766,3,29760.6,2025-12-08 15:45:06,2026-06-30 09:58:17,32.8,outbound,8
ENT-01255,CPT-02239,5,28828.63,2025-08-29 16:57:08,2026-07-27 10:51:24,32.8,inbound,4
ENT-01363,CPT-05374,4,19387.67,2025-09-25 17:04:51,2026-03-16 13:47:48,32.8,inbound,1
ENT-01146,CPT-01533,3,18304.58,2025-08-05 10:00:46,2026-07-16 17:50:30,32.8,inbound,1
ENT-01132,CPT-03057,7,16291.72,2025-09-02 16:28:20,2026-07-02 17:28:07,32.8,outbound,1
ENT-01440,CPT-01660,2,14273.66,2025-08-28 17:47:03,2026-06-10 13:01:00,32.8,inbound,2
ENT-01199,CPT-00886,2,13538.87,2025-08-05 13:03:23,2025-08-18 13:13:47,32.8,inbound,2
ENT-01484,CPT-02181,2,10776.71,2026-02-10 10:11:09,2026-06-18 10:57:47,32.8,inbound,31
ENT-01010,CPT-02161,5,10738.3,2025-12-27 13:00:34,2026-04-28 14:43:40,32.8,inbound;outbound,27
ENT-01201,CPT-04707,2,10174.92,2025-08-06 11:27:26,2026-03-19 12:12:45,32.8,inbound,4
ENT-01477,CPT-02417,3,10024.19,2025-09-08 17:32:14,2026-04-16 15:33:59,32.8,outbound,2
ENT-01146,CPT-03086,4,9786.14,2026-02-03 17:44:45,2026-07-09 16:51:44,32.8,outbound,10
ENT-01407,CPT-03116,6,8655.4,2025-08-19 13:31:08,2026-03-12 14:50:12,32.8,outbound,17
ENT-01232,CPT-05357,2,7869.64,2026-01-11 16:57:04,2026-02-26 16:33:15,32.8,inbound,5
ENT-00368,CPT-01112,6,6645.11,2025-08-01 13:56:07,2026-06-09 13:40:14,32.8,inbound;outbound,49
ENT-01349,CPT-01335,2,6129.96,2026-03-19 17:19:10,2026-07-14 10:07:27,32.8,inbound,3
ENT-01320,CPT-02758,4,5208.31,2025-09-23 14:30:36,2026-06-11 17:09:44,32.8,outbound,35
ENT-00797,CPT-00949,1,5170.51,2025-08-28 09:15:57,2025-08-28 09:15:57,32.8,inbound,1
ENT-01497,CPT-01852,2,5048.11,2025-12-03 16:22:28,2026-02-25 17:19:36,32.8,inbound,2
ENT-01288,CPT-03171,2,5007.31,2026-04-02 11:20:39,2026-05-14 13:45:43,32.8,outbound,2
ENT-01111,CPT-02683,2,4994.09,2025-08-19 17:39:51,2026-03-19 15:56:00,32.8,outbound,6
ENT-01173,CPT-03066,1,4951.79,2025-10-28 15:49:27,2025-10-28 15:49:27,32.8,outbound,3
ENT-01282,CPT-02692,3,4649.78,2025-08-14 16:33:51,2026-04-01 16:57:05,32.8,outbound,19
ENT-01090,CPT-02418,2,4585.01,2025-11-05 15:43:56,2026-04-07 13:16:46,32.8,outbound,28
ENT-01500,CPT-02695,2,3226.83,2025-10-20 13:11:51,2026-02-17 17:40:56,32.8,outbound,166
ENT-01454,CPT-02486,1,2063.84,2026-07-16 16:13:03,2026-07-16 16:13:03,32.8,outbound,11
ENT-01121,CPT-02772,3,1850.87,2025-09-26 12:09:11,2025-12-29 10:53:54,32.8,outbound,4
ENT-01401,CPT-02821,1,1477.23,2026-05-06 13:44:01,2026-05-06 13:44:01,32.8,outbound,28
ENT-01276,CPT-03456,1,1131.32,2026-01-07 14:40:43,2026-01-07 14:40:43,32.8,outbound,5
ENT-01051,CPT-04274,5,52695.73,2025-11-12 10:29:00,2026-06-10 17:39:50,32.7,inbound,1
ENT-01170,CPT-03711,3,29856.25,2025-12-31 14:29:53,2026-04-28 09:22:10,32.7,inbound,2
ENT-01478,CPT-05072,5,27121.87,2025-10-21 12:56:56,2026-07-10 13:09:17,32.7,inbound,31
ENT-01247,CPT-03865,2,26866.81,2026-01-02 10:26:01,2026-05-04 13:45:14,32.7,inbound,8
ENT-01347,CPT-05072,4,23791.81,2025-11-14 10:30:13,2026-06-17 16:27:05,32.7,inbound,31
ENT-01229,CPT-05565,6,22921.36,2025-08-11 10:13:46,2026-07-15 15:57:34,32.7,inbound,2
ENT-01105,CPT-03868,5,20834.97,2025-08-12 09:25:49,2026-06-29 14:18:02,32.7,inbound,2
ENT-01204,CPT-03175,2,20323.71,2026-01-29 14:42:50,2026-02-24 18:34:44,32.7,outbound,12
ENT-01370,CPT-03299,4,17675.51,2025-09-18 12:40:31,2026-04-14 14:45:38,32.7,outbound,3
ENT-01199,CPT-04120,5,11121.83,2025-09-26 12:16:26,2026-07-30 13:49:41,32.7,inbound,1
ENT-01492,CPT-02807,1,9701.6,2025-11-11 11:42:56,2025-11-11 11:42:56,32.7,outbound,3
ENT-01167,CPT-04244,2,7818.87,2025-08-11 17:36:28,2025-09-24 17:17:47,32.7,inbound,4
ENT-01417,CPT-02573,3,6765.62,2025-09-23 09:32:20,2026-01-22 17:32:42,32.7,outbound,2
ENT-01331,CPT-03596,3,5819.76,2025-12-14 12:53:52,2026-04-13 17:17:29,32.7,inbound,2
ENT-01455,CPT-05198,3,5575.99,2025-11-07 13:33:33,2026-05-23 17:50:36,32.7,inbound,6
ENT-01393,CPT-03197,3,5318.58,2025-10-21 11:29:58,2026-07-16 11:07:06,32.7,outbound,39
ENT-01051,CPT-05713,1,2436.63,2025-08-11 11:51:00,2025-08-11 11:51:00,32.7,inbound,3
ENT-01341,CPT-05686,3,2161.83,2025-09-15 17:52:07,2026-05-01 14:26:42,32.7,inbound,6
ENT-01203,CPT-03692,1,2002.53,2026-01-15 12:48:48,2026-01-15 12:48:48,32.7,inbound,3
ENT-01311,CPT-04942,1,1803.46,2026-06-01 17:20:02,2026-06-01 17:20:02,32.7,inbound,36
ENT-01288,CPT-03169,1,955.62,2026-01-01 10:35:00,2026-01-01 10:35:00,32.7,outbound,1
ENT-01067,CPT-00614,4,40375.85,2025-10-29 13:50:27,2026-07-13 13:06:31,32.6,inbound,1
ENT-01453,CPT-02787,4,28290.27,2025-10-21 11:09:56,2026-07-23 15:06:02,32.6,outbound,42
ENT-00687,CPT-00496,12,27300.0,2025-08-01 18:31:57,2026-07-02 14:30:51,32.6,outbound,2
ENT-01100,CPT-03983,1,26371.3,2026-02-09 14:33:59,2026-02-09 14:33:59,32.6,inbound,33
ENT-01395,CPT-04961,2,17252.91,2025-09-08 17:17:38,2025-12-25 10:02:17,32.6,inbound,5
ENT-01176,CPT-01112,3,16744.27,2025-09-25 14:41:43,2026-03-17 12:36:37,32.6,inbound,49
ENT-01261,CPT-01742,5,16636.97,2025-09-22 15:39:34,2026-03-13 13:32:54,32.6,inbound,27
ENT-01478,CPT-04100,3,14824.83,2025-09-19 16:55:05,2026-07-06 09:40:29,32.6,inbound,3
ENT-01058,CPT-03242,4,11364.27,2025-08-11 12:32:02,2026-07-13 10:55:37,32.6,outbound,34
ENT-01297,CPT-04870,3,10936.31,2025-08-14 17:33:53,2026-07-08 15:04:50,32.6,inbound,2
ENT-01273,CPT-02794,2,9844.75,2025-08-20 15:24:59,2026-07-16 14:13:29,32.6,outbound,3
ENT-00424,CPT-01826,2,8954.6,2025-10-20 16:44:52,2026-01-16 11:59:50,32.6,inbound,1
ENT-01225,CPT-02227,2,7758.38,2026-03-25 11:51:57,2026-06-09 09:23:35,32.6,inbound,12
ENT-01130,CPT-01123,2,7667.65,2026-03-19 11:14:10,2026-05-01 15:48:17,32.6,inbound,2
ENT-01196,CPT-03182,4,7531.81,2025-08-21 10:42:15,2026-07-30 09:45:50,32.6,outbound,3
ENT-01484,CPT-04371,3,6942.68,2025-10-31 13:47:25,2026-07-17 10:16:39,32.6,inbound,19
ENT-01415,CPT-01742,2,6817.39,2025-12-31 13:21:03,2026-04-09 11:07:35,32.6,inbound,27
ENT-01205,CPT-01580,1,6641.86,2025-12-15 12:13:50,2025-12-15 12:13:50,32.6,inbound,1
ENT-01371,CPT-01432,3,5981.42,2025-08-05 09:33:19,2026-04-21 10:40:53,32.6,inbound,6
ENT-01459,CPT-02695,4,5943.09,2025-12-09 16:20:41,2026-02-26 10:36:49,32.6,outbound,166
ENT-01333,CPT-02864,3,5520.96,2025-09-17 12:24:06,2026-04-30 17:29:32,32.6,outbound,10
ENT-01023,CPT-01040,10,3753.84,2025-09-04 10:43:50,2026-06-11 12:41:10,32.6,inbound;outbound,3
ENT-01130,CPT-01905,1,3277.06,2026-07-09 13:05:45,2026-07-09 13:05:45,32.6,inbound,17
ENT-01262,CPT-03290,2,3267.5,2025-10-10 10:21:43,2026-06-25 14:49:48,32.6,outbound,2
ENT-01458,CPT-04371,1,923.26,2025-09-29 15:42:40,2025-09-29 15:42:40,32.6,inbound,19
ENT-00731,CPT-05330,2,224.71,2025-09-30 18:04:14,2026-01-26 19:34:25,32.6,outbound,2
ENT-01353,CPT-01112,6,42170.63,2025-11-19 16:52:14,2026-06-24 13:15:53,32.5,inbound,49
ENT-01061,CPT-02720,4,31012.02,2025-08-13 14:45:21,2026-01-20 16:30:01,32.5,outbound,5
ENT-01135,CPT-03656,3,25470.22,2025-10-08 13:15:06,2026-06-12 17:06:05,32.5,inbound,1
ENT-01347,CPT-04869,2,25284.73,2025-08-18 10:15:32,2025-12-18 17:41:12,32.5,inbound,3
ENT-01403,CPT-01704,3,23941.76,2025-09-01 13:27:52,2026-06-11 16:55:47,32.5,inbound,1
ENT-00042,CPT-01760,6,19386.74,2025-08-22 16:49:04,2026-05-11 10:06:58,32.5,inbound;outbound,5
ENT-01069,CPT-03209,4,17321.82,2025-09-25 14:13:07,2026-05-07 16:07:08,32.5,outbound,8
ENT-01297,CPT-04713,5,16996.22,2025-12-30 11:13:38,2026-04-14 13:16:27,32.5,inbound,3
ENT-01261,CPT-04001,6,16359.52,2025-11-07 09:24:16,2026-07-08 14:04:53,32.5,inbound,1
ENT-01204,CPT-01112,2,16313.96,2025-08-19 17:23:32,2025-09-10 16:19:12,32.5,inbound,49
ENT-01152,CPT-03989,4,16033.01,2025-10-16 13:57:43,2026-07-20 10:23:53,32.5,inbound,14
ENT-01454,CPT-02695,3,12418.66,2025-12-23 11:52:04,2026-05-19 15:12:21,32.5,outbound,166
ENT-01297,CPT-03675,2,10058.09,2025-09-05 11:42:56,2026-06-23 10:35:43,32.5,inbound,1
ENT-01148,CPT-04548,1,5851.25,2025-09-29 13:06:19,2025-09-29 13:06:19,32.5,inbound,1
ENT-01141,CPT-03297,2,5803.46,2025-09-23 10:53:20,2026-02-19 13:14:08,32.5,outbound,110
ENT-01492,CPT-03139,2,4686.14,2025-09-04 09:22:53,2025-11-11 11:19:07,32.5,outbound,21
ENT-01378,CPT-02815,1,3567.83,2025-09-10 15:10:34,2025-09-10 15:10:34,32.5,outbound,1
ENT-01245,CPT-05078,2,2817.33,2025-08-05 12:41:50,2025-09-08 15:54:45,32.5,inbound,49
ENT-01446,CPT-03336,1,2586.33,2025-12-09 14:09:03,2025-12-09 14:09:03,32.5,outbound,2
ENT-01427,CPT-04855,2,2511.5,2025-09-14 09:47:57,2025-09-29 09:32:53,32.5,inbound,18
ENT-01304,CPT-03245,1,1760.04,2026-06-29 11:05:35,2026-06-29 11:05:35,32.5,outbound,4
ENT-01387,CPT-03198,1,1378.93,2025-08-21 11:19:41,2025-08-21 11:19:41,32.5,outbound,2
ENT-01216,CPT-02870,1,1232.2,2026-03-30 13:15:46,2026-03-30 13:15:46,32.5,outbound,54
ENT-00471,CPT-01337,7,1126.73,2025-08-01 19:19:28,2026-05-25 11:08:27,32.5,inbound;outbound,1
ENT-01071,CPT-04135,1,774.17,2026-04-18 15:10:33,2026-04-18 15:10:33,32.5,inbound,2
ENT-01456,CPT-04592,1,583.35,2026-05-01 14:48:29,2026-05-01 14:48:29,32.5,inbound,17
ENT-01092,CPT-03195,1,552.76,2026-05-05 12:21:04,2026-05-05 12:21:04,32.5,outbound,1
ENT-00675,CPT-01716,5,507.44,2025-09-17 16:35:11,2026-07-25 18:26:09,32.5,inbound,1
ENT-01133,CPT-04661,2,44506.39,2025-12-18 16:17:41,2026-06-25 13:56:15,32.4,inbound,26
ENT-01333,CPT-03601,4,42831.74,2025-10-02 16:39:58,2026-06-11 14:34:59,32.4,inbound,9
ENT-01265,CPT-00657,2,42408.04,2025-11-05 17:56:14,2026-03-12 11:09:58,32.4,inbound,4
ENT-01119,CPT-01683,3,35411.2,2025-11-10 17:29:32,2026-06-10 09:39:50,32.4,inbound,13
ENT-01319,CPT-05078,4,29337.36,2025-08-12 15:25:57,2026-05-25 14:47:08,32.4,inbound,49
ENT-01061,CPT-04185,5,17800.88,2025-09-26 15:56:50,2026-04-22 10:25:05,32.4,inbound,3
ENT-01290,CPT-03369,3,15949.68,2025-08-13 15:33:57,2025-11-05 17:41:58,32.4,outbound,2
ENT-01467,CPT-02801,3,14695.65,2025-10-09 13:43:01,2026-05-07 14:18:38,32.4,outbound,5
ENT-01349,CPT-02218,3,11446.83,2025-08-22 09:54:38,2026-06-08 09:52:18,32.4,inbound,3
ENT-01259,CPT-02870,6,10257.26,2025-08-26 17:26:23,2026-07-23 18:12:53,32.4,outbound,54
ENT-01492,CPT-05041,3,9303.36,2025-08-14 11:34:02,2025-11-27 14:37:25,32.4,inbound,4
ENT-01415,CPT-02253,2,8990.9,2025-10-24 14:09:05,2026-05-20 13:42:49,32.4,inbound,1
ENT-00368,CPT-02145,6,8904.88,2025-10-01 15:29:06,2026-05-22 12:54:14,32.4,inbound;outbound,2
ENT-01222,CPT-02692,3,6652.93,2025-09-30 14:17:39,2026-07-30 14:46:42,32.4,outbound,19
ENT-01140,CPT-03391,4,6536.71,2025-10-23 17:36:08,2026-02-26 11:16:49,32.4,outbound,3
ENT-01317,CPT-03116,4,6087.85,2026-01-13 11:58:23,2026-05-06 12:16:19,32.4,outbound,17
ENT-01140,CPT-03399,3,5758.55,2025-10-16 10:08:36,2026-02-26 10:49:45,32.4,outbound,12
ENT-01454,CPT-02852,4,5640.73,2025-09-02 14:37:28,2026-07-16 15:54:58,32.4,outbound,13
ENT-01448,CPT-02867,2,5043.28,2025-09-16 13:46:06,2026-03-24 15:09:11,32.4,outbound,4
ENT-01485,CPT-02595,2,3686.17,2026-02-05 09:53:24,2026-02-27 13:34:26,32.4,outbound,10
ENT-01458,CPT-05316,3,3474.84,2025-08-08 14:49:21,2026-05-09 11:58:51,32.4,inbound,2
ENT-01096,CPT-05784,3,3408.05,2025-09-18 17:51:17,2026-05-15 16:32:55,32.4,inbound,3
ENT-00282,CPT-01699,7,2723.18,2025-08-06 18:19:11,2026-06-04 13:28:44,32.4,inbound;outbound,2
ENT-01498,CPT-03795,2,1287.71,2026-05-09 09:35:03,2026-06-12 11:01:07,32.4,inbound,9
ENT-00689,CPT-01516,4,648.12,2025-09-17 12:08:31,2025-11-04 18:57:45,32.4,inbound,1
ENT-01342,CPT-01619,1,581.32,2025-08-05 09:09:10,2025-08-05 09:09:10,32.4,inbound,2
ENT-01323,CPT-02695,1,500.0,2025-08-13 12:26:51,2025-08-13 12:26:51,32.4,outbound,166
ENT-01199,CPT-05362,6,43003.85,2025-08-22 14:13:50,2026-05-01 09:01:47,32.3,inbound,5
ENT-01349,CPT-00774,3,41834.28,2025-09-26 12:33:38,2026-07-21 13:57:47,32.3,inbound,13
ENT-01131,CPT-00898,3,34132.49,2026-05-05 11:35:55,2026-07-06 14:45:29,32.3,inbound,2
ENT-01423,CPT-04402,4,30106.59,2025-10-21 13:55:16,2026-06-01 11:55:33,32.3,inbound,6
ENT-01057,CPT-02500,1,27284.81,2026-06-19 17:00:10,2026-06-19 17:00:10,32.3,outbound,60
ENT-01111,CPT-05267,2,18448.36,2025-08-14 13:29:08,2026-01-27 13:51:29,32.3,inbound,2
ENT-01058,CPT-01042,5,15360.51,2025-08-06 13:22:06,2026-02-02 09:22:20,32.3,inbound,1
ENT-01197,CPT-03653,3,15131.41,2025-08-26 13:08:59,2026-07-29 10:17:33,32.3,inbound,1
ENT-01363,CPT-01845,4,14207.98,2025-09-05 15:50:32,2026-07-27 10:13:45,32.3,inbound,1
ENT-01194,CPT-02419,3,12749.86,2025-12-25 10:45:13,2026-03-03 15:49:58,32.3,outbound,3
ENT-01217,CPT-04751,5,12335.9,2025-10-10 16:18:09,2026-06-16 16:19:00,32.3,inbound,5
ENT-01119,CPT-02592,4,11537.55,2026-01-15 17:39:27,2026-07-30 13:08:21,32.3,outbound,3
ENT-01328,CPT-02864,4,11210.89,2025-09-04 14:23:55,2026-07-28 10:11:28,32.3,outbound,10
ENT-01333,CPT-03981,1,10458.87,2025-11-17 15:13:21,2025-11-17 15:13:21,32.3,inbound,191
ENT-01226,CPT-02747,3,8863.43,2025-09-02 17:56:00,2026-05-05 18:30:01,32.3,outbound,2
ENT-01384,CPT-02687,4,7169.32,2025-11-24 17:39:17,2026-04-27 15:38:14,32.3,outbound,15
ENT-01478,CPT-05017,2,6329.57,2025-08-06 12:29:53,2026-03-19 11:59:48,32.3,inbound,64
ENT-01485,CPT-02787,1,5743.25,2025-10-28 14:37:19,2025-10-28 14:37:19,32.3,outbound,42
ENT-01301,CPT-02667,3,5586.2,2025-09-16 09:43:00,2026-03-13 11:35:09,32.3,outbound,8
ENT-01131,CPT-04324,2,4416.38,2025-11-14 10:52:51,2026-02-06 09:40:35,32.3,inbound,71
ENT-01455,CPT-01219,3,3667.44,2025-09-20 09:02:10,2026-07-26 14:30:11,32.3,inbound,2
ENT-01049,CPT-01285,2,2558.62,2025-08-05 17:37:34,2026-05-04 18:41:48,32.3,outbound,25
ENT-01434,CPT-02695,1,2204.77,2025-09-22 10:40:21,2025-09-22 10:40:21,32.3,outbound,166
ENT-01271,CPT-02701,2,2150.67,2025-08-20 17:16:22,2026-04-23 13:34:36,32.3,outbound,2
ENT-01320,CPT-03729,1,2074.39,2025-10-07 09:41:08,2025-10-07 09:41:08,32.3,inbound,69
ENT-01282,CPT-04592,2,1693.61,2025-09-05 15:58:02,2026-04-01 10:44:21,32.3,inbound,17
ENT-01119,CPT-02502,1,1503.72,2025-09-23 18:25:22,2025-09-23 18:25:22,32.3,outbound,1
ENT-01246,CPT-03558,1,1061.02,2025-10-10 13:23:50,2025-10-10 13:23:50,32.3,outbound,7
ENT-00677,CPT-03717,4,968.71,2026-01-31 22:27:26,2026-07-27 15:54:16,32.3,outbound,3
ENT-00653,CPT-01074,6,774.9,2025-08-18 11:07:59,2026-06-26 12:40:46,32.3,inbound;outbound,12
ENT-01189,CPT-02643,1,710.06,2026-06-04 11:05:52,2026-06-04 11:05:52,32.3,outbound,5
ENT-01260,CPT-01683,3,52576.58,2025-09-26 15:06:43,2026-04-22 15:53:01,32.2,inbound,13
ENT-01218,CPT-05766,7,43733.0,2025-08-12 11:38:14,2026-06-01 11:33:39,32.2,inbound,6
ENT-01342,CPT-00735,4,36787.21,2025-09-04 15:38:34,2026-07-23 12:46:31,32.2,inbound,14
ENT-01483,CPT-03933,4,35464.09,2025-09-30 09:48:11,2026-06-05 17:08:43,32.2,inbound,15
ENT-01236,CPT-01676,6,33696.34,2026-01-20 16:05:28,2026-07-31 17:11:50,32.2,inbound,1
ENT-01204,CPT-04273,2,30105.25,2025-10-02 12:03:22,2026-06-16 10:43:15,32.2,inbound,1
ENT-01225,CPT-03002,5,22270.77,2025-12-02 15:32:50,2026-06-30 12:14:08,32.2,outbound,5
ENT-01397,CPT-01440,1,22218.46,2025-10-02 09:27:38,2025-10-02 09:27:38,32.2,inbound,22
ENT-00891,CPT-00494,7,21700.0,2025-08-01 18:12:49,2026-07-01 13:15:54,32.2,outbound,1
ENT-01252,CPT-03668,4,21426.2,2025-11-06 11:15:48,2026-06-16 12:43:27,32.2,inbound,1
ENT-01436,CPT-05805,4,21356.4,2025-08-05 14:00:38,2025-10-29 10:07:21,32.2,inbound,10
ENT-01247,CPT-04708,1,21164.94,2025-08-19 09:46:32,2025-08-19 09:46:32,32.2,inbound,1
ENT-01259,CPT-02908,6,16260.65,2025-08-26 17:38:32,2026-07-23 18:21:24,32.2,outbound,5
ENT-01348,CPT-05379,3,15259.14,2025-08-22 12:22:05,2026-07-03 11:43:12,32.2,inbound,1
ENT-01061,CPT-04400,3,14579.43,2025-09-15 17:05:19,2025-12-08 15:50:50,32.2,inbound,11
ENT-01277,CPT-03660,2,14341.6,2025-10-28 12:30:55,2026-07-07 16:41:29,32.2,inbound,3
ENT-01058,CPT-03970,4,13425.31,2025-12-05 09:40:43,2026-07-02 12:03:32,32.2,inbound,3
ENT-01436,CPT-03574,3,12118.79,2025-08-14 12:42:21,2026-02-27 17:22:42,32.2,outbound,5
ENT-01398,CPT-00678,3,11332.22,2025-10-08 14:55:57,2026-04-24 16:02:42,32.2,inbound,4
ENT-01233,CPT-03748,2,10897.66,2025-09-01 14:36:58,2026-01-20 12:39:42,32.2,inbound,2
ENT-01260,CPT-01708,2,9770.13,2025-08-19 13:19:51,2025-10-16 14:48:53,32.2,inbound,7
ENT-01346,CPT-02587,6,9351.82,2026-03-12 13:17:39,2026-07-16 11:45:58,32.2,outbound,1
ENT-00500,CPT-01229,2,7250.68,2025-08-07 11:36:56,2025-12-16 20:11:46,32.2,inbound;outbound,2
ENT-01126,CPT-03546,3,7071.78,2025-11-06 10:28:25,2025-11-20 14:49:13,32.2,outbound,2
ENT-01184,CPT-05736,1,7000.97,2025-12-22 15:06:54,2025-12-22 15:06:54,32.2,inbound,1
ENT-01380,CPT-04299,3,6558.66,2025-08-20 15:00:34,2026-04-16 16:13:10,32.2,inbound,44
ENT-01498,CPT-05499,6,6131.05,2025-09-08 10:22:29,2026-05-02 14:33:34,32.2,inbound,2
ENT-01199,CPT-02858,1,5947.6,2026-05-21 09:10:45,2026-05-21 09:10:45,32.2,outbound,6
ENT-00797,CPT-00898,3,5547.95,2025-09-08 10:40:06,2026-03-23 13:18:09,32.2,inbound,2
ENT-01500,CPT-05078,2,4868.13,2026-02-12 11:07:19,2026-04-11 10:58:02,32.2,inbound,49
ENT-01492,CPT-03086,2,3899.2,2025-08-19 17:36:34,2025-11-11 11:31:21,32.2,outbound,10
ENT-01059,CPT-03933,2,3749.08,2025-12-05 10:28:38,2026-01-02 09:50:15,32.2,inbound,15
ENT-01096,CPT-04963,1,3585.19,2026-06-28 14:26:18,2026-06-28 14:26:18,32.2,inbound,5
ENT-01465,CPT-03768,1,3200.81,2026-07-02 09:37:49,2026-07-02 09:37:49,32.2,inbound,1
ENT-01231,CPT-01625,3,3019.63,2026-03-16 11:24:46,2026-05-31 15:59:07,32.2,inbound,2
ENT-01352,CPT-04677,3,2962.49,2025-11-28 10:21:13,2026-01-15 11:00:50,32.2,inbound,1
ENT-01162,CPT-04303,2,2838.15,2026-02-10 10:07:16,2026-03-05 16:43:00,32.2,inbound,22
ENT-01179,CPT-02418,1,1793.82,2025-08-04 11:29:06,2025-08-04 11:29:06,32.2,outbound,28
ENT-00130,CPT-05819,2,1409.93,2025-11-05 17:10:12,2025-12-08 16:34:50,32.2,outbound,2
ENT-00675,CPT-01997,8,1135.31,2025-08-15 18:38:37,2026-05-01 20:00:34,32.2,inbound;outbound,3
ENT-00368,CPT-05200,3,857.93,2026-01-20 17:52:52,2026-05-23 21:48:44,32.2,outbound,1
ENT-01231,CPT-03197,1,507.57,2025-08-04 09:03:30,2025-08-04 09:03:30,32.2,outbound,39
ENT-00418,CPT-01440,2,328.58,2026-04-01 12:32:28,2026-04-28 19:23:46,32.2,outbound,22
ENT-00454,CPT-05132,2,125.92,2026-02-18 19:39:09,2026-03-06 22:51:55,32.2,outbound,4
ENT-00917,CPT-00039,24,83203.91,2025-08-15 08:13:15,2026-07-31 10:04:45,32.1,inbound,4
ENT-01061,CPT-05414,4,39817.82,2025-11-04 13:12:06,2026-07-28 15:17:12,32.1,inbound,22
ENT-01148,CPT-05797,3,28557.85,2026-05-19 16:27:58,2026-07-17 12:38:00,32.1,inbound,1
ENT-00918,CPT-00507,12,27000.0,2025-08-01 18:32:51,2026-07-02 09:08:48,32.1,outbound,1
ENT-01407,CPT-05072,1,22504.67,2026-07-20 09:38:59,2026-07-20 09:38:59,32.1,inbound,31
ENT-01358,CPT-03359,3,22297.88,2025-11-04 13:42:33,2026-07-23 09:44:43,32.1,outbound,9
ENT-01280,CPT-00628,4,20571.27,2025-09-18 11:13:14,2026-05-18 10:06:11,32.1,inbound,1
ENT-00289,CPT-00196,9,17325.0,2025-08-01 19:24:35,2026-07-01 20:46:27,32.1,outbound,1
ENT-01454,CPT-04962,1,16260.07,2025-11-20 10:12:03,2025-11-20 10:12:03,32.1,inbound,1
ENT-01170,CPT-05414,2,15645.37,2025-09-23 17:36:15,2026-05-19 17:08:57,32.1,inbound,22
ENT-01092,CPT-01112,2,15502.82,2026-02-26 16:44:18,2026-04-06 14:54:58,32.1,inbound,49
ENT-01282,CPT-03480,4,15136.5,2025-10-23 09:03:00,2026-02-16 16:23:58,32.1,outbound,2
ENT-01323,CPT-04720,5,12892.11,2025-09-05 13:07:16,2026-06-25 11:49:07,32.1,inbound,5
ENT-01058,CPT-04787,5,12822.65,2025-10-06 09:56:50,2026-07-02 15:12:39,32.1,inbound,1
ENT-01200,CPT-03495,4,11626.45,2025-09-25 17:35:49,2026-07-07 11:55:58,32.1,outbound,3
ENT-01128,CPT-02695,2,10690.99,2025-09-22 15:55:21,2026-07-28 14:43:45,32.1,outbound,166
ENT-01261,CPT-05182,5,9227.81,2025-09-02 11:34:00,2026-05-10 11:17:38,32.1,inbound,5
ENT-01126,CPT-02810,1,8088.63,2026-05-14 14:58:41,2026-05-14 14:58:41,32.1,outbound,1
ENT-01217,CPT-04408,2,7571.57,2025-08-25 14:25:21,2026-03-11 11:43:15,32.1,inbound,4
ENT-01335,CPT-04676,2,7293.56,2025-08-05 15:55:32,2026-06-19 10:18:36,32.1,inbound,5
ENT-01380,CPT-01112,5,7238.54,2025-11-02 16:41:18,2026-07-07 17:04:21,32.1,inbound,49
ENT-01200,CPT-02695,4,5876.32,2026-02-03 13:15:31,2026-05-21 17:48:47,32.1,outbound,166
ENT-01142,CPT-01919,3,5548.31,2025-10-23 14:44:05,2026-05-08 12:57:09,32.1,inbound,2
ENT-01428,CPT-03534,2,5077.05,2025-11-25 15:33:22,2026-05-26 11:01:25,32.1,outbound,30
ENT-01200,CPT-02416,4,4803.14,2026-02-03 13:20:52,2026-07-07 11:40:33,32.1,outbound,4
ENT-01097,CPT-03359,1,4235.3,2026-03-06 09:22:22,2026-03-06 09:22:22,32.1,outbound,9
ENT-01281,CPT-03773,2,3476.46,2025-10-13 11:07:43,2026-07-20 15:16:18,32.1,inbound,2
ENT-00577,CPT-00808,9,2687.06,2025-09-15 12:49:28,2026-07-26 18:49:25,32.1,inbound;outbound,2
ENT-01218,CPT-02500,2,1694.77,2025-08-06 10:52:05,2026-01-23 13:09:39,32.1,outbound,60
ENT-01178,CPT-02756,2,1626.82,2025-12-25 10:10:23,2026-06-02 13:13:59,32.1,outbound,17
ENT-01379,CPT-04874,1,1362.46,2025-09-26 11:04:38,2025-09-26 11:04:38,32.1,inbound,1
ENT-01153,CPT-01723,2,1358.59,2025-10-13 17:01:07,2026-07-19 11:37:44,32.1,inbound,3
ENT-01212,CPT-04468,2,1346.23,2025-08-20 14:50:11,2026-05-09 16:50:20,32.1,inbound,5
ENT-00246,CPT-02207,5,721.48,2025-09-01 21:25:03,2026-05-28 22:44:28,32.1,inbound,1
ENT-01069,CPT-01225,2,696.45,2025-08-04 13:39:23,2026-01-30 14:54:13,32.1,inbound,2
ENT-00675,CPT-02376,4,655.15,2025-08-11 18:32:59,2026-06-29 13:47:26,32.1,inbound;outbound,4
ENT-00505,CPT-01683,5,621.25,2025-09-24 11:50:26,2026-05-21 10:49:40,32.1,inbound;outbound,13
ENT-01342,CPT-02864,1,599.49,2025-08-12 13:32:01,2025-08-12 13:32:01,32.1,outbound,10
ENT-00227,CPT-00822,1,380.32,2026-07-11 18:48:59,2026-07-11 18:48:59,32.1,outbound,5
ENT-01462,CPT-04299,6,41115.6,2025-10-28 15:34:56,2026-06-29 10:50:36,32.0,inbound,44
ENT-01136,CPT-03882,2,27150.02,2025-09-19 11:28:13,2026-07-29 10:01:47,32.0,inbound,4
ENT-01280,CPT-03399,7,26675.45,2025-08-01 12:19:41,2026-06-17 15:00:15,32.0,outbound,12
ENT-01434,CPT-04208,4,22492.14,2025-08-26 11:05:10,2026-07-21 16:51:20,32.0,inbound,2
ENT-01226,CPT-03695,4,20872.0,2025-11-03 13:26:07,2026-03-04 13:02:04,32.0,inbound,12
ENT-01062,CPT-01206,3,20677.59,2025-10-21 13:43:21,2026-07-16 17:23:27,32.0,inbound,6
ENT-01323,CPT-03764,8,19953.76,2025-08-15 10:04:20,2026-04-24 13:19:51,32.0,inbound,2
ENT-01498,CPT-01853,7,19063.72,2025-09-01 14:47:36,2026-05-23 09:50:51,32.0,inbound,2
ENT-01069,CPT-04324,2,18450.23,2025-10-30 17:02:25,2026-05-05 17:55:26,32.0,inbound,71
ENT-01093,CPT-05626,2,16495.87,2025-10-06 14:18:42,2025-11-14 15:33:07,32.0,inbound,2
ENT-01184,CPT-01461,4,15469.3,2025-08-04 14:24:15,2026-02-24 13:46:43,32.0,inbound,3
ENT-01486,CPT-02622,4,14390.08,2025-09-02 17:35:04,2026-07-07 12:49:39,32.0,outbound,3
ENT-01312,CPT-01720,4,14153.46,2025-12-16 11:42:40,2026-02-11 10:25:28,32.0,inbound,2
ENT-01289,CPT-05527,2,12672.2,2025-10-23 09:11:39,2025-11-21 15:57:35,32.0,inbound,4
ENT-01201,CPT-02011,4,12025.79,2025-09-02 12:03:55,2025-12-01 11:36:53,32.0,inbound,1
ENT-01389,CPT-04299,2,11634.97,2026-02-05 17:49:39,2026-04-21 09:08:13,32.0,inbound,44
ENT-01289,CPT-01822,3,10847.42,2025-09-26 13:40:54,2026-02-05 13:38:10,32.0,inbound,1
ENT-01120,CPT-04379,1,10836.03,2026-04-27 14:28:08,2026-04-27 14:28:08,32.0,inbound,2
ENT-01185,CPT-03436,4,10651.27,2025-09-03 13:04:50,2026-03-30 14:02:20,32.0,outbound,1
ENT-01360,CPT-02447,4,10378.48,2025-11-17 10:55:52,2026-06-04 10:38:05,32.0,outbound,3
ENT-01261,CPT-04033,3,8811.07,2025-08-01 12:20:59,2025-11-24 09:07:45,32.0,inbound,6
ENT-01186,CPT-00797,3,6936.45,2025-08-22 17:33:38,2026-05-26 14:14:07,32.0,inbound,2
ENT-01346,CPT-03086,5,6473.19,2026-01-15 16:13:04,2026-07-16 11:11:17,32.0,outbound,10
ENT-01146,CPT-03552,6,5832.69,2025-11-25 15:40:57,2026-07-30 18:34:52,32.0,outbound,3
ENT-01408,CPT-03342,4,5770.41,2025-11-13 11:31:33,2026-06-18 12:54:14,32.0,outbound,14
ENT-01347,CPT-05078,2,5693.88,2025-08-01 17:50:28,2025-12-29 10:42:36,32.0,inbound,49
ENT-00447,CPT-01877,3,4568.0,2025-10-01 10:13:16,2026-04-15 14:15:19,32.0,inbound;outbound,1
ENT-01125,CPT-02954,3,4525.23,2025-12-02 11:42:12,2026-07-23 15:43:15,32.0,outbound,1
ENT-01088,CPT-05432,3,4356.89,2025-11-12 15:01:08,2026-03-07 17:55:19,32.0,inbound,1
ENT-01416,CPT-03002,2,3930.35,2025-11-19 15:21:38,2025-12-23 17:30:01,32.0,outbound,5
ENT-01083,CPT-04882,3,3919.13,2025-11-04 10:52:09,2026-03-12 15:55:26,32.0,inbound,3
ENT-01153,CPT-01460,3,3641.28,2025-10-11 12:04:46,2026-02-25 11:19:44,32.0,inbound,2
ENT-01178,CPT-04730,1,3004.12,2025-12-11 12:29:18,2025-12-11 12:29:18,32.0,inbound,2
ENT-01092,CPT-03068,2,1473.8,2026-05-05 11:41:49,2026-06-04 12:59:37,32.0,outbound,22
ENT-00522,CPT-00735,4,677.94,2025-08-21 19:06:39,2026-07-20 22:23:49,32.0,inbound;outbound,14
ENT-01377,CPT-02441,1,423.13,2025-09-09 10:40:30,2025-09-09 10:40:30,32.0,outbound,2
ENT-01072,CPT-02500,1,292.06,2025-09-22 12:43:50,2025-09-22 12:43:50,32.0,outbound,60
ENT-01071,CPT-03433,1,131.27,2025-08-08 15:25:56,2025-08-08 15:25:56,32.0,outbound,1
ENT-01378,CPT-02312,2,27400.67,2026-05-12 10:38:41,2026-06-16 14:59:24,31.9,inbound,10
ENT-01328,CPT-05031,3,19246.8,2025-09-17 13:00:33,2026-04-22 16:29:14,31.9,inbound,5
ENT-01277,CPT-00602,3,19074.19,2025-08-22 15:56:02,2026-06-08 17:47:06,31.9,inbound,1
ENT-00917,CPT-00473,12,17400.0,2025-08-01 15:48:28,2026-07-02 17:18:55,31.9,outbound,2
ENT-01367,CPT-02692,6,14329.51,2025-12-11 10:10:59,2026-07-21 11:27:08,31.9,outbound,19
ENT-01150,CPT-05515,5,12762.19,2025-08-19 13:13:07,2026-05-18 11:14:28,31.9,inbound,1
ENT-01241,CPT-05935,3,10585.68,2025-08-05 14:12:05,2026-04-06 17:26:34,31.9,inbound,2
ENT-01055,CPT-05534,2,9882.06,2025-08-26 12:54:58,2026-01-15 09:50:00,31.9,inbound,1
ENT-01292,CPT-01079,2,9790.17,2025-09-15 13:38:08,2026-02-06 15:20:58,31.9,inbound,4
ENT-01414,CPT-04826,2,9603.19,2025-12-09 11:32:49,2026-06-03 11:23:37,31.9,inbound,1
ENT-01381,CPT-03575,3,7100.7,2025-11-05 13:10:03,2026-06-18 17:56:51,31.9,outbound,1
ENT-01096,CPT-02498,1,7096.63,2026-04-22 14:13:55,2026-04-22 14:13:55,31.9,outbound,45
ENT-01177,CPT-03138,3,6968.22,2025-08-04 15:33:52,2026-04-24 17:17:52,31.9,outbound,1
ENT-01226,CPT-02712,2,6749.74,2026-01-01 14:20:01,2026-05-05 18:21:15,31.9,outbound,4
ENT-01462,CPT-02414,2,5208.17,2025-08-07 10:11:02,2025-12-18 17:46:03,31.9,outbound,22
ENT-01265,CPT-03170,3,3457.55,2025-09-18 10:21:30,2026-07-30 15:16:43,31.9,outbound,10
ENT-01446,CPT-02887,1,3154.83,2026-06-09 10:40:38,2026-06-09 10:40:38,31.9,outbound,15
ENT-01231,CPT-05814,4,3109.26,2025-10-10 14:32:39,2026-06-19 16:15:59,31.9,inbound,3
ENT-01131,CPT-05421,1,3100.6,2025-08-22 13:38:51,2025-08-22 13:38:51,31.9,inbound,1
ENT-01282,CPT-02936,2,2304.81,2025-08-25 11:17:57,2026-05-07 14:44:24,31.9,outbound,1
ENT-01212,CPT-03832,2,2012.94,2026-07-22 10:56:19,2026-07-26 14:48:49,31.9,inbound,3
ENT-01492,CPT-02639,1,417.31,2025-11-11 11:41:34,2025-11-11 11:41:34,31.9,outbound,1
ENT-01125,CPT-03933,3,33879.05,2025-08-05 10:19:55,2026-06-08 09:07:53,31.8,inbound,15
ENT-01060,CPT-04500,2,30997.49,2026-05-29 15:56:05,2026-06-26 10:25:20,31.8,inbound,3
ENT-01237,CPT-01788,1,26713.25,2025-11-20 12:10:22,2025-11-20 12:10:22,31.8,inbound,4
ENT-01389,CPT-05492,5,24258.83,2025-08-08 12:39:10,2026-06-29 10:47:01,31.8,inbound,2
ENT-01164,CPT-01331,6,21053.94,2025-09-19 10:15:44,2026-04-15 12:05:10,31.8,inbound,3
ENT-01225,CPT-04948,2,20853.1,2026-03-09 11:35:36,2026-05-15 14:34:34,31.8,inbound,1
ENT-01173,CPT-03139,3,19608.21,2026-01-06 09:04:54,2026-07-10 12:23:29,31.8,outbound,21
ENT-01095,CPT-03206,1,19302.4,2026-03-24 15:02:05,2026-03-24 15:02:05,31.8,outbound,38
ENT-01484,CPT-02311,2,17370.53,2026-04-28 10:04:23,2026-06-16 11:44:10,31.8,inbound,1
ENT-01220,CPT-04659,3,16782.62,2025-12-10 15:05:56,2026-06-29 09:22:29,31.8,inbound,1
ENT-01055,CPT-02820,7,15675.65,2026-01-15 13:59:30,2026-03-12 12:15:13,31.8,outbound,2
ENT-01151,CPT-03248,4,14784.48,2025-08-14 11:06:39,2026-06-04 13:55:56,31.8,outbound,12
ENT-01120,CPT-00646,2,14279.07,2025-12-08 13:06:10,2026-06-15 15:28:20,31.8,inbound,7
ENT-01171,CPT-04053,2,13006.28,2025-08-01 13:01:11,2025-12-01 16:30:23,31.8,inbound,2
ENT-01379,CPT-05656,1,12735.54,2025-10-17 15:45:43,2025-10-17 15:45:43,31.8,inbound,1
ENT-01170,CPT-05039,1,12319.56,2026-05-20 16:43:15,2026-05-20 16:43:15,31.8,inbound,17
ENT-01345,CPT-05017,2,11752.85,2025-10-15 09:26:27,2026-04-06 14:45:50,31.8,inbound,64
ENT-01088,CPT-02548,5,11421.08,2025-11-28 12:35:10,2026-07-30 12:55:41,31.8,outbound,4
ENT-01472,CPT-02771,7,10366.81,2025-09-16 15:41:37,2026-05-14 15:43:39,31.8,outbound,25
ENT-01454,CPT-02870,6,10023.91,2025-09-02 14:05:58,2026-07-30 18:31:37,31.8,outbound,54
ENT-01231,CPT-05572,3,9005.48,2026-03-16 09:48:30,2026-07-23 11:05:50,31.8,inbound,4
ENT-01051,CPT-02507,2,8872.14,2026-05-26 13:41:41,2026-05-26 13:54:47,31.8,outbound,5
ENT-01062,CPT-04832,3,8759.41,2026-01-07 09:23:40,2026-07-16 17:52:20,31.8,inbound,25
ENT-01317,CPT-02695,2,8570.56,2026-02-03 13:17:09,2026-03-16 11:25:58,31.8,outbound,166
ENT-01332,CPT-02858,2,8107.93,2025-08-11 11:31:26,2026-06-03 09:39:21,31.8,outbound,6
ENT-01186,CPT-00892,2,7768.47,2026-03-17 17:11:28,2026-04-06 10:03:38,31.8,inbound,1
ENT-01150,CPT-04755,6,6948.97,2025-09-12 13:17:12,2026-07-24 12:37:11,31.8,inbound,1
ENT-01164,CPT-03387,3,6937.89,2025-09-26 14:42:47,2026-07-08 11:30:21,31.8,outbound,1
ENT-01122,CPT-01607,2,6474.14,2025-08-08 17:27:57,2026-07-24 12:02:41,31.8,inbound,4
ENT-01101,CPT-03104,4,5157.8,2026-04-22 09:57:00,2026-06-29 12:01:43,31.8,outbound,12
ENT-01454,CPT-02500,3,4598.34,2025-09-02 15:02:16,2026-03-26 13:05:01,31.8,outbound,60
ENT-01178,CPT-03068,3,4268.94,2025-10-21 10:26:18,2026-07-30 14:34:48,31.8,outbound,22
ENT-01455,CPT-01927,3,2807.59,2025-11-23 13:39:20,2026-01-24 14:24:30,31.8,inbound,18
ENT-01217,CPT-04608,3,2712.85,2025-08-28 10:28:50,2025-10-21 15:46:14,31.8,inbound,1
ENT-01211,CPT-01742,2,2401.89,2026-03-23 11:12:50,2026-04-16 10:21:59,31.8,inbound,27
ENT-01424,CPT-03150,2,1619.49,2026-03-03 11:40:57,2026-03-03 11:55:23,31.8,outbound,3
ENT-00549,CPT-04185,1,901.47,2025-08-15 17:07:04,2025-08-15 17:07:04,31.8,outbound,3
ENT-01375,CPT-02719,1,808.92,2026-06-04 13:07:14,2026-06-04 13:07:14,31.8,outbound,2
ENT-00876,CPT-00801,1,594.23,2026-06-06 22:04:50,2026-06-06 22:04:50,31.8,outbound,1
ENT-01114,CPT-03307,1,555.42,2025-11-28 15:47:11,2025-11-28 15:47:11,31.8,outbound,7
ENT-01370,CPT-02414,1,500.0,2026-03-10 13:02:10,2026-03-10 13:02:10,31.8,outbound,22
ENT-00125,CPT-04324,1,55.82,2026-06-25 20:08:52,2026-06-25 20:08:52,31.8,outbound,71
ENT-01319,CPT-05411,3,48413.84,2025-09-24 13:44:30,2026-05-21 14:55:28,31.7,inbound,3
ENT-01385,CPT-05624,2,32195.86,2025-09-01 10:30:38,2025-09-29 10:22:00,31.7,inbound,4
ENT-01387,CPT-04334,1,29181.34,2026-05-13 13:10:04,2026-05-13 13:10:04,31.7,inbound,4
ENT-01452,CPT-01066,1,28313.96,2025-12-04 11:04:59,2025-12-04 11:04:59,31.7,inbound,1
ENT-01483,CPT-04324,3,28057.41,2026-03-30 16:01:39,2026-07-06 10:12:35,31.7,inbound,71
ENT-01108,CPT-04114,3,27952.49,2025-08-19 17:34:52,2026-01-20 17:09:46,31.7,inbound,19
ENT-01179,CPT-04564,8,23378.45,2025-11-26 09:58:05,2026-06-12 15:20:01,31.7,inbound,5
ENT-01206,CPT-04634,7,18331.34,2025-09-09 15:02:37,2026-05-10 09:43:12,31.7,inbound,2
ENT-01360,CPT-03725,2,16624.4,2025-11-17 09:52:02,2026-04-01 17:39:35,31.7,inbound,2
ENT-01333,CPT-05344,3,9492.85,2025-08-07 14:30:40,2026-06-03 14:05:02,31.7,inbound,4
ENT-01455,CPT-05357,5,8776.02,2025-10-23 15:23:21,2026-04-08 17:17:30,31.7,inbound,5
ENT-01142,CPT-02202,5,6550.45,2025-09-15 11:34:31,2026-03-25 09:41:52,31.7,inbound,9
ENT-01467,CPT-04450,1,6482.86,2026-06-02 14:39:43,2026-06-02 14:39:43,31.7,inbound,5
ENT-01216,CPT-02962,3,5006.5,2026-02-16 13:53:24,2026-05-01 10:26:35,31.7,outbound,6
ENT-01326,CPT-02870,1,4969.57,2026-01-19 15:26:59,2026-01-19 15:26:59,31.7,outbound,54
ENT-01232,CPT-02980,2,4941.79,2025-08-04 14:01:57,2026-05-04 09:49:40,31.7,outbound,2
ENT-01245,CPT-04400,2,4919.25,2025-12-10 11:05:11,2026-02-03 17:21:07,31.7,inbound,11
ENT-01061,CPT-01487,3,4708.49,2026-02-13 15:57:31,2026-05-22 11:58:17,31.7,inbound,9
ENT-01093,CPT-03672,2,3733.0,2026-01-13 12:58:38,2026-05-05 17:18:47,31.7,inbound,6
ENT-01266,CPT-05691,1,3647.81,2025-10-15 15:01:19,2025-10-15 15:01:19,31.7,inbound,9
ENT-01331,CPT-05078,2,1800.16,2025-12-07 10:02:43,2026-05-19 09:23:12,31.7,inbound,49
ENT-01486,CPT-04813,1,1082.51,2026-06-02 14:45:09,2026-06-02 14:45:09,31.7,inbound,1
ENT-00797,CPT-00636,1,478.01,2026-02-13 16:06:20,2026-02-13 16:06:20,31.7,inbound,1
ENT-01239,CPT-02870,1,458.49,2025-08-01 10:40:48,2025-08-01 10:40:48,31.7,outbound,54
ENT-01059,CPT-05780,1,391.19,2026-01-08 17:27:54,2026-01-08 17:27:54,31.7,inbound,2
ENT-01403,CPT-04331,3,31184.08,2025-08-22 13:31:48,2026-06-08 09:04:41,31.6,inbound,4
ENT-01211,CPT-03297,4,20170.64,2025-12-02 12:21:14,2026-07-28 13:50:12,31.6,outbound,110
ENT-01093,CPT-02540,6,19056.56,2025-10-21 14:14:41,2026-06-02 16:28:53,31.6,outbound,5
ENT-01483,CPT-01192,3,19024.46,2025-09-10 10:31:34,2026-04-13 15:31:28,31.6,inbound,3
ENT-00248,CPT-00063,12,18674.25,2025-08-15 09:57:33,2026-07-31 09:35:22,31.6,inbound,1
ENT-01120,CPT-05086,2,15922.05,2025-10-15 17:49:51,2026-06-04 14:41:12,31.6,inbound,15
ENT-01067,CPT-03919,4,14883.86,2025-10-29 11:33:30,2026-07-27 09:07:25,31.6,inbound,5
ENT-01377,CPT-03555,2,12222.1,2025-09-09 10:46:07,2025-11-25 17:34:54,31.6,outbound,10
ENT-01377,CPT-03163,4,10158.99,2025-09-09 10:31:27,2025-12-04 15:24:07,31.6,outbound,3
ENT-01245,CPT-04967,1,8927.73,2025-12-16 14:29:27,2025-12-16 14:29:27,31.6,inbound,3
ENT-01170,CPT-01285,1,5723.93,2026-01-14 09:56:30,2026-01-14 09:56:30,31.6,inbound,25
ENT-01371,CPT-03297,3,5517.1,2025-08-20 10:42:52,2026-07-13 17:09:01,31.6,outbound,110
ENT-01441,CPT-02984,3,3228.94,2025-09-04 15:51:17,2026-01-20 11:18:58,31.6,outbound,2
ENT-01210,CPT-02787,2,3108.39,2025-10-31 13:41:48,2026-05-13 15:58:10,31.6,outbound,42
ENT-01260,CPT-02902,2,2598.02,2025-08-21 10:34:00,2026-01-27 14:15:07,31.6,outbound,2
ENT-01346,CPT-03937,1,1660.86,2025-08-06 14:23:14,2025-08-06 14:23:14,31.6,inbound,1
ENT-01165,CPT-02758,1,1380.52,2026-05-04 11:38:01,2026-05-04 11:38:01,31.6,outbound,35
ENT-01391,CPT-03399,1,1226.47,2026-03-12 12:41:44,2026-03-12 12:41:44,31.6,outbound,12
ENT-01386,CPT-02455,1,1023.98,2025-08-26 17:17:26,2025-08-26 17:17:26,31.6,outbound,1
ENT-01440,CPT-02414,1,960.59,2025-10-02 17:54:08,2025-10-02 17:54:08,31.6,outbound,22
ENT-00649,CPT-01096,3,538.57,2025-08-30 21:18:17,2026-02-09 14:50:03,31.6,outbound,17
ENT-01448,CPT-04275,5,51223.19,2025-10-06 17:56:14,2026-04-27 10:47:23,31.5,inbound,4
ENT-01320,CPT-01487,3,43456.96,2026-02-18 16:59:22,2026-04-30 14:35:43,31.5,inbound,9
ENT-01137,CPT-05851,3,31904.67,2025-09-04 11:08:35,2025-10-09 17:29:42,31.5,inbound,7
ENT-01189,CPT-04661,2,24791.43,2025-11-11 14:39:46,2026-07-13 14:56:37,31.5,inbound,26
ENT-01478,CPT-03700,4,20241.93,2025-09-25 10:26:34,2026-05-15 10:52:38,31.5,inbound,2
ENT-00855,CPT-01629,4,16168.57,2025-10-01 13:05:53,2026-07-22 12:36:55,31.5,inbound,2
ENT-01363,CPT-05714,4,15666.39,2025-10-02 11:43:58,2026-05-28 17:07:10,31.5,inbound,1
ENT-01178,CPT-03729,3,15366.42,2026-01-14 17:29:40,2026-06-12 16:13:52,31.5,inbound,69
ENT-01155,CPT-03403,2,13815.45,2025-12-10 09:24:13,2026-01-22 14:11:28,31.5,outbound,3
ENT-01193,CPT-02852,5,12875.38,2025-09-26 15:32:00,2026-02-19 17:40:09,31.5,outbound,13
ENT-01162,CPT-04324,6,11508.82,2025-11-14 17:52:46,2026-04-26 11:29:14,31.5,inbound,71
ENT-01058,CPT-05198,3,10722.1,2025-08-04 17:40:45,2025-12-24 10:15:52,31.5,inbound,6
ENT-01135,CPT-00770,2,8379.02,2025-11-17 12:22:11,2025-11-18 16:19:49,31.5,inbound,5
ENT-01138,CPT-03514,2,8082.64,2025-10-03 10:58:49,2025-12-23 16:42:02,31.5,outbound,3
ENT-01449,CPT-04533,3,6874.91,2025-08-01 16:23:08,2026-03-12 17:35:46,31.5,inbound,4
ENT-01088,CPT-04445,3,6769.3,2025-12-29 16:36:40,2026-07-05 15:09:29,31.5,inbound,4
ENT-01205,CPT-00719,3,6105.14,2025-08-19 11:57:36,2026-04-21 14:55:28,31.5,inbound,3
ENT-01371,CPT-01613,4,5868.65,2026-01-20 11:50:43,2026-07-23 10:33:11,31.5,inbound,2
ENT-01367,CPT-02690,5,5260.85,2025-12-11 10:43:06,2026-03-19 13:27:18,31.5,outbound,6
ENT-01389,CPT-05107,1,4757.55,2025-08-07 11:18:55,2025-08-07 11:18:55,31.5,inbound,15
ENT-01170,CPT-03093,4,4568.36,2025-11-06 10:03:44,2026-07-09 13:47:06,31.5,outbound,1
ENT-01162,CPT-03728,2,4534.85,2025-10-05 14:20:01,2026-07-21 15:17:48,31.5,inbound,8
ENT-01173,CPT-03517,3,4460.6,2026-02-18 11:56:06,2026-05-20 09:10:43,31.5,outbound,2
ENT-01455,CPT-03756,2,3130.2,2025-08-07 17:12:34,2026-01-24 11:11:55,31.5,inbound,6
ENT-01153,CPT-03585,2,2886.53,2025-08-13 12:16:51,2025-11-17 16:49:50,31.5,outbound,2
ENT-01176,CPT-04799,1,2624.15,2025-08-28 11:50:17,2025-08-28 11:50:17,31.5,inbound,1
ENT-01319,CPT-02907,2,2145.45,2025-09-09 10:48:46,2026-04-13 12:40:43,31.5,outbound,4
ENT-01200,CPT-03534,1,1966.18,2026-04-23 11:22:12,2026-04-23 11:22:12,31.5,outbound,30
ENT-01260,CPT-02565,2,1520.09,2026-01-27 14:16:31,2026-01-27 14:43:09,31.5,outbound,2
ENT-00855,CPT-04425,1,1379.79,2025-11-03 15:39:33,2025-11-03 15:39:33,31.5,outbound,18
ENT-01500,CPT-02181,1,1256.6,2025-08-11 13:54:47,2025-08-11 13:54:47,31.5,inbound,31
ENT-01232,CPT-05327,1,832.58,2026-01-10 12:30:53,2026-01-10 12:30:53,31.5,inbound,2
ENT-01370,CPT-02864,1,497.1,2025-11-06 14:39:10,2025-11-06 14:39:10,31.5,outbound,10
ENT-00731,CPT-03729,3,316.31,2025-08-14 16:57:24,2025-12-28 17:57:29,31.5,outbound,69
ENT-00821,CPT-01178,1,67.48,2025-10-19 14:12:55,2025-10-19 14:12:55,31.5,outbound,2
ENT-01389,CPT-03702,7,42904.21,2025-09-03 11:58:55,2026-06-15 13:58:25,31.4,inbound,7
ENT-01342,CPT-03521,1,27729.53,2026-07-17 12:49:59,2026-07-17 12:49:59,31.4,outbound,7
ENT-01140,CPT-04641,2,21541.85,2025-08-14 16:22:56,2025-09-01 12:27:59,31.4,inbound,2
ENT-01142,CPT-05017,6,16722.42,2025-09-01 09:55:41,2026-04-24 11:08:08,31.4,inbound,64
ENT-01379,CPT-00860,2,15542.84,2025-10-23 12:24:17,2026-01-20 15:46:14,31.4,inbound,16
ENT-01301,CPT-02695,3,13053.92,2025-10-01 13:55:59,2026-01-16 09:19:24,31.4,outbound,166
ENT-01271,CPT-03128,3,13027.73,2025-11-24 13:55:37,2026-07-21 11:48:48,31.4,outbound,10
ENT-00500,CPT-02357,4,11354.39,2025-08-07 10:20:57,2026-07-02 19:38:08,31.4,inbound;outbound,4
ENT-01217,CPT-01274,7,11205.76,2025-08-08 11:28:44,2026-06-22 11:54:22,31.4,inbound,2
ENT-01266,CPT-04678,2,10371.56,2025-08-08 14:54:33,2025-12-17 10:00:47,31.4,inbound,8
ENT-01226,CPT-03106,4,8645.92,2025-10-02 13:28:53,2026-02-03 16:20:32,31.4,outbound,6
ENT-01382,CPT-02493,2,7976.56,2025-10-15 12:00:58,2025-11-04 15:34:49,31.4,outbound,101
ENT-01454,CPT-03388,2,7533.13,2026-03-26 12:52:33,2026-07-30 18:31:50,31.4,outbound,1
ENT-01492,CPT-02852,1,6492.91,2025-08-19 17:29:15,2025-08-19 17:29:15,31.4,outbound,13
ENT-01072,CPT-02771,2,5513.32,2025-09-19 17:23:21,2026-02-23 11:43:11,31.4,outbound,25
ENT-01455,CPT-04098,3,5273.84,2025-08-08 10:46:27,2026-07-25 11:18:44,31.4,inbound,1
ENT-01377,CPT-01927,2,4949.32,2025-10-01 17:56:42,2026-01-13 13:18:36,31.4,inbound,18
ENT-01101,CPT-02498,2,4045.04,2025-12-16 09:39:51,2026-04-24 11:39:17,31.4,outbound,45
ENT-01293,CPT-02507,3,3651.27,2025-09-04 09:43:02,2026-01-22 09:20:37,31.4,outbound,5
ENT-00522,CPT-01026,4,2744.85,2025-11-21 20:39:07,2026-07-20 10:35:26,31.4,inbound,3
ENT-01424,CPT-03981,1,2734.68,2025-11-19 13:00:26,2025-11-19 13:00:26,31.4,inbound,191
ENT-01379,CPT-04303,1,2090.14,2025-10-22 14:57:23,2025-10-22 14:57:23,31.4,inbound,22
ENT-00966,CPT-01456,10,1974.24,2025-08-22 10:38:52,2026-07-19 17:00:39,31.4,inbound;outbound,1
ENT-01124,CPT-03185,1,1954.45,2026-07-24 15:11:43,2026-07-24 15:11:43,31.4,outbound,2
ENT-01389,CPT-03050,2,1528.69,2025-09-03 15:43:56,2026-02-05 11:38:57,31.4,outbound,1
ENT-01130,CPT-04228,2,1282.86,2025-08-14 12:50:25,2025-08-14 17:06:49,31.4,inbound,1
ENT-00471,CPT-00921,7,889.44,2025-09-30 18:51:30,2026-02-20 17:48:59,31.4,inbound,1
ENT-00969,CPT-02312,2,745.28,2026-02-08 08:28:03,2026-06-14 12:58:33,31.4,outbound,10
ENT-00532,CPT-00724,2,266.09,2025-08-28 09:32:01,2026-06-06 18:48:41,31.4,outbound,1
ENT-00868,CPT-05012,1,185.36,2026-05-25 09:32:46,2026-05-25 09:32:46,31.4,outbound,1
ENT-01222,CPT-03958,2,52492.48,2026-01-29 14:59:45,2026-04-08 17:00:34,31.3,inbound,8
ENT-01059,CPT-05517,4,50517.29,2025-11-06 11:07:17,2026-07-08 12:08:40,31.3,inbound,6
ENT-00289,CPT-00016,17,28058.92,2025-08-15 09:42:10,2026-07-31 09:30:59,31.3,inbound,7
ENT-01188,CPT-04019,3,24576.02,2025-09-01 13:30:49,2025-12-12 15:05:54,31.3,inbound,1
ENT-01067,CPT-05954,3,20912.16,2025-12-15 10:08:06,2026-07-27 17:54:29,31.3,inbound,6
ENT-01069,CPT-03636,2,18418.98,2025-09-09 12:09:25,2026-04-27 15:49:47,31.3,inbound,1
ENT-01484,CPT-02312,1,17208.7,2025-10-30 15:58:39,2025-10-30 15:58:39,31.3,inbound,10
ENT-01459,CPT-02929,6,15435.96,2025-12-09 15:30:21,2026-05-28 15:52:21,31.3,outbound,15
ENT-01280,CPT-03888,2,15249.95,2025-08-13 13:30:22,2026-04-29 16:31:12,31.3,inbound,1
ENT-01228,CPT-00829,2,13544.28,2025-09-22 09:33:52,2026-01-20 15:09:15,31.3,inbound,3
ENT-01484,CPT-02557,4,9567.64,2025-09-04 15:35:13,2026-06-09 11:20:39,31.3,outbound,1
ENT-01341,CPT-05687,2,8490.45,2026-05-05 17:36:51,2026-06-14 12:50:27,31.3,inbound,2
ENT-01217,CPT-03780,5,7866.63,2025-10-14 14:19:34,2026-06-11 15:39:42,31.3,inbound,2
ENT-01416,CPT-02418,2,7354.21,2025-09-19 09:12:06,2026-04-17 15:27:41,31.3,outbound,28
ENT-01410,CPT-05017,3,6399.99,2025-12-22 16:59:36,2026-04-30 10:24:39,31.3,inbound,64
ENT-01326,CPT-02937,3,6372.03,2025-09-25 14:57:27,2026-07-28 15:09:20,31.3,outbound,12
ENT-01342,CPT-05068,2,5192.3,2025-08-12 11:59:47,2026-01-15 17:26:59,31.3,inbound,2
ENT-01498,CPT-03981,2,5001.84,2025-10-16 15:58:54,2026-02-13 17:50:57,31.3,inbound,191
ENT-01213,CPT-03104,2,3690.23,2025-09-25 15:11:19,2026-04-15 09:22:46,31.3,outbound,12
ENT-01194,CPT-03442,2,3636.13,2025-12-11 12:16:07,2026-04-14 14:33:38,31.3,outbound,3
ENT-01095,CPT-02486,1,3541.04,2025-11-28 11:06:03,2025-11-28 11:06:03,31.3,outbound,11
ENT-01115,CPT-02399,3,3449.96,2025-08-20 15:17:10,2026-03-26 16:17:39,31.3,outbound,8
ENT-01141,CPT-03731,1,3368.17,2026-07-30 11:35:32,2026-07-30 11:35:32,31.3,inbound,22
ENT-01479,CPT-02937,3,3360.67,2025-08-01 13:14:47,2026-07-03 11:54:44,31.3,outbound,12
ENT-01259,CPT-04134,2,3292.0,2025-09-10 11:45:51,2026-04-02 13:46:54,31.3,inbound,2
ENT-01058,CPT-02161,2,3069.52,2025-10-01 09:21:37,2026-05-27 14:47:08,31.3,inbound,27
ENT-01377,CPT-02493,2,2776.61,2025-10-14 16:15:35,2025-12-04 15:34:21,31.3,outbound,101
ENT-01425,CPT-05355,3,2159.25,2025-08-07 12:24:56,2026-07-24 09:15:16,31.3,inbound,9
ENT-01468,CPT-05254,1,2065.64,2025-08-05 11:32:20,2025-08-05 11:32:20,31.3,inbound,18
ENT-01345,CPT-02695,1,1574.11,2026-03-24 11:26:26,2026-03-24 11:26:26,31.3,outbound,166
ENT-00650,CPT-02248,2,1113.76,2026-07-12 09:44:54,2026-07-25 15:50:12,31.3,outbound,7
ENT-01142,CPT-05059,1,617.75,2025-09-05 17:18:47,2025-09-05 17:18:47,31.3,inbound,5
ENT-01287,CPT-03045,1,529.07,2025-08-26 15:49:39,2025-08-26 15:49:39,31.3,outbound,4
ENT-01246,CPT-02748,1,214.55,2026-06-17 13:12:33,2026-06-17 13:12:33,31.3,outbound,13
ENT-01316,CPT-01683,3,44841.27,2026-05-07 15:59:03,2026-07-17 13:01:54,31.2,inbound,13
ENT-01236,CPT-04379,2,34979.39,2025-10-20 16:01:49,2026-07-27 10:17:38,31.2,inbound,2
ENT-01378,CPT-00855,3,29480.06,2025-12-04 12:51:50,2026-07-17 17:06:12,31.2,inbound,3
ENT-01188,CPT-01618,4,27548.49,2026-02-06 15:25:36,2026-06-19 17:51:54,31.2,inbound,1
ENT-01484,CPT-04661,1,25187.31,2025-10-09 14:36:40,2025-10-09 14:36:40,31.2,inbound,26
ENT-01200,CPT-04869,1,24798.35,2026-06-26 11:21:50,2026-06-26 11:21:50,31.2,inbound,3
ENT-01233,CPT-05641,2,21606.17,2025-12-23 15:50:46,2026-06-29 15:21:33,31.2,inbound,1
ENT-01341,CPT-02695,5,20405.23,2025-08-26 11:19:42,2026-04-21 17:27:14,31.2,outbound,166
ENT-01385,CPT-02202,3,15618.35,2025-09-02 14:50:19,2026-03-31 10:18:23,31.2,inbound,9
ENT-01186,CPT-03306,4,13752.19,2025-09-30 12:52:14,2026-07-23 16:22:23,31.2,outbound,2
ENT-01133,CPT-03163,6,13627.65,2025-08-14 18:00:26,2026-03-12 13:18:01,31.2,outbound,3
ENT-01476,CPT-00858,2,12209.89,2025-11-17 13:10:43,2025-12-10 13:10:58,31.2,inbound,4
ENT-01385,CPT-04674,3,10920.66,2025-12-11 14:21:41,2026-05-20 15:02:57,31.2,inbound,5
ENT-01170,CPT-03399,5,10557.78,2025-08-14 12:04:12,2026-02-26 15:56:59,31.2,outbound,12
ENT-01323,CPT-05450,2,8199.46,2026-05-12 17:28:47,2026-07-28 10:02:28,31.2,inbound,29
ENT-01380,CPT-04860,3,7639.25,2025-11-22 12:02:18,2026-05-21 14:03:07,31.2,inbound,4
ENT-01096,CPT-04008,4,7494.25,2025-12-18 10:27:39,2026-05-23 14:56:36,31.2,inbound,1
ENT-01177,CPT-03729,3,7098.35,2025-08-24 13:22:24,2026-01-06 09:20:50,31.2,inbound,69
ENT-01268,CPT-02701,2,6192.87,2025-08-29 12:13:40,2025-11-24 13:24:43,31.2,outbound,2
ENT-01293,CPT-03733,4,5782.52,2025-08-11 09:27:58,2026-06-02 17:12:56,31.2,inbound,1
ENT-01323,CPT-02717,1,3709.65,2025-08-07 09:49:49,2025-08-07 09:49:49,31.2,outbound,3
ENT-01466,CPT-04981,2,3515.9,2026-01-02 10:04:52,2026-06-24 17:29:24,31.2,inbound,1
ENT-01452,CPT-04676,1,3176.26,2025-09-10 13:07:38,2025-09-10 13:07:38,31.2,inbound,5
ENT-01498,CPT-05824,2,3030.8,2025-10-02 17:02:30,2025-10-19 14:12:07,31.2,inbound,13
ENT-01067,CPT-02687,2,2212.82,2025-10-09 12:03:15,2026-06-23 16:10:26,31.2,outbound,15
ENT-01185,CPT-02693,1,1898.08,2025-10-29 13:11:22,2025-10-29 13:11:22,31.2,outbound,2
ENT-01092,CPT-03358,2,1681.48,2026-05-26 15:44:05,2026-05-26 15:49:28,31.2,outbound,3
ENT-01204,CPT-03428,2,1603.88,2025-09-25 12:29:11,2026-07-30 13:16:11,31.2,outbound,3
ENT-00577,CPT-01175,4,1133.69,2025-09-02 22:38:56,2026-06-16 18:35:51,31.2,inbound;outbound,6
ENT-00474,CPT-04168,3,858.95,2025-08-04 13:43:53,2026-03-31 16:16:24,31.2,outbound,2
ENT-01497,CPT-03139,2,792.21,2025-08-01 15:47:21,2026-02-11 09:44:57,31.2,outbound,21
ENT-00424,CPT-03597,1,719.28,2025-10-08 21:46:08,2025-10-08 21:46:08,31.2,outbound,1
ENT-01042,CPT-01016,1,385.47,2026-07-12 12:01:44,2026-07-12 12:01:44,31.2,outbound,3
ENT-00387,CPT-00042,24,37737.7,2025-08-15 09:51:46,2026-07-31 10:36:34,31.1,inbound,1
ENT-01141,CPT-01397,3,27695.82,2026-01-21 11:45:09,2026-03-16 12:55:20,31.1,inbound,3
ENT-01305,CPT-02692,6,27597.28,2026-01-20 14:44:06,2026-07-09 13:56:46,31.1,outbound,19
ENT-01057,CPT-04543,2,24676.19,2026-01-26 13:42:48,2026-03-10 13:59:00,31.1,inbound,2
ENT-00882,CPT-00103,12,24415.32,2025-08-01 10:49:45,2026-07-01 08:28:42,31.1,inbound,2
ENT-01233,CPT-04961,3,24152.1,2026-02-26 15:01:45,2026-04-15 09:16:07,31.1,inbound,5
ENT-01201,CPT-05689,2,21526.72,2025-09-17 14:51:43,2026-01-27 12:13:00,31.1,inbound,2
ENT-01200,CPT-04964,2,19878.26,2025-09-01 14:09:52,2026-07-17 10:04:40,31.1,inbound,12
ENT-01395,CPT-03230,3,18984.95,2025-08-12 15:38:16,2026-06-08 13:10:46,31.1,outbound,1
ENT-01436,CPT-04678,4,18059.66,2025-08-21 17:36:28,2026-06-04 14:53:02,31.1,inbound,8
ENT-01170,CPT-04016,3,15670.98,2025-11-11 14:01:10,2026-05-25 15:01:38,31.1,inbound,1
ENT-01319,CPT-02306,4,13104.77,2025-09-04 10:30:31,2026-01-28 10:26:31,31.1,inbound,2
ENT-01290,CPT-02683,4,12698.62,2025-08-04 11:35:36,2026-04-06 13:09:00,31.1,outbound,6
ENT-01096,CPT-03729,4,12392.98,2025-11-30 17:33:48,2026-06-10 14:17:36,31.1,inbound,69
ENT-01133,CPT-02431,5,11669.33,2025-08-14 17:41:25,2026-04-02 11:36:53,31.1,outbound,30
ENT-01498,CPT-01106,6,10029.49,2025-11-10 12:46:48,2026-06-08 11:44:33,31.1,inbound,11
ENT-01088,CPT-04972,5,9781.18,2025-09-20 15:36:10,2026-04-05 10:16:57,31.1,inbound,3
ENT-01211,CPT-04807,4,9660.3,2025-08-01 14:11:24,2026-06-11 17:33:23,31.1,inbound,1
ENT-01391,CPT-02418,3,8313.42,2025-08-01 15:42:02,2026-04-03 13:07:01,31.1,outbound,28
ENT-00900,CPT-00918,8,6120.64,2025-08-08 14:37:49,2026-07-14 08:13:23,31.1,inbound;outbound,3
ENT-01427,CPT-01652,6,5572.8,2025-11-08 17:30:00,2026-07-28 10:00:58,31.1,inbound,1
ENT-01397,CPT-02545,2,5565.84,2025-08-01 11:00:05,2026-03-06 13:30:54,31.1,outbound,2
ENT-01088,CPT-04147,2,4364.16,2025-09-20 11:11:49,2026-03-26 14:08:24,31.1,inbound,3
ENT-01436,CPT-04283,2,4110.74,2025-08-12 13:40:46,2026-02-13 17:27:28,31.1,inbound,3
ENT-01363,CPT-03211,2,3935.91,2025-08-12 10:12:12,2026-07-01 09:51:05,31.1,outbound,1
ENT-01432,CPT-04768,1,3587.79,2025-08-11 12:19:37,2025-08-11 12:19:37,31.1,inbound,4
ENT-01414,CPT-05604,1,3534.94,2025-10-02 14:51:40,2025-10-02 14:51:40,31.1,inbound,2
ENT-01088,CPT-01383,1,3344.48,2025-12-08 11:30:52,2025-12-08 11:30:52,31.1,inbound,13
ENT-01126,CPT-03298,2,2850.91,2026-04-28 14:36:34,2026-06-16 11:44:53,31.1,outbound,3
ENT-01201,CPT-03297,2,2057.18,2026-01-01 15:38:21,2026-01-01 16:23:13,31.1,outbound,110
ENT-01462,CPT-04834,1,1452.35,2026-02-26 12:06:08,2026-02-26 12:06:08,31.1,inbound,1
ENT-01071,CPT-04330,2,1279.24,2026-04-09 11:17:37,2026-07-26 14:50:45,31.1,inbound,6
ENT-00982,CPT-04033,1,1107.49,2025-10-31 12:41:19,2025-10-31 12:41:19,31.1,inbound,6
ENT-01183,CPT-05017,1,822.8,2026-07-03 13:42:47,2026-07-03 13:42:47,31.1,inbound,64
ENT-01197,CPT-03980,1,591.85,2026-05-31 17:20:59,2026-05-31 17:20:59,31.1,inbound,32
ENT-00969,CPT-01765,3,538.41,2025-08-11 09:12:59,2026-03-20 17:26:23,31.1,outbound,1
ENT-01311,CPT-02929,4,20515.09,2025-12-04 14:30:55,2026-07-07 18:20:41,31.0,outbound,15
ENT-01133,CPT-03248,5,20102.27,2025-12-02 10:19:22,2026-04-02 11:38:46,31.0,outbound,12
ENT-01389,CPT-00932,4,17874.6,2025-08-12 17:44:56,2026-06-11 14:24:57,31.0,inbound,6
ENT-01167,CPT-00675,2,17017.87,2025-08-14 13:35:26,2026-05-26 11:16:14,31.0,inbound,4
ENT-01169,CPT-01695,5,16788.96,2025-08-04 15:22:36,2026-07-15 10:15:23,31.0,inbound,3
ENT-01423,CPT-04440,2,16557.47,2025-08-15 13:44:31,2025-10-15 12:20:40,31.0,inbound,1
ENT-01262,CPT-04832,5,16430.18,2025-10-19 17:37:46,2026-07-24 14:41:19,31.0,inbound,25
ENT-01217,CPT-00778,8,16274.4,2025-10-01 13:33:41,2026-05-21 12:43:45,31.0,inbound,3
ENT-01200,CPT-05653,1,16208.26,2026-04-01 17:29:56,2026-04-01 17:29:56,31.0,inbound,2
ENT-01206,CPT-04290,4,15750.27,2025-08-01 09:35:00,2026-03-25 09:27:49,31.0,inbound,7
ENT-01335,CPT-01047,1,15736.55,2026-01-30 12:48:54,2026-01-30 12:48:54,31.0,inbound,9
ENT-01277,CPT-01838,3,14047.98,2025-08-25 13:09:22,2026-03-13 11:04:08,31.0,inbound,24
ENT-01092,CPT-05259,2,12847.04,2025-10-03 13:53:46,2026-05-20 12:33:37,31.0,inbound,16
ENT-01367,CPT-03390,4,12529.24,2025-11-25 16:38:33,2026-03-26 16:21:51,31.0,outbound,8
ENT-01255,CPT-02817,3,9994.91,2025-08-11 14:35:57,2026-06-10 14:56:03,31.0,outbound,7
ENT-01150,CPT-05047,4,9364.73,2025-12-18 13:06:09,2026-07-13 13:51:27,31.0,inbound,2
ENT-01178,CPT-02462,3,9033.43,2025-12-25 10:17:39,2026-05-07 18:24:52,31.0,outbound,4
ENT-01432,CPT-03297,3,8896.5,2025-08-15 10:12:02,2026-02-26 17:14:04,31.0,outbound,110
ENT-01196,CPT-01112,1,8855.8,2026-05-06 09:46:09,2026-05-06 09:46:09,31.0,inbound,49
ENT-01196,CPT-02500,3,8776.06,2025-12-11 09:17:36,2026-05-07 11:06:39,31.0,outbound,60
ENT-01114,CPT-02920,3,8181.59,2025-12-18 13:29:58,2026-04-17 11:37:12,31.0,outbound,1
ENT-01500,CPT-02758,2,6604.54,2026-01-14 12:48:26,2026-03-26 17:01:22,31.0,outbound,35
ENT-01371,CPT-03981,2,6272.88,2025-09-11 17:51:10,2025-09-30 14:16:05,31.0,inbound,191
ENT-01060,CPT-02414,3,6243.98,2026-04-02 11:27:48,2026-05-26 17:46:52,31.0,outbound,22
ENT-01331,CPT-05433,2,5973.68,2025-09-19 14:36:53,2026-05-17 10:56:48,31.0,inbound,2
ENT-01266,CPT-04038,1,5822.2,2026-07-28 16:18:47,2026-07-28 16:18:47,31.0,inbound,3
ENT-01282,CPT-00674,4,5804.51,2025-08-14 16:43:23,2026-04-13 10:45:08,31.0,inbound,2
ENT-01458,CPT-04324,1,5024.61,2025-09-29 13:18:11,2025-09-29 13:18:11,31.0,inbound,71
ENT-01225,CPT-01931,1,3979.62,2026-03-10 14:54:05,2026-03-10 14:54:05,31.0,inbound,1
ENT-01142,CPT-04371,2,3890.57,2025-09-04 17:17:00,2026-05-26 14:49:06,31.0,inbound,19
ENT-01282,CPT-04168,2,3887.8,2026-05-05 10:03:25,2026-06-27 09:51:21,31.0,inbound,2
ENT-01237,CPT-04563,1,3226.49,2025-08-14 10:58:04,2025-08-14 10:58:04,31.0,inbound,1
ENT-01428,CPT-03564,1,3156.91,2025-08-13 11:07:07,2025-08-13 11:07:07,31.0,outbound,2
ENT-01371,CPT-05218,4,2981.79,2025-08-15 15:59:51,2026-03-06 17:28:16,31.0,inbound,2
ENT-01259,CPT-04515,1,2720.79,2025-11-05 15:44:52,2025-11-05 15:44:52,31.0,inbound,3
ENT-01246,CPT-02552,1,2503.32,2026-01-07 12:21:58,2026-01-07 12:21:58,31.0,outbound,6
ENT-00505,CPT-01650,12,1833.16,2025-08-06 16:30:46,2026-07-29 15:50:47,31.0,inbound;outbound,3
ENT-01262,CPT-05430,1,1764.9,2025-09-23 11:44:18,2025-09-23 11:44:18,31.0,inbound,2
ENT-00549,CPT-01711,2,1493.95,2026-02-12 12:14:43,2026-04-17 19:51:33,31.0,outbound,1
ENT-01204,CPT-03577,2,1367.76,2026-01-29 14:38:11,2026-07-30 12:40:04,31.0,outbound,2
ENT-00675,CPT-01071,6,1161.25,2025-10-24 20:33:41,2026-07-03 12:24:50,31.0,inbound;outbound,1
ENT-01282,CPT-05085,1,1037.56,2026-01-04 15:33:04,2026-01-04 15:33:04,31.0,inbound,3
ENT-01057,CPT-01974,1,512.21,2026-04-24 16:01:04,2026-04-24 16:01:04,31.0,inbound,2
ENT-01363,CPT-02553,1,500.0,2026-04-16 13:02:11,2026-04-16 13:02:11,31.0,outbound,6
ENT-01414,CPT-01070,2,35827.01,2025-09-12 16:46:26,2025-09-23 09:02:02,30.9,inbound,3
ENT-01414,CPT-04318,3,19280.08,2025-08-22 15:02:04,2026-04-13 09:02:56,30.9,inbound,7
ENT-01201,CPT-02356,2,19106.5,2025-12-04 09:22:26,2026-06-16 11:14:02,30.9,inbound,2
ENT-01060,CPT-04935,2,15945.02,2025-09-23 14:17:15,2026-02-13 16:23:58,30.9,inbound,7
ENT-00195,CPT-00045,8,15168.87,2025-08-01 09:01:54,2026-07-01 08:57:01,30.9,inbound,1
ENT-01280,CPT-05078,2,14765.94,2026-04-02 11:09:56,2026-05-07 11:05:31,30.9,inbound,49
ENT-01141,CPT-03090,4,9601.28,2025-12-11 11:06:05,2026-04-23 11:20:45,30.9,outbound,1
ENT-01281,CPT-01076,4,9563.28,2026-01-06 14:48:34,2026-04-18 17:01:09,30.9,inbound,1
ENT-01373,CPT-03425,2,8692.72,2026-05-22 17:59:40,2026-06-11 14:44:00,30.9,outbound,1
ENT-01341,CPT-05254,5,7311.01,2025-10-08 17:35:06,2026-06-01 13:33:00,30.9,inbound,18
ENT-01266,CPT-00886,3,6963.82,2025-08-21 09:58:04,2026-03-17 16:58:41,30.9,inbound,2
ENT-01226,CPT-01271,2,6410.5,2025-11-28 11:18:24,2026-03-06 13:07:08,30.9,inbound,3
ENT-01105,CPT-04324,2,5158.31,2026-03-24 14:37:43,2026-04-24 12:26:27,30.9,inbound,71
ENT-01059,CPT-03729,1,5094.68,2026-07-15 15:01:44,2026-07-15 15:01:44,30.9,inbound,69
ENT-01457,CPT-02431,2,5040.91,2025-09-08 17:48:03,2025-09-26 11:41:44,30.9,outbound,30
ENT-01311,CPT-05510,1,4729.66,2026-05-29 17:26:21,2026-05-29 17:26:21,30.9,inbound,3
ENT-01432,CPT-02838,2,4093.7,2025-08-21 09:52:07,2026-01-20 15:11:57,30.9,outbound,5
ENT-00060,CPT-05613,1,3592.75,2025-12-06 19:44:05,2025-12-06 19:44:05,30.9,outbound,7
ENT-01069,CPT-02870,2,3188.09,2026-03-19 12:17:31,2026-04-28 11:06:03,30.9,outbound,54
ENT-01432,CPT-04214,2,2339.19,2025-08-11 17:01:02,2025-12-01 16:30:38,30.9,inbound,7
ENT-01312,CPT-03242,2,1815.58,2025-08-05 09:46:00,2025-08-20 12:34:06,30.9,outbound,34
ENT-01201,CPT-02500,1,1643.37,2026-06-23 18:06:06,2026-06-23 18:06:06,30.9,outbound,60
ENT-01232,CPT-05804,2,1159.62,2025-08-22 09:57:29,2025-10-22 11:28:32,30.9,inbound,1
ENT-01332,CPT-01361,3,30625.14,2025-10-28 15:01:47,2025-12-31 16:41:29,30.8,inbound,1
ENT-01358,CPT-04400,2,30554.02,2025-10-01 12:04:11,2026-05-22 12:24:05,30.8,inbound,11
ENT-01471,CPT-01727,6,28700.48,2025-08-01 12:05:50,2026-07-27 14:21:32,30.8,inbound,12
ENT-01152,CPT-03976,4,25648.92,2025-10-01 16:24:42,2026-07-14 11:16:13,30.8,inbound,3
ENT-01454,CPT-02387,2,24280.12,2025-10-07 13:19:21,2026-05-15 09:22:08,30.8,inbound,1
ENT-00120,CPT-00372,8,21200.0,2025-08-01 17:31:04,2026-07-02 11:38:30,30.8,outbound,1
ENT-01478,CPT-01975,1,17630.72,2026-03-25 12:39:58,2026-03-25 12:39:58,30.8,inbound,1
ENT-01467,CPT-03263,2,16952.91,2025-09-30 13:57:29,2025-09-30 14:02:54,30.8,outbound,1
ENT-01211,CPT-02017,3,16592.39,2025-08-14 13:19:31,2026-07-28 12:57:35,30.8,inbound,2
ENT-01178,CPT-04942,1,13295.36,2025-10-16 09:21:12,2025-10-16 09:21:12,30.8,inbound,36
ENT-01200,CPT-02758,5,12850.88,2025-09-25 16:59:10,2026-06-02 12:56:03,30.8,outbound,35
ENT-01150,CPT-02312,4,11001.44,2025-08-05 10:56:12,2026-04-04 10:48:40,30.8,inbound,10
ENT-01130,CPT-04472,3,10631.19,2026-05-04 13:41:38,2026-07-24 11:18:04,30.8,inbound,3
ENT-01196,CPT-02393,6,9920.05,2025-08-21 10:25:06,2026-07-30 09:42:55,30.8,outbound,2
ENT-01113,CPT-03780,3,9839.15,2025-08-07 11:48:44,2025-12-25 16:55:47,30.8,inbound,2
ENT-01292,CPT-02695,4,9200.69,2025-10-16 14:24:27,2026-01-15 10:06:09,30.8,outbound,166
ENT-01140,CPT-04601,3,8269.07,2025-09-04 11:01:46,2026-05-29 13:50:07,30.8,inbound,2
ENT-01456,CPT-01534,2,7692.91,2026-06-27 12:43:15,2026-07-20 16:03:51,30.8,inbound,3
ENT-01331,CPT-04945,2,7059.52,2025-08-05 13:47:39,2025-08-19 11:29:41,30.8,inbound,24
ENT-01201,CPT-02498,2,6698.21,2025-12-11 14:08:58,2026-01-01 16:14:20,30.8,outbound,45
ENT-01346,CPT-02720,4,6075.48,2025-12-04 17:39:44,2026-07-16 11:36:01,30.8,outbound,5
ENT-01176,CPT-04321,1,5748.31,2025-09-22 15:21:00,2025-09-22 15:21:00,30.8,inbound,2
ENT-01205,CPT-03546,3,5479.66,2025-09-18 15:25:05,2025-12-23 14:48:24,30.8,outbound,2
ENT-01229,CPT-02692,1,5358.12,2025-08-28 13:01:43,2025-08-28 13:01:43,30.8,outbound,19
ENT-01449,CPT-04337,2,5289.62,2025-09-04 10:37:51,2025-10-29 15:03:13,30.8,inbound,10
ENT-01197,CPT-03542,2,5263.66,2025-08-06 11:53:58,2026-04-10 14:11:37,30.8,outbound,1
ENT-01324,CPT-03703,2,5257.55,2025-10-24 12:32:38,2025-11-12 17:50:48,30.8,inbound,1
ENT-01281,CPT-05041,3,4386.57,2026-04-08 15:59:10,2026-07-18 12:35:15,30.8,inbound,4
ENT-01416,CPT-03242,2,4356.5,2025-08-04 17:15:37,2025-09-15 16:39:59,30.8,outbound,34
ENT-01212,CPT-05079,2,4223.23,2025-08-13 14:36:30,2026-05-23 14:07:46,30.8,inbound,1
ENT-01113,CPT-05462,2,4001.18,2025-08-08 13:19:51,2025-10-01 14:07:28,30.8,inbound,1
ENT-01313,CPT-02793,2,3841.02,2025-09-19 10:09:30,2026-04-09 10:57:35,30.8,outbound,1
ENT-01180,CPT-03297,2,3293.09,2025-12-01 17:16:23,2026-01-21 13:49:50,30.8,outbound,110
ENT-00577,CPT-01057,12,2808.6,2025-08-07 12:16:31,2026-05-21 12:27:42,30.8,inbound;outbound,1
ENT-01071,CPT-02498,3,2694.32,2025-08-05 17:43:30,2026-05-20 11:09:49,30.8,outbound,45
ENT-01247,CPT-02075,4,39523.67,2025-08-04 16:16:32,2026-07-09 14:29:09,30.7,inbound,1
ENT-01363,CPT-00964,6,36181.13,2025-09-01 11:21:29,2026-06-17 16:11:09,30.7,inbound,6
ENT-01093,CPT-02181,2,28915.57,2026-01-28 12:24:16,2026-06-25 12:58:33,30.7,inbound,31
ENT-01171,CPT-04284,3,28645.07,2025-10-30 10:01:13,2026-06-11 10:16:52,30.7,inbound,1
ENT-01316,CPT-02059,1,27492.51,2026-03-18 12:14:59,2026-03-18 12:14:59,30.7,inbound,6
ENT-01100,CPT-03729,2,27183.56,2026-03-23 09:24:13,2026-04-03 09:57:22,30.7,inbound,69
ENT-01465,CPT-05292,3,24423.88,2025-09-18 17:07:33,2026-07-07 10:07:51,30.7,inbound,3
ENT-01287,CPT-03146,4,21693.16,2025-11-25 18:24:26,2026-06-04 14:20:00,30.7,outbound,4
ENT-01203,CPT-04161,1,20275.15,2025-10-01 16:25:29,2025-10-01 16:25:29,30.7,inbound,1
ENT-01171,CPT-05713,3,17147.59,2025-09-03 13:26:31,2026-06-30 12:11:14,30.7,inbound,3
ENT-01259,CPT-03729,2,15456.55,2025-12-15 11:52:17,2026-04-01 16:45:57,30.7,inbound,69
ENT-01280,CPT-02161,3,14149.64,2026-01-30 13:12:29,2026-06-15 17:02:19,30.7,inbound,27
ENT-01060,CPT-04516,1,10397.65,2025-10-22 12:29:16,2025-10-22 12:29:16,30.7,inbound,2
ENT-01115,CPT-00683,5,9664.22,2025-08-22 12:45:11,2026-06-18 10:31:48,30.7,inbound,2
ENT-01138,CPT-02998,3,9154.25,2026-01-07 10:46:57,2026-05-12 15:57:31,30.7,outbound,2
ENT-01468,CPT-01112,2,8408.83,2025-08-21 12:03:51,2026-03-30 12:57:38,30.7,inbound,49
ENT-01218,CPT-05022,2,8273.8,2025-08-08 13:02:34,2025-12-10 15:47:54,30.7,inbound,9
ENT-01237,CPT-02665,3,4698.71,2025-08-14 17:38:12,2026-07-14 16:58:48,30.7,outbound,1
ENT-01079,CPT-04946,1,3912.11,2025-12-09 13:58:42,2025-12-09 13:58:42,30.7,inbound,1
ENT-01293,CPT-04703,3,3272.99,2025-12-20 17:42:54,2026-07-25 15:08:56,30.7,inbound,3
ENT-01182,CPT-02595,1,2270.61,2025-10-09 17:41:26,2025-10-09 17:41:26,30.7,outbound,10
ENT-01454,CPT-03330,1,1946.91,2026-03-26 12:58:00,2026-03-26 12:58:00,30.7,outbound,67
ENT-01180,CPT-03197,2,1941.83,2026-04-08 11:27:08,2026-06-18 12:07:30,30.7,outbound,39
ENT-00891,CPT-02290,2,1270.54,2025-09-15 19:22:35,2026-06-23 14:56:37,30.7,outbound,2
ENT-01380,CPT-04275,1,799.59,2026-05-02 11:38:38,2026-05-02 11:38:38,30.7,inbound,4
ENT-01497,CPT-05097,1,757.14,2026-06-07 15:34:54,2026-06-07 15:34:54,30.7,inbound,3
ENT-01176,CPT-02441,1,700.31,2026-04-09 14:39:25,2026-04-09 14:39:25,30.7,outbound,2
ENT-01432,CPT-03989,4,43086.01,2025-09-02 14:51:21,2026-06-05 11:22:39,30.6,inbound,14
ENT-00900,CPT-01207,11,17000.78,2025-08-19 11:41:35,2026-07-03 11:33:01,30.6,inbound;outbound,1
ENT-01218,CPT-01112,4,16209.39,2025-08-25 16:42:18,2026-01-06 12:55:36,30.6,inbound,49
ENT-01363,CPT-01440,2,14787.84,2026-03-16 13:34:19,2026-06-24 12:58:18,30.6,inbound,22
ENT-01323,CPT-01941,8,12442.89,2025-10-31 10:31:30,2026-07-15 11:23:10,30.6,inbound,2
ENT-01162,CPT-02034,2,10650.64,2026-01-29 13:57:29,2026-05-17 13:15:51,30.6,inbound,3
ENT-01459,CPT-03981,1,8254.99,2025-11-10 16:23:27,2025-11-10 16:23:27,30.6,inbound,191
ENT-01231,CPT-04378,1,7662.21,2026-04-25 17:16:20,2026-04-25 17:16:20,30.6,inbound,1
ENT-01484,CPT-03079,1,7476.24,2025-11-18 11:31:57,2025-11-18 11:31:57,30.6,outbound,2
ENT-01072,CPT-03253,2,7280.59,2025-12-17 12:48:41,2026-02-10 13:55:00,30.6,outbound,1
ENT-01281,CPT-05081,3,6898.12,2025-08-18 13:31:42,2026-05-13 10:19:43,30.6,inbound,9
ENT-01170,CPT-03551,2,6596.91,2026-07-09 14:16:24,2026-07-09 14:20:29,30.6,outbound,2
ENT-01108,CPT-04578,2,6590.35,2025-10-24 17:24:15,2025-12-12 13:07:41,30.6,inbound,2
ENT-01500,CPT-05060,2,6191.2,2025-08-05 17:37:18,2025-10-15 09:35:37,30.6,inbound,4
ENT-01457,CPT-03527,4,5793.36,2025-08-20 15:19:02,2026-01-22 14:33:02,30.6,outbound,3
ENT-01500,CPT-05017,2,5572.45,2026-01-10 16:29:33,2026-04-20 12:41:45,30.6,inbound,64
ENT-01218,CPT-00683,2,5130.98,2025-08-07 11:48:49,2026-03-19 10:27:11,30.6,inbound,2
ENT-01083,CPT-03821,4,3939.31,2025-08-08 11:53:30,2026-03-19 17:47:48,30.6,inbound,1
ENT-01397,CPT-04324,1,3803.29,2026-04-01 11:18:15,2026-04-01 11:18:15,30.6,inbound,71
ENT-01057,CPT-02431,2,2786.16,2026-01-28 11:32:26,2026-07-30 12:20:46,30.6,outbound,30
ENT-01371,CPT-01047,2,2553.14,2025-10-19 09:53:40,2026-02-03 13:55:41,30.6,inbound,9
ENT-01230,CPT-03729,1,2429.36,2026-01-16 12:10:30,2026-01-16 12:10:30,30.6,inbound,69
ENT-01231,CPT-03289,1,1500.0,2025-10-15 13:49:55,2025-10-15 13:49:55,30.6,outbound,3
ENT-00289,CPT-01112,1,605.23,2025-08-04 16:04:18,2025-08-04 16:04:18,30.6,outbound,49
ENT-01281,CPT-03419,1,500.0,2025-08-29 13:39:57,2025-08-29 13:39:57,30.6,outbound,2
ENT-01423,CPT-04942,3,41925.12,2025-10-10 13:48:38,2026-03-27 09:06:00,30.5,inbound,36
ENT-01332,CPT-02114,4,27042.08,2026-03-11 16:58:40,2026-06-10 11:58:58,30.5,inbound,2
ENT-01146,CPT-01029,2,14794.69,2025-10-10 15:19:03,2026-01-06 14:51:53,30.5,inbound,2
ENT-01079,CPT-05852,3,14665.5,2026-01-16 12:07:29,2026-03-23 16:00:56,30.5,inbound,5
ENT-01299,CPT-02500,2,11779.94,2026-01-13 17:59:40,2026-07-30 10:13:01,30.5,outbound,60
ENT-01257,CPT-05632,3,10261.28,2025-08-12 14:38:02,2026-07-17 14:08:47,30.5,inbound,4
ENT-01389,CPT-02695,3,9193.31,2025-10-15 09:29:49,2026-06-12 09:14:25,30.5,outbound,166
ENT-01057,CPT-03981,1,8173.49,2025-10-27 16:23:01,2025-10-27 16:23:01,30.5,inbound,191
ENT-01257,CPT-04542,2,7992.45,2025-10-13 11:19:02,2026-04-28 16:32:43,30.5,inbound,2
ENT-01389,CPT-05017,2,7690.33,2025-09-08 15:42:19,2026-07-24 17:22:06,30.5,inbound,64
ENT-01275,CPT-02787,1,6787.85,2026-05-20 16:52:32,2026-05-20 16:52:32,30.5,outbound,42
ENT-01371,CPT-04661,4,6182.72,2025-08-04 10:50:18,2026-07-03 15:28:48,30.5,inbound,26
ENT-01345,CPT-02787,2,5545.65,2025-12-04 16:35:59,2026-05-26 18:06:00,30.5,outbound,42
ENT-01333,CPT-04276,2,5304.63,2025-08-04 09:17:58,2026-02-10 13:35:31,30.5,inbound,2
ENT-01252,CPT-01112,1,4699.46,2026-06-23 15:17:15,2026-06-23 15:17:15,30.5,inbound,49
ENT-01380,CPT-03297,2,4282.41,2026-04-28 16:53:05,2026-07-21 13:54:51,30.5,outbound,110
ENT-01374,CPT-03729,1,4127.34,2026-02-16 10:45:58,2026-02-16 10:45:58,30.5,inbound,69
ENT-01388,CPT-03276,3,3742.28,2026-02-04 15:59:12,2026-06-02 12:01:49,30.5,outbound,1
ENT-01304,CPT-03399,1,2846.19,2025-11-07 11:16:30,2025-11-07 11:16:30,30.5,outbound,12
ENT-00424,CPT-01771,1,2743.37,2026-04-07 11:03:25,2026-04-07 11:03:25,30.5,inbound,2
ENT-01231,CPT-04090,3,2691.54,2025-09-02 15:23:38,2026-01-09 17:30:09,30.5,inbound,1
ENT-01498,CPT-01445,2,1311.91,2025-08-06 10:51:00,2026-02-26 16:56:15,30.5,inbound,4
ENT-01165,CPT-02743,1,1270.36,2025-08-15 13:06:26,2025-08-15 13:06:26,30.5,outbound,8
ENT-00526,CPT-01800,1,526.37,2026-07-11 13:43:48,2026-07-11 13:43:48,30.5,outbound,1
ENT-01426,CPT-02742,1,525.31,2026-05-07 14:37:32,2026-05-07 14:37:32,30.5,outbound,1
ENT-00698,CPT-00056,24,85379.71,2025-08-15 09:22:23,2026-07-31 10:01:54,30.4,inbound,3
ENT-01236,CPT-04751,2,31810.65,2026-04-30 16:02:00,2026-07-15 16:55:30,30.4,inbound,5
ENT-01125,CPT-01016,3,19671.58,2025-11-03 12:11:53,2026-07-22 16:11:06,30.4,inbound,3
ENT-01204,CPT-02446,1,17342.73,2026-04-30 12:55:49,2026-04-30 12:55:49,30.4,outbound,3
ENT-01096,CPT-02181,5,13643.12,2026-03-11 12:23:15,2026-06-17 09:56:12,30.4,inbound,31
ENT-01133,CPT-04219,1,12560.95,2026-05-01 16:26:29,2026-05-01 16:26:29,30.4,inbound,5
ENT-01277,CPT-05893,2,10059.18,2026-06-26 14:47:58,2026-07-06 17:22:01,30.4,inbound,1
ENT-01498,CPT-04942,6,9408.67,2025-08-01 13:44:27,2026-06-12 17:26:11,30.4,inbound,36
ENT-01170,CPT-02906,2,3125.09,2025-08-14 11:26:26,2026-01-27 15:43:49,30.4,outbound,3
ENT-01170,CPT-03356,1,2302.1,2025-08-14 11:12:46,2025-08-14 11:12:46,30.4,outbound,4
ENT-01176,CPT-04661,1,2134.08,2026-01-13 16:49:02,2026-01-13 16:49:02,30.4,inbound,26
ENT-01138,CPT-02821,1,844.66,2026-07-21 11:20:39,2026-07-21 11:20:39,30.4,outbound,28
ENT-00454,CPT-00869,4,689.1,2025-12-29 17:50:30,2026-05-23 10:41:34,30.4,inbound;outbound,1
ENT-00625,CPT-03731,2,414.07,2025-08-05 12:28:52,2026-01-03 13:07:28,30.4,outbound,22
ENT-01453,CPT-05775,2,28514.86,2025-11-05 14:56:23,2026-03-30 11:25:15,30.3,inbound,1
ENT-01398,CPT-04041,3,22057.15,2026-02-12 09:06:25,2026-06-05 16:43:37,30.3,inbound,1
ENT-01060,CPT-00859,2,19313.36,2025-12-12 12:15:21,2026-07-09 11:11:46,30.3,inbound,1
ENT-01382,CPT-02824,5,13229.66,2025-09-01 17:06:55,2026-05-18 10:02:41,30.3,outbound,4
ENT-01380,CPT-03527,4,11733.31,2025-12-30 10:44:14,2026-07-07 15:16:23,30.3,outbound,3
ENT-01466,CPT-03166,4,11457.84,2025-09-24 12:56:18,2026-05-15 14:01:26,30.3,outbound,2
ENT-00718,CPT-00561,12,11100.0,2025-08-01 16:24:31,2026-07-01 20:56:05,30.3,outbound,1
ENT-01478,CPT-03980,3,10111.69,2025-11-24 15:16:54,2026-07-13 09:15:23,30.3,inbound,32
ENT-01458,CPT-05878,3,8721.84,2025-10-09 11:23:15,2025-11-21 14:46:30,30.3,inbound,1
ENT-00289,CPT-01552,2,8433.29,2026-01-22 14:45:48,2026-06-27 13:15:48,30.3,inbound;outbound,8
ENT-01071,CPT-04963,4,8241.68,2025-10-13 11:25:58,2026-07-05 16:49:58,30.3,inbound,5
ENT-01057,CPT-04607,3,7000.4,2026-06-25 16:30:26,2026-07-10 09:06:18,30.3,inbound,2
ENT-01415,CPT-03572,5,6636.53,2025-09-30 11:59:17,2026-05-28 14:20:41,30.3,outbound,3
ENT-01500,CPT-05224,4,5264.96,2025-08-06 09:34:59,2026-02-20 12:22:10,30.3,inbound,2
ENT-01141,CPT-04901,1,4551.24,2026-02-24 16:28:38,2026-02-24 16:28:38,30.3,inbound,9
ENT-01489,CPT-03141,1,4360.68,2026-05-26 10:18:08,2026-05-26 10:18:08,30.3,outbound,2
ENT-01143,CPT-03359,1,2771.79,2026-07-29 11:08:21,2026-07-29 11:08:21,30.3,outbound,9
ENT-01378,CPT-04661,1,2069.02,2025-11-11 16:08:29,2025-11-11 16:08:29,30.3,inbound,26
ENT-01169,CPT-02500,1,1733.79,2025-08-08 11:12:10,2025-08-08 11:12:10,30.3,outbound,60
ENT-01093,CPT-01248,1,1629.67,2025-08-07 10:30:03,2025-08-07 10:30:03,30.3,inbound,3
ENT-01138,CPT-02817,1,1467.56,2026-07-06 14:00:42,2026-07-06 14:00:42,30.3,outbound,7
ENT-01387,CPT-02669,1,1112.14,2026-06-02 10:06:25,2026-06-02 10:06:25,30.3,outbound,4
ENT-01143,CPT-03197,1,1065.37,2026-04-17 16:05:38,2026-04-17 16:05:38,30.3,outbound,39
ENT-01411,CPT-05078,2,933.64,2025-08-21 13:13:51,2026-07-20 17:16:34,30.3,inbound,49
ENT-01458,CPT-01744,1,801.47,2026-05-24 13:45:16,2026-05-24 13:45:16,30.3,inbound,1
ENT-01320,CPT-05311,4,51066.23,2025-09-11 14:51:01,2026-05-20 17:40:04,30.2,inbound,3
ENT-01398,CPT-04419,3,41810.39,2025-10-09 15:07:49,2026-03-19 11:54:30,30.2,inbound,11
ENT-01131,CPT-05338,3,29116.05,2025-12-05 11:19:09,2026-07-29 14:46:45,30.2,inbound,6
ENT-01426,CPT-00813,4,26987.99,2025-09-03 09:42:56,2025-12-02 11:09:18,30.2,inbound,2
ENT-01231,CPT-03104,2,23419.35,2026-02-19 09:45:10,2026-03-17 12:46:41,30.2,outbound,12
ENT-01113,CPT-05837,4,21358.32,2025-09-05 17:17:58,2026-05-27 12:48:56,30.2,inbound,3
ENT-01280,CPT-05107,1,18437.0,2026-05-01 11:27:29,2026-05-01 11:27:29,30.2,inbound,15
ENT-01207,CPT-03106,2,17395.73,2026-02-02 15:45:21,2026-07-17 13:08:41,30.2,outbound,6
ENT-01137,CPT-04549,2,15136.38,2026-04-27 12:24:56,2026-07-30 16:22:20,30.2,inbound,1
ENT-01252,CPT-05007,1,11626.69,2026-07-24 11:20:28,2026-07-24 11:20:28,30.2,inbound,9
ENT-01367,CPT-03208,2,11401.75,2025-12-02 10:43:01,2026-04-30 12:48:50,30.2,outbound,3
ENT-01060,CPT-04728,1,11098.51,2025-12-26 09:21:36,2025-12-26 09:21:36,30.2,inbound,2
ENT-01441,CPT-00755,2,10243.9,2025-11-04 16:12:13,2026-04-14 11:08:58,30.2,inbound,2
ENT-01280,CPT-02781,4,9841.51,2025-08-04 12:28:09,2026-05-12 17:27:01,30.2,outbound,2
ENT-01352,CPT-04348,2,9408.39,2025-08-29 15:53:24,2025-12-08 11:53:06,30.2,inbound,3
ENT-00731,CPT-01909,3,9255.08,2025-08-11 09:44:21,2026-02-09 10:22:38,30.2,inbound,2
ENT-01079,CPT-03330,4,8928.66,2026-04-07 09:45:37,2026-06-16 13:54:01,30.2,outbound,67
ENT-01458,CPT-03980,2,7849.57,2025-09-13 16:21:44,2026-03-14 16:18:07,30.2,inbound,32
ENT-01220,CPT-05847,1,6489.21,2025-12-12 13:45:23,2025-12-12 13:45:23,30.2,inbound,1
ENT-01153,CPT-03465,3,6268.87,2025-08-11 11:23:41,2026-03-18 10:22:18,30.2,outbound,2
ENT-01363,CPT-02771,3,5790.66,2025-12-03 10:30:55,2026-06-18 17:27:40,30.2,outbound,25
ENT-01058,CPT-00646,3,5710.91,2025-10-20 13:40:09,2026-06-11 11:42:00,30.2,inbound,7
ENT-01492,CPT-05385,1,5575.19,2026-02-26 11:58:50,2026-02-26 11:58:50,30.2,inbound,1
ENT-01200,CPT-05366,3,4844.51,2025-12-09 13:00:30,2026-06-18 17:20:22,30.2,inbound,6
ENT-01434,CPT-03379,2,4738.77,2025-08-15 11:22:06,2025-10-17 12:51:16,30.2,outbound,7
ENT-01164,CPT-02493,1,4628.53,2025-10-01 15:27:20,2025-10-01 15:27:20,30.2,outbound,101
ENT-00966,CPT-00977,10,2058.81,2025-10-03 19:01:45,2026-07-16 12:29:44,30.2,inbound;outbound,2
ENT-01379,CPT-01566,1,1825.49,2025-10-16 11:44:56,2025-10-16 11:44:56,30.2,inbound,2
ENT-00125,CPT-01431,2,1475.17,2025-08-01 11:22:09,2026-04-21 17:19:57,30.2,inbound,16
ENT-01349,CPT-05017,1,1361.02,2026-07-29 10:22:11,2026-07-29 10:22:11,30.2,inbound,64
ENT-00689,CPT-01620,5,1069.91,2025-08-31 13:55:22,2026-06-10 20:10:35,30.2,inbound;outbound,2
ENT-01287,CPT-05143,5,50547.63,2025-08-20 15:17:48,2026-04-20 09:39:22,30.1,inbound,4
ENT-01250,CPT-02493,3,27955.38,2025-11-10 11:51:01,2026-01-02 12:40:35,30.1,outbound,101
ENT-01385,CPT-02825,5,26294.85,2025-10-21 12:47:27,2026-03-12 09:58:05,30.1,outbound,3
ENT-01058,CPT-03122,3,19564.46,2025-10-15 11:58:52,2026-05-18 16:11:27,30.1,outbound,1
ENT-01205,CPT-05686,3,17105.29,2025-12-18 14:28:25,2026-07-20 09:53:21,30.1,inbound,6
ENT-01476,CPT-02870,3,8639.8,2025-10-29 16:00:14,2026-05-12 11:07:35,30.1,outbound,54
ENT-01204,CPT-03534,5,7654.59,2025-08-21 15:13:16,2026-07-30 12:47:26,30.1,outbound,30
ENT-01452,CPT-02439,3,6329.93,2025-10-23 14:37:46,2026-04-30 13:20:53,30.1,outbound,3
ENT-00424,CPT-02013,3,6261.71,2025-08-05 09:08:30,2026-02-06 17:50:50,30.1,inbound,2
ENT-01182,CPT-02692,3,6198.38,2025-09-25 17:21:53,2026-06-11 11:48:19,30.1,outbound,19
ENT-01344,CPT-03415,2,5521.73,2026-01-19 14:36:21,2026-06-30 16:47:37,30.1,outbound,4
ENT-01426,CPT-03545,3,4388.87,2025-10-28 09:56:25,2026-04-02 10:42:57,30.1,outbound,4
ENT-01500,CPT-04364,2,4249.39,2026-03-22 09:05:10,2026-07-08 17:57:20,30.1,inbound,2
ENT-01391,CPT-03248,2,3846.57,2025-11-03 14:38:32,2025-11-28 11:04:31,30.1,outbound,12
ENT-01476,CPT-03981,1,3795.85,2026-01-13 13:17:27,2026-01-13 13:17:27,30.1,inbound,191
ENT-01399,CPT-02440,2,3785.14,2025-10-08 12:23:58,2025-11-06 14:00:55,30.1,outbound,1
ENT-01282,CPT-00681,2,2921.25,2026-03-01 17:50:48,2026-03-14 14:18:24,30.1,inbound,1
ENT-01373,CPT-03116,2,2474.6,2025-11-11 11:22:45,2025-11-11 15:04:53,30.1,outbound,17
ENT-01271,CPT-02900,1,2239.74,2026-01-05 11:50:59,2026-01-05 11:50:59,30.1,outbound,2
ENT-01171,CPT-03528,2,1504.41,2025-08-01 10:58:43,2025-11-17 17:48:40,30.1,outbound,9
ENT-01411,CPT-03572,1,981.78,2026-01-14 15:58:30,2026-01-14 15:58:30,30.1,outbound,3
ENT-00549,CPT-00774,3,976.24,2025-08-26 08:01:58,2026-04-05 09:31:34,30.1,outbound,13
ENT-01143,CPT-02937,1,788.69,2026-07-20 17:18:38,2026-07-20 17:18:38,30.1,outbound,12
ENT-01323,CPT-02512,1,577.01,2025-08-04 16:40:57,2025-08-04 16:40:57,30.1,outbound,1
ENT-00891,CPT-00007,14,29514.06,2025-08-15 07:22:51,2026-07-31 08:54:39,30.0,inbound,1
ENT-01079,CPT-03961,4,28238.35,2025-10-02 13:56:20,2026-05-20 13:29:07,30.0,inbound,5
ENT-01069,CPT-04967,5,26199.24,2025-09-23 13:08:12,2026-05-26 11:40:24,30.0,inbound,3
ENT-01335,CPT-00807,4,23769.29,2025-08-05 13:39:27,2026-07-17 13:16:47,30.0,inbound,2
ENT-01371,CPT-02695,4,21013.74,2025-10-15 15:44:00,2026-04-29 15:51:28,30.0,outbound,166
ENT-01347,CPT-03860,4,19755.68,2025-08-08 12:02:52,2026-06-19 13:43:24,30.0,inbound,1
ENT-00649,CPT-00226,12,18000.0,2025-08-01 12:59:43,2026-07-01 16:08:57,30.0,outbound,2
ENT-01126,CPT-05206,2,17683.62,2026-06-11 12:34:14,2026-07-06 13:07:12,30.0,inbound,1
ENT-01305,CPT-03295,4,16988.86,2026-01-29 14:14:36,2026-07-09 14:13:17,30.0,outbound,2
ENT-01378,CPT-05450,2,15274.92,2025-11-28 13:36:48,2026-02-25 15:24:10,30.0,inbound,29
ENT-01092,CPT-04844,2,14949.77,2025-12-02 16:02:26,2025-12-19 10:52:06,30.0,inbound,2
ENT-01224,CPT-01840,6,12329.39,2025-10-20 09:56:34,2026-06-25 13:03:19,30.0,inbound,2
ENT-01265,CPT-03793,2,9980.41,2025-12-30 16:41:07,2026-06-23 17:50:28,30.0,inbound,1
ENT-01085,CPT-05017,3,8022.75,2025-08-25 13:47:49,2026-06-26 12:10:36,30.0,inbound,64
ENT-01096,CPT-03526,3,7026.24,2025-08-04 12:22:24,2026-06-10 17:16:53,30.0,outbound,1
ENT-01163,CPT-03248,3,6839.32,2025-09-03 12:10:15,2025-12-16 13:08:55,30.0,outbound,12
ENT-01426,CPT-02418,4,6554.21,2025-10-28 09:32:40,2026-05-07 14:22:43,30.0,outbound,28
ENT-01342,CPT-02130,2,5366.27,2025-08-12 12:19:47,2026-02-05 12:20:17,30.0,inbound,1
ENT-01378,CPT-02747,2,5092.29,2025-08-05 16:32:37,2026-06-03 15:24:09,30.0,outbound,2
ENT-01260,CPT-02706,2,4749.13,2026-01-27 14:03:26,2026-07-30 14:47:21,30.0,outbound,2
ENT-01497,CPT-03983,2,4352.28,2026-05-04 15:46:27,2026-07-01 15:46:25,30.0,inbound,33
ENT-01331,CPT-04577,3,4107.87,2025-10-11 17:22:27,2026-07-24 16:55:18,30.0,inbound,4
ENT-01153,CPT-04139,3,3603.41,2025-12-10 11:57:14,2026-03-27 17:46:18,30.0,inbound,2
ENT-01360,CPT-03376,1,3500.0,2025-08-05 11:49:07,2025-08-05 11:49:07,30.0,outbound,16
ENT-01379,CPT-01805,2,3404.35,2026-01-19 14:32:40,2026-07-13 11:44:36,30.0,inbound,1
ENT-01142,CPT-02695,2,3129.14,2025-11-12 17:56:11,2026-05-27 12:09:09,30.0,outbound,166
ENT-01423,CPT-04891,1,3064.38,2026-06-22 10:02:23,2026-06-22 10:02:23,30.0,inbound,11
ENT-01218,CPT-02695,2,2641.59,2026-01-12 10:50:32,2026-04-15 09:28:37,30.0,outbound,166
ENT-01328,CPT-02498,2,2625.65,2025-10-30 11:01:24,2026-06-02 13:52:59,30.0,outbound,45
ENT-01222,CPT-05254,1,2535.3,2025-08-01 13:56:55,2025-08-01 13:56:55,30.0,inbound,18
ENT-01173,CPT-03461,1,1825.34,2025-12-25 09:59:00,2025-12-25 09:59:00,30.0,outbound,4
ENT-00522,CPT-02230,10,1092.61,2025-08-01 13:47:10,2026-03-05 11:50:50,30.0,inbound;outbound,3
ENT-00246,CPT-01106,6,870.59,2025-08-31 17:00:13,2026-06-08 20:48:13,30.0,inbound;outbound,11
ENT-00653,CPT-00939,1,331.68,2025-09-08 16:47:54,2025-09-08 16:47:54,30.0,inbound,3
ENT-01211,CPT-03969,5,44306.3,2025-10-07 15:13:00,2026-05-19 16:50:09,29.9,inbound,2
ENT-01229,CPT-03766,3,34567.5,2025-11-05 11:15:20,2026-03-17 09:04:10,29.9,inbound,1
ENT-01297,CPT-05056,3,30923.86,2025-11-24 14:42:46,2026-02-05 09:11:50,29.9,inbound,1
ENT-01402,CPT-05624,3,28150.28,2025-08-18 17:21:10,2026-05-14 12:34:45,29.9,inbound,4
ENT-01386,CPT-02366,8,27307.04,2025-11-04 16:01:38,2026-05-21 14:26:35,29.9,inbound,1
ENT-01353,CPT-01905,2,18380.14,2025-11-04 11:14:42,2026-07-02 17:54:43,29.9,inbound,17
ENT-01164,CPT-02605,5,18106.05,2025-10-14 11:14:45,2026-07-31 11:10:50,29.9,outbound,2
ENT-01170,CPT-04661,1,16381.43,2026-01-12 12:00:34,2026-01-12 12:00:34,29.9,inbound,26
ENT-01119,CPT-02908,5,15792.56,2025-08-26 18:09:29,2026-03-05 13:26:03,29.9,outbound,5
ENT-01217,CPT-02517,2,15693.39,2025-10-20 11:18:11,2026-06-01 10:00:48,29.9,outbound,9
ENT-01427,CPT-01717,9,14192.86,2025-09-02 13:42:23,2026-07-30 15:00:22,29.9,inbound,3
ENT-01466,CPT-05746,4,14088.63,2025-09-09 16:38:33,2026-06-12 11:41:42,29.9,inbound,1
ENT-01346,CPT-02775,7,13584.31,2025-11-18 13:02:36,2026-04-16 14:42:28,29.9,outbound,3
ENT-01228,CPT-05017,3,12738.62,2025-08-15 15:54:03,2026-04-09 12:23:41,29.9,inbound,64
ENT-01282,CPT-05889,6,11741.32,2025-09-01 09:43:37,2026-03-16 12:16:18,29.9,inbound,3
ENT-01344,CPT-03413,2,5159.14,2025-08-05 13:19:25,2026-06-26 09:47:54,29.9,outbound,1
ENT-01197,CPT-05450,3,4877.86,2025-09-07 13:46:12,2026-05-18 09:53:58,29.9,inbound,29
ENT-01197,CPT-01449,2,4633.9,2025-10-09 12:14:08,2025-11-08 10:07:38,29.9,inbound,7
ENT-01231,CPT-01974,3,3979.56,2026-04-11 14:37:07,2026-05-21 09:14:44,29.9,inbound,2
ENT-01164,CPT-03555,3,3911.39,2025-08-07 17:21:13,2026-01-28 17:01:18,29.9,outbound,10
ENT-01210,CPT-02611,1,3670.96,2026-02-12 17:08:36,2026-02-12 17:08:36,29.9,outbound,2
ENT-01217,CPT-04299,3,3637.17,2025-11-02 12:38:40,2026-04-08 10:03:14,29.9,inbound,44
ENT-01197,CPT-05197,2,3251.59,2025-09-12 14:50:50,2026-07-11 17:20:23,29.9,inbound,1
ENT-01218,CPT-04324,1,2655.98,2025-11-21 13:42:43,2025-11-21 13:42:43,29.9,inbound,71
ENT-01175,CPT-00647,2,2331.41,2025-09-17 15:19:29,2026-04-10 14:17:53,29.9,inbound,3
ENT-01143,CPT-03330,2,2299.44,2025-10-06 10:41:50,2026-04-30 11:51:11,29.9,outbound,67
ENT-01183,CPT-03534,2,1118.57,2025-08-21 13:32:02,2026-03-09 10:15:51,29.9,outbound,30
ENT-01434,CPT-04868,1,761.91,2025-08-06 12:43:27,2025-08-06 12:43:27,29.9,inbound,2
ENT-01023,CPT-00819,4,441.1,2025-10-22 18:57:39,2026-05-13 22:14:31,29.9,inbound,2
ENT-00130,CPT-01861,4,377.36,2025-08-21 18:40:56,2026-05-04 17:58:40,29.9,inbound,5
ENT-00688,CPT-00696,3,359.0,2025-08-20 17:26:58,2025-11-10 17:55:56,29.9,outbound,3
ENT-00678,CPT-01599,2,242.77,2025-08-07 16:03:53,2025-11-14 12:07:32,29.9,outbound,5
ENT-01132,CPT-04582,2,30660.95,2025-10-15 13:59:03,2026-02-05 15:00:28,29.8,inbound,6
ENT-01297,CPT-01098,4,29858.6,2025-08-08 15:27:37,2026-06-29 12:51:01,29.8,inbound,4
ENT-01280,CPT-04239,4,26407.17,2025-10-27 11:13:10,2026-05-06 15:08:53,29.8,inbound,2
ENT-01051,CPT-01576,3,25383.94,2026-03-10 16:18:20,2026-05-11 09:45:21,29.8,inbound,2
ENT-01136,CPT-01484,2,21599.31,2025-08-28 14:26:30,2026-02-26 11:15:22,29.8,inbound,1
ENT-01476,CPT-02148,1,19537.93,2025-09-15 17:49:13,2025-09-15 17:49:13,29.8,inbound,1
ENT-01426,CPT-02082,1,13059.67,2026-04-21 13:51:21,2026-04-21 13:51:21,29.8,inbound,1
ENT-01323,CPT-04965,5,12586.74,2025-09-19 12:51:42,2026-04-24 15:36:11,29.8,inbound,4
ENT-01339,CPT-01599,3,11816.07,2025-10-14 15:30:09,2026-07-24 12:28:51,29.8,inbound,5
ENT-01462,CPT-03867,2,9660.19,2025-08-28 11:23:25,2026-06-30 10:14:33,29.8,inbound,5
ENT-01425,CPT-05732,5,9120.71,2025-09-09 10:07:53,2026-07-15 16:20:10,29.8,inbound,2
ENT-01142,CPT-03983,1,8661.1,2026-04-01 09:33:55,2026-04-01 09:33:55,29.8,inbound,33
ENT-01260,CPT-05858,1,8496.55,2026-02-26 12:10:55,2026-02-26 12:10:55,29.8,inbound,1
ENT-01142,CPT-03459,4,6116.28,2025-09-18 09:10:05,2026-05-21 09:49:58,29.8,outbound,5
ENT-01418,CPT-03213,2,5361.73,2025-09-19 09:06:28,2026-06-17 12:54:27,29.8,outbound,1
ENT-01211,CPT-04539,3,4846.48,2025-08-04 15:35:28,2025-11-13 12:42:05,29.8,inbound,2
ENT-01057,CPT-03983,1,4720.7,2026-02-26 17:26:37,2026-02-26 17:26:37,29.8,inbound,33
ENT-01191,CPT-02695,2,4686.07,2025-12-10 17:25:33,2026-05-05 15:23:22,29.8,outbound,166
ENT-01380,CPT-04324,3,4681.34,2025-09-05 11:32:32,2026-01-23 12:35:03,29.8,inbound,71
ENT-01204,CPT-02771,3,4061.35,2025-10-02 14:34:25,2026-07-30 13:14:34,29.8,outbound,25
ENT-01071,CPT-02695,2,3653.68,2025-12-22 11:37:05,2026-05-28 09:46:13,29.8,outbound,166
ENT-01441,CPT-04380,1,3443.67,2025-08-18 14:56:54,2025-08-18 14:56:54,29.8,inbound,2
ENT-01500,CPT-01306,3,3417.24,2026-02-15 17:02:33,2026-04-08 09:32:12,29.8,inbound,1
ENT-01096,CPT-03681,2,3112.79,2025-09-11 15:51:52,2026-01-26 17:05:06,29.8,inbound,1
ENT-01468,CPT-03649,1,3067.89,2025-08-05 11:56:57,2025-08-05 11:56:57,29.8,inbound,1
ENT-01331,CPT-02907,1,2530.22,2025-09-09 09:21:45,2025-09-09 09:21:45,29.8,outbound,4
ENT-01370,CPT-02493,1,1487.01,2025-09-02 11:56:02,2025-09-02 11:56:02,29.8,outbound,101
ENT-01282,CPT-04371,2,1486.19,2025-08-01 15:35:05,2025-11-26 17:58:03,29.8,inbound,19
ENT-01494,CPT-00657,1,1390.57,2025-10-13 12:19:07,2025-10-13 12:19:07,29.8,inbound,4
ENT-01465,CPT-05452,1,1352.65,2025-08-08 16:49:07,2025-08-08 16:49:07,29.8,inbound,2
ENT-00195,CPT-01206,2,142.98,2026-06-24 16:36:55,2026-07-23 20:32:32,29.8,outbound,6
ENT-01292,CPT-05078,5,45271.49,2025-08-27 09:30:10,2026-04-02 09:35:18,29.7,inbound,49
ENT-01252,CPT-02870,9,35810.26,2025-09-16 14:52:15,2026-07-02 12:32:51,29.7,outbound,54
ENT-01229,CPT-01554,4,30565.94,2025-09-17 15:09:02,2026-07-15 09:35:06,29.7,inbound,1
ENT-01363,CPT-03983,4,30045.03,2025-10-20 11:48:49,2026-07-15 10:29:25,29.7,inbound,33
ENT-01434,CPT-05486,3,27431.61,2025-08-18 14:42:43,2026-07-06 13:39:58,29.7,inbound,5
ENT-01255,CPT-00796,4,26162.23,2025-09-03 09:10:54,2025-12-29 17:22:19,29.7,inbound,1
ENT-01449,CPT-01440,5,23595.81,2025-08-11 14:58:03,2026-03-20 13:00:02,29.7,inbound,22
ENT-01220,CPT-04324,2,23169.99,2025-10-14 15:48:18,2026-06-08 16:51:48,29.7,inbound,71
ENT-01132,CPT-04527,3,16794.42,2025-08-04 13:15:05,2026-04-02 14:33:41,29.7,inbound,7
ENT-01203,CPT-03197,3,15904.88,2025-08-19 12:20:26,2026-06-30 12:17:01,29.7,outbound,39
ENT-01262,CPT-03788,7,15568.36,2025-11-10 11:43:51,2026-05-26 12:44:35,29.7,inbound,4
ENT-01131,CPT-01615,1,13969.56,2025-10-29 15:00:50,2025-10-29 15:00:50,29.7,inbound,1
ENT-01165,CPT-04172,6,12728.86,2025-09-08 16:51:09,2026-01-21 10:17:04,29.7,inbound,2
ENT-01177,CPT-02758,4,12482.24,2025-08-28 14:51:38,2026-07-29 12:59:57,29.7,outbound,35
ENT-01453,CPT-04004,3,10964.78,2025-10-01 11:27:12,2026-05-26 10:59:44,29.7,inbound,7
ENT-01317,CPT-02674,4,10707.0,2025-10-29 11:38:40,2026-07-31 09:43:55,29.7,outbound,10
ENT-01299,CPT-05749,4,9716.74,2025-08-11 17:52:07,2026-07-06 11:33:42,29.7,inbound,2
ENT-01162,CPT-04945,4,8761.08,2025-08-24 17:06:00,2026-06-11 09:40:14,29.7,inbound,24
ENT-01148,CPT-03634,2,8344.37,2025-09-12 11:08:35,2026-01-05 09:36:14,29.7,inbound,9
ENT-01220,CPT-03914,3,8087.07,2026-03-30 17:20:32,2026-07-20 17:27:35,29.7,inbound,3
ENT-01448,CPT-05640,2,6853.19,2025-08-04 15:42:41,2026-03-26 16:08:55,29.7,inbound,1
ENT-01485,CPT-02852,3,4785.77,2025-12-29 14:55:23,2026-04-02 13:57:32,29.7,outbound,13
ENT-00500,CPT-04959,1,3555.14,2025-09-23 15:15:43,2025-09-23 15:15:43,29.7,outbound,1
ENT-01402,CPT-05621,2,3251.94,2025-08-06 12:31:29,2025-11-14 15:56:47,29.7,inbound,2
ENT-01494,CPT-04647,1,3232.29,2025-08-07 11:35:50,2025-08-07 11:35:50,29.7,inbound,1
ENT-01213,CPT-02802,2,2562.62,2026-04-03 17:34:30,2026-05-14 11:12:12,29.7,outbound,2
ENT-01072,CPT-02846,1,1365.29,2026-01-02 10:04:34,2026-01-02 10:04:34,29.7,outbound,1
ENT-01462,CPT-02723,1,1062.38,2025-12-18 17:08:09,2025-12-18 17:08:09,29.7,outbound,5
ENT-01489,CPT-03411,1,1035.11,2025-11-19 10:56:55,2025-11-19 10:56:55,29.7,outbound,4
ENT-00278,CPT-01999,2,1011.38,2025-11-20 11:32:44,2026-04-27 11:58:13,29.7,inbound,1
ENT-01454,CPT-02727,1,919.29,2026-07-16 16:01:17,2026-07-16 16:01:17,29.7,outbound,2
ENT-00649,CPT-01392,1,796.61,2026-07-05 12:27:24,2026-07-05 12:27:24,29.7,outbound,2
ENT-01452,CPT-03813,1,767.22,2025-08-25 14:06:02,2025-08-25 14:06:02,29.7,inbound,1
ENT-01023,CPT-04303,1,461.81,2025-09-02 19:37:52,2025-09-02 19:37:52,29.7,outbound,22
ENT-00625,CPT-00016,24,51605.71,2025-08-15 10:59:23,2026-07-31 10:00:08,29.6,inbound,7
ENT-01111,CPT-05517,2,28834.45,2026-03-05 12:49:20,2026-03-26 12:54:52,29.6,inbound,6
ENT-01332,CPT-04201,2,26164.86,2025-10-30 11:20:03,2026-01-23 11:12:46,29.6,inbound,4
ENT-01375,CPT-04945,1,18510.22,2025-10-03 16:11:24,2025-10-03 16:11:24,29.6,inbound,24
ENT-01497,CPT-03128,4,10673.54,2025-08-11 10:20:57,2026-07-22 17:46:21,29.6,outbound,10
ENT-01389,CPT-02514,2,6717.23,2026-02-20 10:25:31,2026-07-22 13:39:39,29.6,outbound,2
ENT-01427,CPT-05362,2,6410.29,2025-10-06 14:47:47,2026-04-11 12:32:26,29.6,inbound,5
ENT-01224,CPT-04299,2,6032.17,2025-09-19 17:50:15,2026-06-24 14:38:04,29.6,inbound,44
ENT-01319,CPT-02784,1,5072.1,2025-10-31 17:36:54,2025-10-31 17:36:54,29.6,outbound,40
ENT-01242,CPT-03228,4,5036.0,2026-02-12 14:46:38,2026-05-21 16:20:59,29.6,outbound,1
ENT-01082,CPT-02444,2,4935.29,2025-10-10 12:27:39,2026-03-03 17:48:46,29.6,outbound,8
ENT-01280,CPT-05039,1,4812.86,2026-07-20 12:54:46,2026-07-20 12:54:46,29.6,inbound,17
ENT-01142,CPT-00830,3,3532.29,2026-02-16 11:48:34,2026-05-10 12:06:02,29.6,inbound,8
ENT-01301,CPT-02970,1,3430.44,2026-07-29 17:58:18,2026-07-29 17:58:18,29.6,outbound,2
ENT-01414,CPT-03197,2,3269.54,2026-04-09 10:59:19,2026-07-16 16:05:01,29.6,outbound,39
ENT-01259,CPT-02493,2,2751.0,2025-10-30 11:57:06,2026-07-02 14:25:10,29.6,outbound,101
ENT-01247,CPT-04903,1,1820.37,2025-08-01 11:03:01,2025-08-01 11:03:01,29.6,inbound,1
ENT-01424,CPT-02163,1,1557.61,2026-06-24 10:24:01,2026-06-24 10:24:01,29.6,inbound,7
ENT-01349,CPT-02695,2,1496.09,2026-06-18 09:16:25,2026-06-24 13:32:15,29.6,outbound,166
ENT-01023,CPT-01015,3,1217.44,2025-11-07 12:29:20,2026-02-05 20:05:25,29.6,inbound;outbound,1
ENT-00526,CPT-04397,2,312.34,2026-01-12 19:23:12,2026-03-21 21:34:37,29.6,outbound,1
ENT-00387,CPT-05362,1,302.03,2026-02-23 20:33:37,2026-02-23 20:33:37,29.6,outbound,5
ENT-01257,CPT-05450,2,38366.6,2026-03-18 10:11:01,2026-03-20 16:23:02,29.5,inbound,29
ENT-01179,CPT-04459,5,28317.66,2025-09-03 16:49:57,2026-05-27 17:04:14,29.5,inbound,4
ENT-01252,CPT-03612,3,18360.35,2026-01-05 17:18:02,2026-07-09 15:14:26,29.5,inbound,1
ENT-01218,CPT-04945,3,13954.77,2025-10-09 09:28:58,2026-07-29 15:01:14,29.5,inbound,24
ENT-01293,CPT-04768,5,10952.27,2025-11-03 14:53:18,2026-03-16 09:14:37,29.5,inbound,4
ENT-01347,CPT-05792,2,9810.93,2025-08-21 17:43:50,2025-09-08 16:01:27,29.5,inbound,2
ENT-01218,CPT-03731,2,9536.81,2025-08-14 10:29:47,2025-11-12 17:00:26,29.5,inbound,22
ENT-01177,CPT-05178,4,9344.96,2025-12-06 13:50:06,2026-05-26 09:36:06,29.5,inbound,3
ENT-01266,CPT-01431,1,8296.54,2026-05-25 13:47:00,2026-05-25 13:47:00,29.5,inbound,16
ENT-00424,CPT-02136,5,6422.36,2025-08-06 11:15:22,2026-05-25 16:13:30,29.5,inbound,5
ENT-01311,CPT-04915,2,6232.73,2025-12-09 10:57:38,2026-02-24 10:47:50,29.5,inbound,4
ENT-01189,CPT-00625,1,5983.26,2025-09-15 13:50:02,2025-09-15 13:50:02,29.5,inbound,6
ENT-01476,CPT-03242,1,5688.39,2025-09-08 11:37:47,2025-09-08 11:37:47,29.5,outbound,34
ENT-01360,CPT-05372,1,5582.56,2026-04-30 17:29:52,2026-04-30 17:29:52,29.5,inbound,1
ENT-00081,CPT-01514,5,5446.12,2025-10-14 18:32:47,2026-07-24 15:39:22,29.5,inbound;outbound,8
ENT-01347,CPT-04136,1,5442.2,2026-04-15 14:44:06,2026-04-15 14:44:06,29.5,inbound,2
ENT-01220,CPT-01112,1,3987.87,2025-08-21 15:33:12,2025-08-21 15:33:12,29.5,inbound,49
ENT-01126,CPT-04280,1,3919.4,2025-08-04 13:00:02,2025-08-04 13:00:02,29.5,inbound,7
ENT-01083,CPT-01070,1,3848.41,2025-08-05 16:41:02,2025-08-05 16:41:02,29.5,inbound,3
ENT-01194,CPT-04203,1,3732.78,2026-03-12 16:53:59,2026-03-12 16:53:59,29.5,inbound,2
ENT-01360,CPT-04070,1,3035.16,2025-08-21 09:25:58,2025-08-21 09:25:58,29.5,inbound,2
ENT-01199,CPT-05929,2,2478.38,2025-08-11 15:22:32,2026-05-04 13:18:34,29.5,inbound,1
ENT-01265,CPT-03922,1,2304.01,2025-11-28 15:56:39,2025-11-28 15:56:39,29.5,inbound,1
ENT-01162,CPT-03970,3,2091.26,2025-10-03 11:00:37,2026-03-19 11:16:05,29.5,inbound,3
ENT-00474,CPT-04975,1,502.88,2026-06-22 21:45:38,2026-06-22 21:45:38,29.5,outbound,5
ENT-00532,CPT-01626,1,52.02,2025-08-14 15:54:27,2025-08-14 15:54:27,29.5,outbound,1
ENT-01060,CPT-04973,2,38518.23,2026-02-27 12:08:26,2026-05-18 11:15:07,29.4,inbound,2
ENT-01105,CPT-01770,6,28284.43,2025-08-05 12:35:53,2026-05-18 09:34:58,29.4,inbound,2
ENT-01348,CPT-04350,3,21943.51,2025-09-24 15:40:17,2026-04-24 13:18:55,29.4,inbound,15
ENT-01164,CPT-01905,5,21915.97,2025-08-14 17:09:01,2026-07-14 17:15:55,29.4,inbound,17
ENT-01474,CPT-02723,5,21595.34,2025-10-02 16:44:36,2026-06-05 12:57:00,29.4,outbound,5
ENT-01059,CPT-04678,3,20543.76,2025-12-01 13:13:41,2026-05-26 16:09:19,29.4,inbound,8
ENT-01175,CPT-02394,4,17077.68,2025-08-06 11:48:47,2026-07-10 16:27:57,29.4,outbound,4
ENT-01203,CPT-04033,2,13849.04,2025-11-26 13:07:41,2026-06-01 17:24:44,29.4,inbound,6
ENT-01085,CPT-05061,3,12364.93,2025-09-03 11:51:55,2026-05-14 14:57:49,29.4,inbound,2
ENT-01088,CPT-05840,4,8569.32,2025-08-20 15:14:50,2025-12-11 13:13:04,29.4,inbound,1
ENT-01454,CPT-02929,4,8478.49,2025-12-23 11:29:01,2026-05-19 15:19:59,29.4,outbound,15
ENT-01218,CPT-01747,2,6964.77,2025-09-11 13:12:53,2026-07-17 14:08:00,29.4,inbound,2
ENT-01212,CPT-05633,5,6889.75,2025-08-07 15:38:46,2026-05-19 10:26:18,29.4,inbound,3
ENT-01339,CPT-01520,2,6476.61,2025-08-06 13:41:05,2026-04-02 17:44:22,29.4,inbound,1
ENT-01282,CPT-04639,2,6172.13,2025-09-18 17:35:20,2025-11-10 16:15:48,29.4,inbound,2
ENT-01395,CPT-05958,2,6082.27,2025-12-31 13:31:36,2026-01-06 12:22:54,29.4,inbound,13
ENT-01236,CPT-03242,4,5460.06,2025-08-04 12:26:00,2025-12-24 15:38:41,29.4,outbound,34
ENT-01137,CPT-04953,2,5397.08,2025-08-05 12:25:24,2026-06-10 13:56:12,29.4,inbound,2
ENT-01204,CPT-04077,1,5140.17,2026-05-18 13:39:24,2026-05-18 13:39:24,29.4,inbound,3
ENT-01340,CPT-04443,1,4755.7,2025-12-06 11:08:55,2025-12-06 11:08:55,29.4,inbound,4
ENT-01297,CPT-04290,1,4357.38,2026-01-01 12:59:38,2026-01-01 12:59:38,29.4,inbound,7
ENT-01120,CPT-05639,2,3762.13,2025-08-12 10:53:46,2025-12-11 10:16:42,29.4,inbound,3
ENT-01210,CPT-03206,2,3452.18,2025-08-04 12:29:33,2025-08-12 17:33:28,29.4,outbound,38
ENT-01069,CPT-02393,2,3186.28,2025-09-25 14:05:06,2026-04-28 10:36:01,29.4,outbound,2
ENT-01282,CPT-03136,1,3001.45,2025-09-16 09:26:13,2025-09-16 09:26:13,29.4,outbound,3
ENT-01096,CPT-05668,2,2943.38,2025-08-07 15:48:14,2026-06-19 12:44:12,29.4,inbound,3
ENT-01262,CPT-02293,3,2836.55,2025-09-30 12:17:21,2026-07-13 17:21:50,29.4,inbound,1
ENT-01247,CPT-00951,1,2692.74,2025-08-19 15:56:41,2025-08-19 15:56:41,29.4,inbound,1
ENT-01150,CPT-01698,1,1716.28,2025-09-06 10:06:52,2025-09-06 10:06:52,29.4,inbound,4
ENT-01130,CPT-02498,1,1130.55,2025-12-02 15:28:15,2025-12-02 15:28:15,29.4,outbound,45
ENT-00876,CPT-01524,1,997.92,2026-05-24 20:07:18,2026-05-24 20:07:18,29.4,outbound,1
ENT-01057,CPT-03174,1,934.22,2025-08-11 15:18:21,2025-08-11 15:18:21,29.4,outbound,6
ENT-01169,CPT-01413,1,734.23,2026-04-29 12:23:46,2026-04-29 12:23:46,29.4,inbound,1
ENT-01115,CPT-00722,1,651.66,2025-09-20 10:32:44,2025-09-20 10:32:44,29.4,inbound,5
ENT-01384,CPT-02676,1,355.67,2026-03-05 16:58:22,2026-03-05 16:58:22,29.4,outbound,2
ENT-01146,CPT-04560,3,52325.41,2026-05-27 17:53:29,2026-07-21 09:06:54,29.3,inbound,2
ENT-01196,CPT-03729,3,29108.5,2025-12-30 12:29:54,2026-06-03 17:25:59,29.3,inbound,69
ENT-01398,CPT-05852,3,24748.17,2025-08-26 15:12:01,2026-01-19 13:55:32,29.3,inbound,5
ENT-01414,CPT-02385,3,21868.85,2025-12-16 13:49:54,2026-06-12 17:56:51,29.3,inbound,3
ENT-01432,CPT-02493,1,16669.11,2026-01-22 10:25:13,2026-01-22 10:25:13,29.3,outbound,101
ENT-01349,CPT-05381,4,11635.53,2025-10-27 13:02:03,2026-06-03 14:32:32,29.3,inbound,2
ENT-01320,CPT-04942,3,10505.28,2025-10-31 16:46:12,2026-01-16 17:33:54,29.3,inbound,36
ENT-01205,CPT-01264,2,7420.21,2025-12-22 09:13:08,2026-02-02 12:25:58,29.3,inbound,3
ENT-01293,CPT-05072,4,5758.44,2025-12-21 09:35:35,2026-04-27 16:18:39,29.3,inbound,31
ENT-01410,CPT-05562,2,5097.59,2025-09-30 17:13:05,2026-04-14 12:18:39,29.3,inbound,1
ENT-01456,CPT-05039,4,4384.47,2025-09-07 12:53:03,2026-03-19 13:00:07,29.3,inbound,17
ENT-01137,CPT-05017,1,3799.25,2026-07-08 16:37:03,2026-07-08 16:37:03,29.3,inbound,64
ENT-01467,CPT-02419,2,3783.97,2025-12-18 15:03:03,2026-05-07 13:11:22,29.3,outbound,3
ENT-01411,CPT-03357,1,2760.08,2025-08-11 13:04:46,2025-08-11 13:04:46,29.3,outbound,9
ENT-01071,CPT-05301,2,2744.49,2026-04-19 13:00:06,2026-06-18 15:13:58,29.3,inbound,6
ENT-01140,CPT-02493,1,2556.56,2026-05-19 17:31:23,2026-05-19 17:31:23,29.3,outbound,101
ENT-01387,CPT-03297,1,2474.11,2025-08-21 11:14:58,2025-08-21 11:14:58,29.3,outbound,110
ENT-01010,CPT-01742,3,2309.44,2025-10-31 22:21:39,2026-06-12 15:29:17,29.3,inbound;outbound,27
ENT-01183,CPT-04170,1,1830.9,2026-04-01 16:35:37,2026-04-01 16:35:37,29.3,inbound,1
ENT-01432,CPT-02029,1,1572.79,2025-08-19 15:35:25,2025-08-19 15:35:25,29.3,inbound,3
ENT-00130,CPT-01540,6,1405.01,2025-09-10 17:16:36,2026-06-15 20:10:03,29.3,inbound;outbound,2
ENT-01193,CPT-03252,1,1141.81,2025-09-26 10:45:51,2025-09-26 10:45:51,29.3,outbound,1
ENT-00675,CPT-01047,6,882.81,2025-08-13 18:48:14,2026-06-17 10:02:39,29.3,inbound,9
ENT-00980,CPT-02038,1,250.45,2025-08-07 12:54:26,2025-08-07 12:54:26,29.3,outbound,2
ENT-01113,CPT-05340,4,34106.9,2025-11-18 16:02:47,2026-07-15 10:26:37,29.2,inbound,1
ENT-01179,CPT-02695,2,23274.65,2025-10-09 09:05:29,2026-04-03 17:50:29,29.2,outbound,166
ENT-01136,CPT-02860,3,22220.34,2026-03-24 09:41:34,2026-06-02 10:10:22,29.2,outbound,4
ENT-01141,CPT-03251,6,13530.65,2025-09-23 10:12:42,2026-07-14 16:31:31,29.2,outbound,1
ENT-01132,CPT-03672,3,13241.91,2025-10-29 13:08:35,2026-06-24 13:20:04,29.2,inbound,6
ENT-01423,CPT-03197,2,13237.91,2025-11-27 15:25:27,2026-01-29 12:53:58,29.2,outbound,39
ENT-01108,CPT-02811,6,12137.7,2025-09-23 16:42:37,2026-07-14 13:25:20,29.2,outbound,1
ENT-01051,CPT-05831,1,10951.3,2026-04-27 09:01:16,2026-04-27 09:01:16,29.2,inbound,4
ENT-00278,CPT-01750,4,10339.18,2025-08-14 14:19:26,2026-05-05 15:27:09,29.2,inbound;outbound,1
ENT-01328,CPT-05176,1,8981.94,2026-03-19 14:21:15,2026-03-19 14:21:15,29.2,inbound,1
ENT-01335,CPT-03707,2,8432.04,2026-06-18 17:57:44,2026-06-24 12:31:43,29.2,inbound,1
ENT-01484,CPT-02496,4,8091.83,2025-09-11 17:51:38,2026-06-02 14:48:01,29.2,outbound,3
ENT-01079,CPT-00757,2,7935.99,2025-12-10 16:22:41,2026-02-24 09:54:59,29.2,inbound,1
ENT-01466,CPT-04303,3,7469.77,2025-10-21 15:00:10,2026-06-02 09:32:06,29.2,inbound,22
ENT-01458,CPT-04705,4,6833.35,2025-08-15 15:25:45,2026-07-21 12:42:27,29.2,inbound,2
ENT-01095,CPT-03390,1,6515.69,2026-02-02 16:19:31,2026-02-02 16:19:31,29.2,outbound,8
ENT-01148,CPT-05823,1,5950.26,2026-04-27 17:08:04,2026-04-27 17:08:04,29.2,inbound,3
ENT-01332,CPT-01112,2,5494.84,2025-12-08 10:32:59,2026-03-30 16:28:42,29.2,inbound,49
ENT-01186,CPT-02784,3,4392.0,2025-11-28 10:22:06,2026-04-06 17:31:31,29.2,outbound,40
ENT-01232,CPT-05017,3,4113.63,2025-11-09 12:53:36,2026-06-29 12:03:16,29.2,inbound,64
ENT-01373,CPT-02761,1,3908.48,2026-05-13 09:29:35,2026-05-13 09:29:35,29.2,outbound,2
ENT-01280,CPT-03958,3,2778.85,2025-09-03 16:00:16,2026-05-12 17:38:44,29.2,inbound,8
ENT-01079,CPT-05836,1,2381.81,2025-09-15 17:15:30,2025-09-15 17:15:30,29.2,inbound,4
ENT-00852,CPT-01742,6,1171.98,2025-09-17 18:10:34,2026-07-03 15:10:48,29.2,inbound;outbound,27
ENT-01203,CPT-02555,1,905.27,2026-05-19 10:17:03,2026-05-19 10:17:03,29.2,outbound,5
ENT-00195,CPT-01727,1,264.04,2025-08-09 12:09:28,2025-08-09 12:09:28,29.2,outbound,12
ENT-01466,CPT-03840,6,33667.29,2025-08-11 11:45:22,2026-05-19 11:25:26,29.1,inbound,1
ENT-01265,CPT-03495,4,27567.46,2025-12-16 12:22:57,2026-05-26 16:44:40,29.1,outbound,3
ENT-01224,CPT-04853,3,24499.88,2025-11-04 11:42:33,2026-06-05 10:29:17,29.1,inbound,1
ENT-01201,CPT-03958,2,24222.14,2025-10-15 11:12:29,2025-10-28 14:16:00,29.1,inbound,8
ENT-01183,CPT-04158,2,24208.35,2026-01-08 09:46:30,2026-03-31 17:37:46,29.1,inbound,1
ENT-01342,CPT-04241,2,20428.45,2025-09-25 11:27:56,2026-07-14 17:07:00,29.1,inbound,1
ENT-01151,CPT-00932,2,20347.16,2025-09-19 17:12:20,2026-04-03 10:10:34,29.1,inbound,6
ENT-00081,CPT-01223,7,17263.36,2025-08-21 11:52:06,2026-07-29 12:50:43,29.1,inbound;outbound,5
ENT-01200,CPT-05851,1,13111.28,2025-09-15 13:53:44,2025-09-15 13:53:44,29.1,inbound,7
ENT-01092,CPT-03497,1,12329.01,2026-06-04 12:53:25,2026-06-04 12:53:25,29.1,outbound,4
ENT-01348,CPT-05618,3,11887.81,2025-09-03 12:36:49,2026-05-05 17:55:00,29.1,inbound,6
ENT-01349,CPT-02567,5,9082.19,2025-10-03 11:41:11,2026-05-04 10:16:13,29.1,outbound,4
ENT-01277,CPT-03756,2,8576.76,2026-03-30 12:08:15,2026-04-15 16:31:58,29.1,inbound,6
ENT-01113,CPT-04901,4,8545.33,2025-08-01 15:17:04,2026-03-13 13:43:45,29.1,inbound,9
ENT-01323,CPT-02498,3,8213.69,2026-03-03 17:03:29,2026-07-07 16:29:40,29.1,outbound,45
ENT-01212,CPT-05477,3,5328.89,2025-09-10 09:26:44,2026-07-23 10:37:38,29.1,inbound,1
ENT-01380,CPT-01607,1,3717.95,2026-04-12 14:10:17,2026-04-12 14:10:17,29.1,inbound,4
ENT-00855,CPT-01609,2,2997.24,2025-11-28 19:14:19,2026-01-15 15:12:30,29.1,inbound;outbound,2
ENT-01441,CPT-05270,1,1540.06,2025-08-27 11:47:02,2025-08-27 11:47:02,29.1,inbound,2
ENT-01241,CPT-04819,4,29977.94,2025-09-23 14:30:50,2026-06-23 15:04:10,29.0,inbound,1
ENT-01200,CPT-02029,1,27749.45,2026-04-17 09:10:50,2026-04-17 09:10:50,29.0,inbound,3
ENT-01297,CPT-05017,3,25732.0,2025-08-22 09:07:58,2026-07-09 09:58:11,29.0,inbound,64
ENT-01130,CPT-04582,1,21643.61,2026-03-19 15:05:47,2026-03-19 15:05:47,29.0,inbound,6
ENT-01085,CPT-03238,3,15825.42,2025-09-04 10:50:25,2026-02-25 12:36:31,29.0,outbound,1
ENT-01051,CPT-02828,4,14778.17,2026-01-15 10:11:58,2026-05-26 13:02:48,29.0,outbound,5
ENT-01299,CPT-03981,3,13271.15,2025-08-22 11:10:06,2025-11-03 10:37:03,29.0,inbound,191
ENT-01120,CPT-03729,2,9740.75,2025-08-13 13:10:26,2026-07-10 13:46:11,29.0,inbound,69
ENT-01204,CPT-04066,2,9358.69,2025-08-15 11:30:26,2026-07-01 10:59:09,29.0,inbound,1
ENT-01320,CPT-02431,5,9210.87,2025-10-23 10:30:58,2026-03-05 11:33:42,29.0,outbound,30
ENT-01472,CPT-02178,2,9112.59,2026-02-16 16:06:56,2026-03-25 17:31:58,29.0,inbound,5
ENT-01131,CPT-03729,2,7141.04,2025-09-26 17:52:28,2026-02-18 13:32:32,29.0,inbound,69
ENT-01280,CPT-04340,2,6456.66,2026-01-16 12:45:59,2026-05-27 15:41:58,29.0,inbound,1
ENT-01292,CPT-02059,1,6323.12,2026-07-31 15:25:41,2026-07-31 15:25:41,29.0,inbound,6
ENT-01083,CPT-00771,2,6110.21,2025-12-21 16:33:06,2026-04-29 10:51:20,29.0,inbound,2
ENT-01262,CPT-04350,4,5443.26,2025-10-13 15:06:07,2026-07-22 11:48:55,29.0,inbound,15
ENT-01465,CPT-04462,1,2351.1,2026-05-01 16:26:05,2026-05-01 16:26:05,29.0,inbound,3
ENT-01169,CPT-02690,2,1863.08,2026-05-20 09:03:00,2026-06-23 13:59:17,29.0,outbound,6
ENT-00246,CPT-01214,9,1177.7,2025-09-15 21:02:14,2026-07-30 12:51:07,29.0,inbound;outbound,2
ENT-01497,CPT-05017,2,962.63,2025-08-25 17:53:43,2026-02-13 12:38:20,29.0,inbound,64
ENT-01312,CPT-05751,6,40168.28,2025-09-24 09:21:02,2026-07-20 15:10:49,28.9,inbound,1
ENT-01057,CPT-05644,7,36321.92,2025-08-05 12:32:30,2026-07-14 11:55:00,28.9,inbound,1
ENT-01472,CPT-03875,2,27574.74,2026-06-25 17:20:42,2026-07-16 09:10:03,28.9,inbound,2
ENT-01340,CPT-03037,2,20035.62,2025-08-11 12:43:21,2026-01-09 11:16:18,28.9,outbound,10
ENT-01415,CPT-04114,1,17575.68,2026-04-16 16:22:25,2026-04-16 16:22:25,28.9,inbound,19
ENT-01348,CPT-02199,5,16702.76,2025-08-27 12:54:26,2026-07-22 11:29:58,28.9,inbound,1
ENT-01058,CPT-04077,2,13189.57,2026-01-05 11:11:55,2026-07-24 17:55:03,28.9,inbound,3
ENT-01305,CPT-02817,3,11647.03,2025-11-13 10:09:22,2026-06-02 16:43:24,28.9,outbound,7
ENT-01360,CPT-03066,3,10710.04,2025-08-12 14:14:09,2026-01-26 16:30:27,28.9,outbound,3
ENT-01319,CPT-04609,3,10617.74,2025-08-27 09:23:36,2026-07-13 10:16:28,28.9,inbound,1
ENT-01119,CPT-03258,5,9530.03,2025-08-26 17:16:30,2026-06-25 11:20:46,28.9,outbound,6
ENT-01231,CPT-01182,5,9391.62,2025-09-08 11:56:01,2026-07-14 16:57:56,28.9,inbound,3
ENT-01183,CPT-05020,2,7434.1,2026-01-15 13:40:43,2026-07-30 13:22:03,28.9,inbound,5
ENT-01180,CPT-02711,3,6007.16,2025-09-15 17:37:22,2026-03-20 14:27:11,28.9,outbound,4
ENT-01289,CPT-03113,2,1912.36,2026-01-13 10:30:44,2026-05-12 15:26:37,28.9,outbound,4
ENT-01280,CPT-04298,1,1109.25,2025-10-24 15:02:31,2025-10-24 15:02:31,28.9,inbound,2
ENT-01265,CPT-02086,1,816.73,2026-04-14 13:43:32,2026-04-14 13:43:32,28.9,inbound,1
ENT-00797,CPT-05558,2,461.53,2025-09-28 13:06:57,2026-01-26 17:41:44,28.9,outbound,4
ENT-00303,CPT-01901,1,221.05,2025-10-25 18:35:07,2025-10-25 18:35:07,28.9,outbound,2
ENT-00195,CPT-03795,1,60.53,2025-09-30 12:47:18,2025-09-30 12:47:18,28.9,outbound,9
ENT-01345,CPT-00774,4,42860.58,2025-08-12 10:25:29,2026-05-19 17:17:33,28.8,inbound,13
ENT-01363,CPT-04720,4,35089.3,2025-08-19 11:05:06,2026-06-08 12:07:44,28.8,inbound,5
ENT-01225,CPT-04923,3,19335.03,2026-01-27 15:39:02,2026-05-21 10:19:58,28.8,inbound,4
ENT-01311,CPT-05002,1,18851.53,2026-06-03 13:33:59,2026-06-03 13:33:59,28.8,inbound,2
ENT-01459,CPT-05366,2,17645.02,2025-09-29 13:49:19,2025-11-13 14:06:22,28.8,inbound,6
ENT-01423,CPT-03414,4,16609.66,2026-01-29 12:20:15,2026-01-29 12:54:01,28.8,outbound,8
ENT-01415,CPT-01020,2,14059.5,2026-01-16 15:27:20,2026-03-04 16:33:43,28.8,inbound,11
ENT-01079,CPT-05712,5,12640.81,2025-10-21 15:49:00,2026-07-31 14:59:59,28.8,inbound,3
ENT-01423,CPT-04895,4,12225.45,2025-08-15 11:40:52,2026-04-27 10:28:21,28.8,inbound,2
ENT-01194,CPT-03163,4,10434.32,2025-09-16 13:44:15,2026-04-14 13:55:02,28.8,outbound,3
ENT-01426,CPT-04375,1,8476.79,2025-09-30 17:52:20,2025-09-30 17:52:20,28.8,inbound,4
ENT-01424,CPT-03983,1,6143.97,2025-09-17 10:04:01,2025-09-17 10:04:01,28.8,inbound,33
ENT-01281,CPT-02695,1,4438.84,2026-07-24 09:46:36,2026-07-24 09:46:36,28.8,outbound,166
ENT-01124,CPT-02547,2,4108.54,2026-02-05 12:33:46,2026-03-24 17:50:09,28.8,outbound,5
ENT-01164,CPT-02695,2,2776.34,2026-03-24 13:44:50,2026-05-13 14:32:17,28.8,outbound,166
ENT-01233,CPT-04945,1,2645.98,2025-12-15 16:14:58,2025-12-15 16:14:58,28.8,inbound,24
ENT-01135,CPT-05805,1,2380.0,2025-11-19 14:47:11,2025-11-19 14:47:11,28.8,inbound,10
ENT-01346,CPT-02787,1,2281.38,2025-10-07 09:44:25,2025-10-07 09:44:25,28.8,outbound,42
ENT-01335,CPT-04167,2,2128.83,2025-09-09 15:41:35,2026-05-22 13:26:14,28.8,inbound,1
ENT-01408,CPT-00797,1,1406.4,2026-03-16 16:13:49,2026-03-16 16:13:49,28.8,inbound,2
ENT-01182,CPT-03330,1,409.27,2025-09-25 17:20:58,2025-09-25 17:20:58,28.8,outbound,67
ENT-00081,CPT-05259,1,254.39,2026-07-09 22:15:00,2026-07-09 22:15:00,28.8,outbound,16
ENT-01423,CPT-03731,5,42665.5,2025-10-15 17:40:46,2026-04-17 14:32:04,28.7,inbound,22
ENT-01466,CPT-03611,3,31146.07,2025-10-13 11:52:35,2026-03-27 14:24:11,28.7,inbound,1
ENT-01055,CPT-01231,6,30878.99,2025-10-10 14:41:40,2026-03-27 11:40:22,28.7,inbound,1
ENT-01358,CPT-04592,3,30118.43,2025-11-19 15:04:00,2026-02-02 17:49:57,28.7,inbound,17
ENT-01372,CPT-04108,2,25614.27,2025-12-25 11:35:20,2026-03-30 14:24:13,28.7,inbound,2
ENT-01324,CPT-04661,2,23231.67,2026-04-09 11:41:42,2026-05-08 14:30:34,28.7,inbound,26
ENT-01233,CPT-02362,3,21609.09,2025-10-01 12:26:36,2026-07-01 15:21:20,28.7,inbound,4
ENT-01403,CPT-02493,6,13269.15,2025-10-02 15:58:04,2026-07-14 14:05:31,28.7,outbound,101
ENT-01345,CPT-05086,1,9107.76,2025-11-14 17:37:48,2025-11-14 17:37:48,28.7,inbound,15
ENT-01266,CPT-02787,1,8219.68,2026-06-05 17:20:12,2026-06-05 17:20:12,28.7,outbound,42
ENT-00278,CPT-01665,3,7644.08,2025-12-16 14:56:16,2026-02-04 16:15:16,28.7,inbound;outbound,1
ENT-01352,CPT-01256,2,6429.34,2025-12-29 16:05:13,2026-03-25 16:23:49,28.7,inbound,1
ENT-01449,CPT-03297,3,5741.71,2025-09-01 10:45:50,2026-04-16 17:10:59,28.7,outbound,110
ENT-01178,CPT-05474,2,5200.71,2025-08-19 14:57:36,2025-12-12 10:08:18,28.7,inbound,4
ENT-01069,CPT-00800,2,4235.85,2025-08-12 11:34:50,2025-12-30 16:00:12,28.7,inbound,3
ENT-01408,CPT-01222,1,3654.51,2026-07-29 14:50:59,2026-07-29 14:50:59,28.7,inbound,2
ENT-01464,CPT-02787,2,3647.51,2025-11-06 13:07:40,2026-07-02 13:31:59,28.7,outbound,42
ENT-01353,CPT-05017,1,3442.68,2025-09-12 17:33:16,2025-09-12 17:33:16,28.7,inbound,64
ENT-01071,CPT-03245,1,2032.34,2025-11-06 09:31:29,2025-11-06 09:31:29,28.7,outbound,4
ENT-01242,CPT-02806,1,1922.34,2026-05-21 16:14:14,2026-05-21 16:14:14,28.7,outbound,1
ENT-01489,CPT-03116,1,1201.73,2025-10-16 10:16:48,2025-10-16 10:16:48,28.7,outbound,17
ENT-01088,CPT-04324,2,1143.36,2026-05-13 13:23:20,2026-07-24 11:34:50,28.7,inbound,71
ENT-00471,CPT-00807,6,914.34,2025-08-25 13:34:18,2026-01-27 12:47:36,28.7,inbound;outbound,2
ENT-01231,CPT-02013,2,745.77,2025-12-06 13:34:04,2026-04-14 09:39:11,28.7,inbound,2
ENT-01005,CPT-04942,1,315.42,2026-04-18 14:18:57,2026-04-18 14:18:57,28.7,outbound,36
ENT-01229,CPT-00879,4,25976.64,2025-10-20 10:43:53,2026-06-05 09:05:03,28.6,inbound,1
ENT-01237,CPT-01396,1,19458.19,2026-04-08 09:04:17,2026-04-08 09:04:17,28.6,inbound,1
ENT-01092,CPT-04543,1,18639.63,2026-07-16 16:32:12,2026-07-16 16:32:12,28.6,inbound,2
ENT-01167,CPT-05319,5,16300.97,2025-09-08 12:27:50,2026-06-29 15:00:39,28.6,inbound,4
ENT-01408,CPT-02758,5,15058.33,2025-09-04 10:38:03,2026-07-21 13:12:23,28.6,outbound,35
ENT-01289,CPT-02258,1,13203.73,2026-03-30 12:16:16,2026-03-30 12:16:16,28.6,inbound,1
ENT-01212,CPT-03902,2,9624.96,2025-08-19 15:47:00,2026-07-22 17:23:28,28.6,inbound,3
ENT-01395,CPT-05450,1,8137.6,2025-08-22 09:22:09,2025-08-22 09:22:09,28.6,inbound,29
ENT-01487,CPT-02498,2,8006.49,2026-01-19 13:55:39,2026-02-24 10:40:56,28.6,outbound,45
ENT-01333,CPT-01112,4,7570.04,2025-10-13 16:50:42,2026-03-17 13:01:38,28.6,inbound,49
ENT-01323,CPT-03534,3,6698.52,2025-08-25 09:05:58,2026-06-16 14:43:01,28.6,outbound,30
ENT-01281,CPT-02493,2,6650.49,2025-08-15 12:59:51,2026-06-04 11:24:26,28.6,outbound,101
ENT-01305,CPT-02348,1,6206.52,2025-08-20 14:02:42,2025-08-20 14:02:42,28.6,inbound,1
ENT-00447,CPT-01611,6,4465.53,2025-08-14 13:26:05,2026-06-01 10:00:26,28.6,inbound;outbound,2
ENT-00880,CPT-01838,5,2643.69,2025-11-05 17:11:35,2026-05-09 19:24:43,28.6,inbound;outbound,24
ENT-00278,CPT-05391,3,1323.6,2025-08-19 11:17:05,2026-01-29 13:06:22,28.6,outbound,1
ENT-00522,CPT-02161,4,1013.42,2025-11-14 21:00:26,2026-01-30 11:38:50,28.6,inbound;outbound,27
ENT-01058,CPT-05078,2,345.04,2025-09-26 12:20:31,2026-07-15 14:00:25,28.6,inbound,49
ENT-01206,CPT-02629,6,44873.48,2025-09-11 17:06:16,2026-05-22 14:04:20,28.5,outbound,5
ENT-01346,CPT-01332,4,31796.57,2025-10-02 10:13:03,2026-06-19 15:58:57,28.5,inbound,1
ENT-01292,CPT-05202,7,26972.95,2025-08-21 09:23:42,2026-06-30 11:50:41,28.5,inbound,4
ENT-00079,CPT-00774,10,25321.18,2025-10-13 12:36:20,2026-07-14 15:09:04,28.5,inbound;outbound,13
ENT-01434,CPT-02286,1,21461.58,2025-11-19 15:09:01,2025-11-19 15:09:01,28.5,inbound,17
ENT-01478,CPT-03472,3,19760.87,2025-12-03 14:57:36,2026-05-11 10:47:23,28.5,outbound,3
ENT-01455,CPT-00810,4,14276.86,2025-10-23 11:31:53,2026-06-13 12:36:58,28.5,inbound,1
ENT-01183,CPT-01758,2,14120.48,2025-10-17 12:59:27,2026-04-20 11:31:49,28.5,inbound,2
ENT-01137,CPT-04402,1,13922.74,2025-09-26 17:05:53,2025-09-26 17:05:53,28.5,inbound,6
ENT-01122,CPT-02322,3,12266.14,2025-08-14 13:05:48,2026-06-08 15:30:43,28.5,inbound,1
ENT-01178,CPT-05072,1,11194.29,2025-09-04 15:30:13,2025-09-04 15:30:13,28.5,inbound,31
ENT-01141,CPT-02581,5,10642.18,2025-09-23 10:10:25,2026-07-14 16:32:47,28.5,outbound,2
ENT-01245,CPT-03731,1,9978.83,2025-11-21 17:37:35,2025-11-21 17:37:35,28.5,inbound,22
ENT-01072,CPT-03534,1,9175.5,2026-06-12 12:57:00,2026-06-12 12:57:00,28.5,outbound,30
ENT-01476,CPT-01838,3,7880.12,2025-08-18 09:49:43,2026-06-11 13:24:24,28.5,inbound,24
ENT-01339,CPT-04114,4,7619.41,2025-08-26 14:17:28,2026-01-28 16:01:48,28.5,inbound,19
ENT-01108,CPT-01440,2,6710.76,2025-10-30 13:29:18,2026-06-23 17:58:43,28.5,inbound,22
ENT-01115,CPT-05642,3,6219.1,2025-11-09 11:26:32,2025-12-21 16:31:59,28.5,inbound,7
ENT-01133,CPT-05259,1,5053.56,2026-04-03 17:57:12,2026-04-03 17:57:12,28.5,inbound,16
ENT-01205,CPT-00868,2,4184.62,2025-12-18 16:30:26,2026-06-24 09:33:02,28.5,inbound,1
ENT-01057,CPT-05483,1,3352.7,2026-01-16 15:13:30,2026-01-16 15:13:30,28.5,inbound,1
ENT-01367,CPT-02605,1,1012.62,2026-02-19 16:07:16,2026-02-19 16:07:16,28.5,outbound,2
ENT-00688,CPT-01742,2,238.99,2025-10-15 10:02:53,2026-05-09 14:59:02,28.5,outbound,27
ENT-00505,CPT-03648,1,170.82,2026-05-22 19:07:44,2026-05-22 19:07:44,28.5,outbound,2
ENT-00227,CPT-00964,1,45.19,2026-05-16 19:18:09,2026-05-16 19:18:09,28.5,outbound,6
ENT-00049,CPT-00016,24,62152.59,2025-08-15 10:25:16,2026-07-31 09:34:26,28.4,inbound,7
ENT-01259,CPT-01670,5,47308.6,2025-11-06 15:45:07,2026-06-01 13:49:28,28.4,inbound,2
ENT-01178,CPT-03800,3,35133.6,2026-05-20 12:50:48,2026-06-26 11:46:34,28.4,inbound,4
ENT-01277,CPT-05041,4,30557.37,2025-09-15 09:23:50,2026-05-26 16:39:11,28.4,inbound,4
ENT-01378,CPT-02161,2,24245.71,2025-11-25 12:21:20,2026-06-30 17:43:38,28.4,inbound,27
ENT-01170,CPT-05907,2,15218.58,2025-10-06 11:51:11,2026-02-09 17:47:02,28.4,inbound,2
ENT-01415,CPT-05672,2,14047.14,2025-08-15 10:07:01,2025-08-22 13:29:05,28.4,inbound,1
ENT-01233,CPT-05508,1,12407.35,2026-03-02 12:23:04,2026-03-02 12:23:04,28.4,inbound,1
ENT-01137,CPT-05112,2,11517.04,2025-09-19 17:40:32,2026-04-06 13:28:51,28.4,inbound,1
ENT-01426,CPT-03113,5,8589.56,2025-10-07 10:05:15,2026-04-02 10:36:05,28.4,outbound,4
ENT-01136,CPT-03601,1,6612.04,2026-01-30 13:57:27,2026-01-30 13:57:27,28.4,inbound,9
ENT-01371,CPT-01838,4,6386.14,2025-09-01 10:13:21,2026-07-20 13:29:25,28.4,inbound,24
ENT-01293,CPT-04190,3,6165.71,2025-09-02 17:16:39,2026-07-28 13:31:58,28.4,inbound,2
ENT-01092,CPT-04299,2,5595.64,2025-10-01 10:42:17,2026-01-19 17:40:35,28.4,inbound,44
ENT-01136,CPT-03106,2,4035.01,2025-10-28 12:07:29,2026-03-24 09:46:40,28.4,outbound,6
ENT-01206,CPT-04324,3,3854.63,2025-08-29 12:13:50,2026-07-16 17:06:27,28.4,inbound,71
ENT-01280,CPT-04855,2,3785.3,2025-12-04 14:26:34,2026-07-16 16:10:49,28.4,inbound,18
ENT-01094,CPT-04531,2,3416.8,2025-10-28 13:38:55,2026-05-25 17:00:50,28.4,inbound,1
ENT-01261,CPT-02695,1,1144.8,2026-03-09 09:01:43,2026-03-09 09:01:43,28.4,outbound,166
ENT-00868,CPT-03949,2,229.41,2026-05-03 10:14:06,2026-05-28 18:13:26,28.4,outbound,11
ENT-00821,CPT-05017,1,141.24,2025-11-08 13:43:30,2025-11-08 13:43:30,28.4,outbound,64
ENT-01242,CPT-01801,4,36582.34,2025-10-08 11:22:43,2026-04-16 12:16:07,28.3,inbound,2
ENT-01403,CPT-03469,5,23392.82,2025-08-28 12:28:27,2026-05-21 12:32:13,28.3,outbound,1
ENT-01094,CPT-05438,2,20367.0,2025-10-22 16:18:34,2026-07-21 16:55:26,28.3,inbound,1
ENT-01375,CPT-05706,1,18726.94,2025-09-29 11:14:07,2025-09-29 11:14:07,28.3,inbound,14
ENT-01225,CPT-01531,2,17550.71,2025-08-18 12:52:49,2026-05-11 09:30:50,28.3,inbound,4
ENT-01126,CPT-05078,2,17004.9,2025-10-20 14:53:22,2026-04-27 09:01:19,28.3,inbound,49
ENT-01371,CPT-02838,1,11824.08,2025-10-02 12:59:18,2025-10-02 12:59:18,28.3,outbound,5
ENT-01183,CPT-01399,2,11677.59,2026-02-13 17:38:34,2026-04-28 12:54:14,28.3,inbound,1
ENT-01186,CPT-04317,1,11439.47,2026-02-04 10:49:37,2026-02-04 10:49:37,28.3,inbound,2
ENT-01151,CPT-04419,2,10796.16,2026-03-05 11:20:38,2026-06-25 12:04:21,28.3,inbound,11
ENT-01466,CPT-02743,3,9528.21,2025-11-11 13:36:50,2026-02-12 09:08:49,28.3,outbound,8
ENT-01162,CPT-02286,5,8019.07,2025-08-11 11:47:56,2026-07-17 17:55:43,28.3,inbound,17
ENT-01200,CPT-01543,2,7521.63,2025-09-17 16:26:57,2026-03-30 17:13:35,28.3,inbound,1
ENT-01380,CPT-04257,2,6184.26,2025-10-11 17:04:15,2026-03-17 17:31:32,28.3,inbound,3
ENT-01010,CPT-02178,4,4628.98,2025-10-11 18:02:05,2026-07-06 17:39:31,28.3,inbound;outbound,5
ENT-01427,CPT-01987,3,4144.63,2026-03-08 11:53:56,2026-07-07 09:41:53,28.3,inbound,1
ENT-01138,CPT-02407,2,2705.52,2025-12-22 17:01:32,2026-06-22 16:20:17,28.3,outbound,1
ENT-01122,CPT-02694,1,1997.09,2026-07-07 13:43:17,2026-07-07 13:43:17,28.3,outbound,1
ENT-01061,CPT-03643,1,1878.29,2026-02-27 17:25:28,2026-02-27 17:25:28,28.3,inbound,2
ENT-01320,CPT-02305,1,1665.02,2025-12-15 15:40:28,2025-12-15 15:40:28,28.3,inbound,2
ENT-01456,CPT-00883,2,1114.57,2025-12-08 17:12:13,2026-01-24 15:53:46,28.3,inbound,1
ENT-00624,CPT-04383,3,818.54,2025-08-25 13:10:57,2025-12-26 22:03:15,28.3,outbound,2
ENT-01402,CPT-05745,1,773.66,2025-08-27 09:15:42,2025-08-27 09:15:42,28.3,inbound,4
ENT-00907,CPT-01047,3,518.86,2025-08-24 09:21:07,2026-02-10 12:33:22,28.3,outbound,9
ENT-01347,CPT-05543,1,459.46,2025-08-05 14:11:30,2025-08-05 14:11:30,28.3,inbound,3
ENT-01229,CPT-02906,1,434.66,2025-08-28 12:54:44,2025-08-28 12:54:44,28.3,outbound,3
ENT-01059,CPT-04171,1,249.94,2026-01-22 13:56:05,2026-01-22 13:56:05,28.3,inbound,2
ENT-00687,CPT-01548,1,100.03,2025-12-21 20:00:49,2025-12-21 20:00:49,28.3,outbound,4
ENT-01358,CPT-04661,3,24372.48,2025-11-24 14:33:39,2026-04-22 10:31:12,28.2,inbound,26
ENT-01424,CPT-01902,1,23516.49,2025-08-22 09:27:23,2025-08-22 09:27:23,28.2,inbound,5
ENT-00447,CPT-00626,7,21801.11,2025-08-20 17:01:11,2026-05-14 11:03:43,28.2,inbound;outbound,3
ENT-01397,CPT-05707,2,17845.52,2025-09-04 09:24:32,2025-11-04 11:02:56,28.2,inbound,4
ENT-01290,CPT-03086,2,15259.12,2026-01-15 14:33:50,2026-02-27 11:59:45,28.2,outbound,10
ENT-01232,CPT-05841,4,8930.44,2025-12-03 16:09:17,2026-07-18 12:31:02,28.2,inbound,2
ENT-01119,CPT-02308,1,6164.93,2025-09-04 14:32:56,2025-09-04 14:32:56,28.2,inbound,1
ENT-01492,CPT-02784,3,4274.14,2025-10-21 17:41:08,2025-11-11 11:37:52,28.2,outbound,40
ENT-01455,CPT-04556,1,3931.65,2026-03-14 13:31:46,2026-03-14 13:31:46,28.2,inbound,7
ENT-01058,CPT-02788,2,3363.32,2025-09-22 14:31:21,2026-02-03 09:19:22,28.2,outbound,2
ENT-01386,CPT-02695,1,2546.91,2026-06-10 17:44:37,2026-06-10 17:44:37,28.2,outbound,166
ENT-01150,CPT-01449,2,2119.37,2025-09-08 09:12:52,2026-07-28 17:27:19,28.2,inbound,7
ENT-00036,CPT-00735,11,1820.67,2025-08-11 14:26:24,2026-06-16 19:22:26,28.2,inbound;outbound,14
ENT-00474,CPT-00770,4,1576.75,2025-09-14 17:39:58,2026-07-07 13:03:50,28.2,outbound,5
ENT-01271,CPT-02410,3,1557.68,2026-04-07 11:40:01,2026-07-06 12:14:03,28.2,outbound,9
ENT-00454,CPT-00693,4,675.79,2025-10-15 22:24:16,2026-02-20 19:20:11,28.2,inbound;outbound,3
ENT-00868,CPT-04033,3,598.04,2026-03-03 20:56:38,2026-07-05 14:50:52,28.2,outbound,6
ENT-00454,CPT-01431,3,234.95,2026-02-28 15:59:12,2026-07-22 22:00:15,28.2,inbound,16
ENT-00079,CPT-03769,1,151.24,2025-12-04 13:27:37,2025-12-04 13:27:37,28.2,outbound,2
ENT-01292,CPT-04272,5,37159.88,2025-09-24 15:41:18,2026-07-24 16:20:51,28.1,inbound,3
ENT-01333,CPT-05181,4,35850.18,2025-10-16 14:42:21,2026-06-18 12:54:18,28.1,inbound,3
ENT-01170,CPT-04527,1,28500.66,2026-04-15 14:21:31,2026-04-15 14:21:31,28.1,inbound,7
ENT-01100,CPT-04556,4,22818.98,2025-11-07 12:03:47,2026-05-28 11:14:32,28.1,inbound,7
ENT-01320,CPT-01838,1,18403.48,2026-03-10 14:17:08,2026-03-10 14:17:08,28.1,inbound,24
ENT-01378,CPT-05734,4,15130.75,2025-11-06 16:40:06,2026-06-08 12:09:05,28.1,inbound,1
ENT-01140,CPT-01927,4,13031.92,2025-08-13 12:23:42,2026-05-11 15:57:40,28.1,inbound,18
ENT-01239,CPT-05143,5,12523.71,2025-08-08 16:32:12,2026-07-06 10:14:30,28.1,inbound,4
ENT-01311,CPT-00997,2,12284.04,2025-12-19 15:39:03,2026-02-05 13:41:54,28.1,inbound,4
ENT-01377,CPT-04136,2,11960.94,2025-08-20 14:21:16,2026-01-05 14:14:02,28.1,inbound,2
ENT-01119,CPT-05642,1,11449.93,2026-02-05 11:25:24,2026-02-05 11:25:24,28.1,inbound,7
ENT-01352,CPT-05450,2,10989.93,2026-05-29 10:02:22,2026-06-17 12:37:25,28.1,inbound,29
ENT-01199,CPT-04868,2,9513.32,2026-01-02 16:14:57,2026-07-24 11:57:13,28.1,inbound,2
ENT-01165,CPT-03618,5,7843.04,2025-09-22 10:39:25,2026-02-01 17:32:43,28.1,inbound,1
ENT-01462,CPT-05766,2,5558.24,2025-10-27 12:38:15,2026-06-05 16:45:52,28.1,inbound,6
ENT-01067,CPT-02464,2,3653.13,2025-10-09 12:53:32,2026-06-23 16:06:05,28.1,outbound,2
ENT-01111,CPT-04750,1,2614.43,2025-09-15 17:41:00,2025-09-15 17:41:00,28.1,inbound,1
ENT-01468,CPT-03214,1,999.31,2025-09-16 11:11:37,2025-09-16 11:11:37,28.1,outbound,5
ENT-00549,CPT-01487,2,253.09,2025-08-20 11:30:30,2026-03-15 11:57:31,28.1,outbound,9
ENT-01179,CPT-04616,7,35352.16,2025-11-13 17:01:52,2026-06-26 10:02:40,28.0,inbound,1
ENT-01200,CPT-03892,2,27409.78,2025-10-09 14:20:09,2025-10-29 16:07:33,28.0,inbound,6
ENT-01094,CPT-05078,2,26798.17,2025-11-28 14:49:23,2025-12-19 13:41:34,28.0,inbound,49
ENT-01151,CPT-04808,2,24943.86,2025-09-26 17:36:47,2025-10-24 13:23:45,28.0,inbound,6
ENT-01060,CPT-04542,3,22378.71,2025-09-05 09:51:12,2026-04-17 12:36:13,28.0,inbound,2
ENT-01178,CPT-05022,1,19489.66,2026-01-19 15:45:46,2026-01-19 15:45:46,28.0,inbound,9
ENT-01299,CPT-04617,2,16297.47,2025-10-09 12:28:11,2025-10-13 10:02:24,28.0,inbound,1
ENT-01305,CPT-05859,2,14627.1,2025-09-11 16:34:11,2025-12-26 17:08:00,28.0,inbound,1
ENT-01261,CPT-00894,6,14536.94,2025-09-04 11:06:09,2026-07-17 11:52:32,28.0,inbound,2
ENT-01467,CPT-04299,2,14287.24,2026-06-01 12:57:04,2026-06-25 10:46:45,28.0,inbound,44
ENT-01083,CPT-01963,3,14107.95,2025-10-21 14:31:35,2026-02-17 11:00:32,28.0,inbound,1
ENT-01452,CPT-02286,2,13357.52,2025-08-28 16:29:01,2026-07-30 10:58:09,28.0,inbound,17
ENT-01341,CPT-02248,5,12446.56,2025-11-08 15:20:50,2026-05-14 12:04:02,28.0,inbound,7
ENT-01454,CPT-01285,2,11892.64,2025-12-24 10:42:56,2026-07-16 15:00:06,28.0,inbound,25
ENT-01126,CPT-01624,2,10259.99,2025-10-17 10:04:12,2025-11-18 15:12:54,28.0,inbound,1
ENT-01162,CPT-04114,2,10106.04,2026-03-05 10:21:51,2026-03-10 14:47:43,28.0,inbound,19
ENT-01374,CPT-01223,2,9442.42,2025-10-03 11:37:08,2026-03-17 12:36:53,28.0,inbound,5
ENT-01200,CPT-04706,1,9324.28,2026-02-19 16:16:16,2026-02-19 16:16:16,28.0,inbound,2
ENT-01199,CPT-05355,2,8921.59,2026-03-24 12:36:02,2026-07-24 13:05:12,28.0,inbound,9
ENT-01331,CPT-02695,1,4028.17,2025-08-27 09:48:19,2025-08-27 09:48:19,28.0,outbound,166
ENT-01090,CPT-02771,1,2642.15,2026-04-08 12:44:28,2026-04-08 12:44:28,28.0,outbound,25
ENT-00042,CPT-00595,1,1125.85,2025-09-09 11:47:58,2025-09-09 11:47:58,28.0,inbound,5
ENT-00907,CPT-00822,3,603.28,2025-12-28 18:15:41,2026-07-07 13:15:05,28.0,outbound,5
ENT-00644,CPT-03981,1,312.93,2025-10-13 10:38:07,2025-10-13 10:38:07,28.0,outbound,191
ENT-01424,CPT-00593,4,49555.0,2025-09-30 15:30:28,2026-07-23 16:35:47,27.9,inbound,1
ENT-01233,CPT-05819,1,22557.19,2026-07-07 09:51:11,2026-07-07 09:51:11,27.9,inbound,2
ENT-01191,CPT-01344,3,22033.53,2025-10-07 17:11:09,2026-04-20 11:27:42,27.9,inbound,2
ENT-01057,CPT-04402,3,19667.08,2025-09-02 11:41:49,2026-06-29 16:45:21,27.9,inbound,6
ENT-01333,CPT-01341,4,18497.18,2025-09-25 16:42:30,2026-06-25 17:31:12,27.9,inbound,1
ENT-01140,CPT-01540,3,15133.79,2025-11-06 10:22:07,2026-04-24 17:30:54,27.9,inbound,2
ENT-01385,CPT-02687,7,14021.6,2025-10-21 12:39:20,2026-05-26 18:21:44,27.9,outbound,15
ENT-01130,CPT-04847,1,13392.46,2025-10-03 15:47:36,2025-10-03 15:47:36,27.9,inbound,1
ENT-01478,CPT-03714,4,12976.4,2025-08-18 15:42:28,2026-02-03 15:44:46,27.9,inbound,2
ENT-01079,CPT-03005,2,12494.09,2026-01-13 14:03:51,2026-06-16 13:58:08,27.9,outbound,6
ENT-01169,CPT-02870,3,11485.6,2026-04-06 12:28:12,2026-05-27 09:16:25,27.9,outbound,54
ENT-01057,CPT-03731,1,10436.78,2025-11-27 17:10:09,2025-11-27 17:10:09,27.9,inbound,22
ENT-01340,CPT-02695,5,9570.3,2025-09-23 17:06:56,2026-02-19 14:18:53,27.9,outbound,166
ENT-01375,CPT-03593,1,7869.77,2025-10-30 15:32:54,2025-10-30 15:32:54,27.9,inbound,8
ENT-01132,CPT-04198,1,6140.86,2025-10-02 15:03:04,2025-10-02 15:03:04,27.9,inbound,3
ENT-01105,CPT-03068,2,5783.57,2025-10-15 17:29:52,2025-12-02 12:34:57,27.9,outbound,22
ENT-01247,CPT-05147,1,4615.22,2026-04-30 16:30:42,2026-04-30 16:30:42,27.9,inbound,1
ENT-01237,CPT-02978,1,3802.94,2026-07-14 16:59:01,2026-07-14 16:59:01,27.9,outbound,1
ENT-01179,CPT-04736,1,3032.92,2025-12-11 14:24:07,2025-12-11 14:24:07,27.9,inbound,2
ENT-01407,CPT-04369,1,2866.02,2026-02-06 10:38:58,2026-02-06 10:38:58,27.9,inbound,1
ENT-01449,CPT-01594,1,2524.2,2025-08-25 10:45:13,2025-08-25 10:45:13,27.9,inbound,1
ENT-01196,CPT-03767,1,2408.21,2026-06-11 09:15:49,2026-06-11 09:15:49,27.9,inbound,1
ENT-01100,CPT-01441,1,2075.68,2025-09-05 09:03:48,2025-09-05 09:03:48,27.9,inbound,5
ENT-01282,CPT-04720,2,1847.02,2025-10-24 15:01:13,2026-06-12 16:16:41,27.9,inbound,5
ENT-00368,CPT-01574,2,1504.95,2026-06-21 18:32:12,2026-07-16 09:09:55,27.9,inbound;outbound,1
ENT-00447,CPT-05958,3,482.52,2025-10-24 19:33:23,2026-07-31 09:36:41,27.9,outbound,13
ENT-00918,CPT-02286,2,436.72,2025-11-20 17:53:50,2026-01-03 18:55:28,27.9,outbound,17
ENT-01462,CPT-02286,4,44141.15,2025-10-08 10:10:39,2026-06-02 17:30:58,27.8,inbound,17
ENT-01094,CPT-05652,2,36570.66,2026-03-30 16:50:15,2026-07-22 15:26:47,27.8,inbound,1
ENT-01387,CPT-05450,2,25690.22,2026-01-26 13:42:39,2026-06-25 15:20:38,27.8,inbound,29
ENT-01177,CPT-01226,9,20052.91,2025-08-21 16:12:15,2026-07-03 17:18:22,27.8,inbound,1
ENT-01232,CPT-04570,9,14172.77,2025-09-15 13:18:47,2026-06-03 15:25:16,27.8,inbound,1
ENT-01393,CPT-03330,4,12248.51,2025-10-30 16:50:57,2026-07-16 11:15:33,27.8,outbound,67
ENT-01293,CPT-01096,4,11814.76,2026-02-22 10:39:37,2026-06-02 16:35:53,27.8,inbound,17
ENT-01367,CPT-02743,3,11000.45,2025-11-25 17:14:09,2026-03-19 12:44:24,27.8,outbound,8
ENT-01388,CPT-02572,2,9762.57,2026-02-12 13:32:03,2026-03-05 10:04:23,27.8,outbound,3
ENT-01062,CPT-03330,3,9101.71,2025-09-25 14:21:10,2025-10-14 12:32:17,27.8,outbound,67
ENT-01280,CPT-00860,3,9028.28,2025-09-16 17:15:44,2026-05-14 12:37:40,27.8,inbound,16
ENT-01096,CPT-04515,2,8443.29,2025-11-21 15:31:41,2026-04-11 09:15:38,27.8,inbound,3
ENT-01423,CPT-04162,1,7587.44,2026-07-13 11:19:33,2026-07-13 11:19:33,27.8,inbound,4
ENT-01096,CPT-01195,4,5322.83,2025-09-12 15:43:12,2026-06-11 11:26:35,27.8,inbound,1
ENT-01293,CPT-03980,2,5029.18,2025-09-29 15:24:42,2026-02-22 12:56:27,27.8,inbound,32
ENT-01232,CPT-02838,3,3455.63,2025-08-25 15:24:54,2026-07-08 13:04:42,27.8,outbound,5
ENT-01340,CPT-02751,1,3235.14,2025-09-11 17:20:03,2025-09-11 17:20:03,27.8,outbound,2
ENT-01062,CPT-02667,2,2929.01,2025-09-30 10:31:47,2026-07-09 12:26:57,27.8,outbound,8
ENT-01299,CPT-05187,1,2731.11,2026-04-16 13:50:39,2026-04-16 13:50:39,27.8,inbound,2
ENT-01341,CPT-02821,1,2419.94,2026-05-22 09:39:48,2026-05-22 09:39:48,27.8,outbound,28
ENT-01397,CPT-04872,1,2396.68,2025-09-19 17:03:29,2025-09-19 17:03:29,27.8,inbound,2
ENT-01143,CPT-03242,1,1857.73,2025-12-02 09:33:46,2025-12-02 09:33:46,27.8,outbound,34
ENT-01083,CPT-04350,1,1186.68,2026-06-19 17:40:08,2026-06-19 17:40:08,27.8,inbound,15
ENT-00678,CPT-01723,2,360.55,2025-09-21 14:04:58,2026-03-20 12:32:11,27.8,outbound,3
ENT-01252,CPT-05129,2,22444.01,2025-12-31 13:36:06,2026-07-29 09:38:57,27.7,inbound,2
ENT-01465,CPT-05925,2,17005.41,2025-11-14 16:47:56,2025-11-20 13:27:25,27.7,inbound,1
ENT-01453,CPT-05181,1,16522.4,2025-08-22 13:55:31,2025-08-22 13:55:31,27.7,inbound,3
ENT-01113,CPT-04329,5,16226.59,2025-09-04 17:47:29,2026-04-10 10:33:01,27.7,inbound,2
ENT-01414,CPT-05578,1,13104.03,2026-01-22 15:34:29,2026-01-22 15:34:29,27.7,inbound,1
ENT-01333,CPT-05414,4,7865.23,2025-11-21 14:53:01,2026-04-16 16:19:30,27.7,inbound,22
ENT-01175,CPT-02486,4,6439.36,2025-12-02 15:25:02,2026-06-03 12:56:53,27.7,outbound,11
ENT-01191,CPT-02493,3,6229.38,2026-02-06 11:06:30,2026-07-27 09:29:19,27.7,outbound,101
ENT-01497,CPT-05952,2,3957.59,2026-04-10 09:52:55,2026-04-15 14:55:41,27.7,inbound,1
ENT-01425,CPT-05933,2,3490.37,2025-08-12 15:53:21,2026-06-11 15:30:44,27.7,inbound,4
ENT-01273,CPT-03141,1,3313.64,2025-10-22 11:48:03,2025-10-22 11:48:03,27.7,outbound,2
ENT-01186,CPT-01285,2,2475.77,2026-05-07 10:21:16,2026-07-01 14:21:52,27.7,inbound,25
ENT-01182,CPT-02678,2,2468.08,2025-10-09 17:41:19,2026-06-11 12:36:00,27.7,outbound,4
ENT-00882,CPT-02368,4,1627.6,2025-08-25 19:13:40,2026-07-01 09:33:49,27.7,outbound,3
ENT-01378,CPT-01112,1,582.66,2025-11-13 11:05:08,2025-11-13 11:05:08,27.7,inbound,49
ENT-01450,CPT-02784,1,500.0,2026-06-16 10:25:13,2026-06-16 10:25:13,27.7,outbound,40
ENT-00650,CPT-01253,1,199.5,2025-12-28 13:57:10,2025-12-28 13:57:10,27.7,outbound,2
ENT-01010,CPT-05311,2,100.18,2025-09-07 11:49:07,2025-10-28 20:45:00,27.7,outbound,3
ENT-00644,CPT-00119,24,47171.63,2025-08-15 08:22:09,2026-07-31 07:10:03,27.6,inbound,3
ENT-00868,CPT-00107,24,42265.92,2025-08-15 07:27:53,2026-07-31 08:23:05,27.6,inbound,1
ENT-01136,CPT-04425,4,28673.98,2025-09-19 09:56:07,2026-07-16 11:20:07,27.6,inbound,18
ENT-01247,CPT-05078,2,25460.23,2025-10-29 15:46:02,2026-01-13 13:45:07,27.6,inbound,49
ENT-01103,CPT-05007,3,25315.7,2026-04-29 12:11:15,2026-06-30 10:36:37,27.6,inbound,9
ENT-01159,CPT-01977,2,17250.75,2025-08-18 16:54:12,2026-05-06 15:37:08,27.6,inbound,1
ENT-01088,CPT-02695,4,13756.83,2025-09-29 17:53:06,2026-01-29 12:22:59,27.6,outbound,166
ENT-01111,CPT-04770,2,12155.76,2025-09-03 11:45:41,2026-02-11 17:15:09,27.6,inbound,3
ENT-01320,CPT-01785,4,11252.3,2025-08-19 15:14:06,2026-06-29 14:44:43,27.6,inbound,1
ENT-01323,CPT-05628,5,11213.83,2025-09-09 17:54:33,2026-04-20 13:15:19,27.6,inbound,1
ENT-01111,CPT-05017,3,10076.4,2025-09-05 10:44:54,2025-12-22 10:12:04,27.6,inbound,64
ENT-00042,CPT-01797,3,9528.08,2025-10-21 10:32:15,2026-07-28 10:08:38,27.6,inbound,1
ENT-01165,CPT-02842,2,9463.79,2025-12-15 09:46:26,2026-04-29 15:40:01,27.6,outbound,1
ENT-01088,CPT-03018,4,9381.05,2025-09-01 13:09:02,2026-05-12 14:14:34,27.6,outbound,2
ENT-01454,CPT-02652,2,8765.71,2025-09-02 14:28:00,2025-12-23 11:51:10,27.6,outbound,4
ENT-01387,CPT-02878,2,7519.7,2025-08-21 11:02:24,2026-04-02 13:09:27,27.6,outbound,5
ENT-01231,CPT-04115,3,6559.29,2025-09-02 14:37:43,2025-12-21 16:50:32,27.6,inbound,4
ENT-01426,CPT-01020,2,6397.62,2025-10-13 17:35:35,2026-06-16 09:25:50,27.6,inbound,11
ENT-01119,CPT-04790,1,6028.55,2026-02-13 12:58:29,2026-02-13 12:58:29,27.6,inbound,7
ENT-01465,CPT-04343,1,5299.33,2026-02-16 16:33:57,2026-02-16 16:33:57,27.6,inbound,2
ENT-01231,CPT-01451,2,5132.53,2025-08-08 15:23:52,2026-01-14 13:28:18,27.6,inbound,1
ENT-01178,CPT-03321,2,4188.92,2026-06-02 12:52:27,2026-07-30 14:27:43,27.6,outbound,2
ENT-01380,CPT-04636,1,3932.89,2025-12-31 15:58:50,2025-12-31 15:58:50,27.6,inbound,2
ENT-01426,CPT-02923,1,2463.93,2026-05-07 14:35:39,2026-05-07 14:35:39,27.6,outbound,2
ENT-01095,CPT-03330,1,1737.52,2026-03-03 09:10:16,2026-03-03 09:10:16,27.6,outbound,67
ENT-01462,CPT-02410,2,1642.8,2025-12-18 17:06:39,2025-12-18 17:29:48,27.6,outbound,9
ENT-01226,CPT-02695,1,1490.24,2025-10-30 09:51:22,2025-10-30 09:51:22,27.6,outbound,166
ENT-01114,CPT-03353,1,650.36,2025-09-15 13:03:30,2025-09-15 13:03:30,27.6,outbound,4
ENT-01115,CPT-03729,1,549.35,2025-08-12 11:21:15,2025-08-12 11:21:15,27.6,inbound,69
ENT-00522,CPT-00718,2,363.61,2026-03-04 20:44:56,2026-07-30 20:50:44,27.6,inbound,1
ENT-01305,CPT-05700,3,21064.6,2025-10-15 09:54:11,2026-04-16 12:19:26,27.5,inbound,3
ENT-01460,CPT-01703,2,20059.49,2025-10-06 14:22:08,2026-04-13 12:12:49,27.5,inbound,2
ENT-01333,CPT-04961,4,13774.57,2025-09-24 17:49:30,2026-07-16 10:40:59,27.5,inbound,5
ENT-01201,CPT-05028,1,11870.07,2026-04-13 10:31:32,2026-04-13 10:31:32,27.5,inbound,1
ENT-01231,CPT-05776,5,11404.5,2025-08-12 13:26:30,2026-06-10 10:01:11,27.5,inbound,1
ENT-01051,CPT-02643,2,9132.19,2026-04-23 15:59:28,2026-06-30 16:32:17,27.5,outbound,5
ENT-01478,CPT-05293,1,4351.26,2025-11-14 11:16:58,2025-11-14 11:16:58,27.5,inbound,1
ENT-01205,CPT-00826,2,3295.19,2026-02-16 14:44:36,2026-05-27 17:50:05,27.5,inbound,4
ENT-01085,CPT-00830,2,3108.21,2025-09-12 12:54:09,2025-12-17 11:04:00,27.5,inbound,8
ENT-01071,CPT-05254,4,2438.41,2026-02-17 16:03:58,2026-07-06 17:28:51,27.5,inbound,18
ENT-01333,CPT-04791,2,1767.46,2025-09-18 09:14:04,2026-05-27 15:22:14,27.5,inbound,8
ENT-00902,CPT-01112,1,1684.39,2026-03-10 10:05:46,2026-03-10 10:05:46,27.5,inbound,49
ENT-01324,CPT-02509,2,1117.45,2026-06-15 11:32:25,2026-06-16 09:24:15,27.5,outbound,1
ENT-01060,CPT-04425,1,704.83,2025-10-02 17:27:01,2025-10-02 17:27:01,27.5,inbound,18
ENT-01305,CPT-05855,3,31030.79,2025-11-07 12:57:58,2026-03-23 10:13:02,27.4,inbound,2
ENT-01159,CPT-03983,5,29678.14,2026-03-27 12:41:22,2026-07-17 13:28:04,27.4,inbound,33
ENT-01201,CPT-03961,4,27165.43,2025-10-07 10:23:47,2026-06-30 14:25:52,27.4,inbound,5
ENT-01186,CPT-05017,2,27107.61,2025-09-01 15:39:55,2026-01-20 09:46:12,27.4,inbound,64
ENT-01372,CPT-05017,3,22403.73,2025-10-01 13:22:25,2026-04-21 11:02:33,27.4,inbound,64
ENT-01183,CPT-04190,4,22027.2,2026-01-09 12:54:15,2026-05-20 09:14:19,27.4,inbound,2
ENT-01222,CPT-01192,3,21654.95,2025-09-19 17:31:27,2026-03-09 16:52:45,27.4,inbound,3
ENT-01058,CPT-04945,2,20181.22,2025-09-24 17:28:11,2025-11-25 12:34:10,27.4,inbound,24
ENT-01265,CPT-03729,2,16631.35,2025-09-02 11:56:32,2025-10-31 10:42:48,27.4,inbound,69
ENT-01108,CPT-04239,2,13467.76,2025-11-05 09:04:48,2025-12-23 14:10:17,27.4,inbound,2
ENT-01186,CPT-05193,2,13031.34,2025-08-20 16:49:57,2025-08-22 11:30:36,27.4,inbound,1
ENT-01232,CPT-05259,3,12664.61,2025-08-19 13:12:35,2026-04-16 16:58:11,27.4,inbound,16
ENT-01311,CPT-03175,5,11111.74,2025-12-04 15:15:50,2026-07-07 18:14:51,27.4,outbound,12
ENT-01346,CPT-02932,3,5977.4,2026-04-02 14:28:43,2026-07-16 11:18:29,27.4,outbound,6
ENT-01217,CPT-05191,3,5957.77,2025-10-17 10:02:56,2026-05-29 17:52:49,27.4,inbound,1
ENT-01140,CPT-04909,2,5235.22,2026-01-08 16:03:59,2026-06-15 15:31:54,27.4,inbound,2
ENT-01427,CPT-03330,2,4895.01,2026-05-08 16:44:46,2026-06-12 10:21:39,27.4,outbound,67
ENT-01340,CPT-03128,3,4197.99,2025-09-04 12:46:09,2026-04-24 13:16:33,27.4,outbound,10
ENT-01415,CPT-03330,4,3388.68,2025-09-30 11:49:19,2026-05-14 17:40:23,27.4,outbound,67
ENT-01378,CPT-00830,1,3061.04,2025-12-10 17:28:35,2025-12-10 17:28:35,27.4,inbound,8
ENT-01138,CPT-02994,1,1349.42,2026-05-07 09:33:40,2026-05-07 09:33:40,27.4,outbound,4
ENT-00650,CPT-04324,1,242.64,2026-06-17 19:56:35,2026-06-17 19:56:35,27.4,outbound,71
ENT-00982,CPT-04931,1,38.97,2025-10-18 18:32:47,2025-10-18 18:32:47,27.4,outbound,5
ENT-01205,CPT-03853,3,18964.44,2025-09-04 15:04:54,2026-03-27 17:46:08,27.3,inbound,2
ENT-01363,CPT-01020,2,18503.04,2025-12-16 16:55:56,2026-01-28 13:06:12,27.3,inbound,11
ENT-01448,CPT-01285,4,17901.91,2025-10-30 10:11:18,2026-06-26 14:14:01,27.3,inbound,25
ENT-01153,CPT-04907,2,17376.24,2025-12-19 15:00:35,2026-07-24 13:15:48,27.3,inbound,5
ENT-01141,CPT-02493,5,15880.22,2025-09-23 10:07:01,2026-07-14 16:24:47,27.3,outbound,101
ENT-01152,CPT-02411,2,15607.63,2026-02-19 10:07:17,2026-03-19 10:34:23,27.3,outbound,2
ENT-01140,CPT-03197,3,15351.92,2025-10-23 16:59:43,2026-02-26 10:58:52,27.3,outbound,39
ENT-01218,CPT-01098,3,14234.51,2025-10-22 09:42:01,2026-04-17 09:36:29,27.3,inbound,4
ENT-01183,CPT-02181,2,11770.9,2025-10-21 10:58:38,2026-01-30 09:56:03,27.3,inbound,31
ENT-01051,CPT-04049,1,9545.75,2025-09-11 13:11:01,2025-09-11 13:11:01,27.3,inbound,3
ENT-01402,CPT-04299,2,7347.39,2026-02-27 09:23:54,2026-05-15 09:54:35,27.3,inbound,44
ENT-01155,CPT-04324,2,7209.66,2025-12-23 16:52:28,2026-07-02 12:14:52,27.3,inbound,71
ENT-01328,CPT-05017,1,6402.6,2025-11-21 10:06:51,2025-11-21 10:06:51,27.3,inbound,64
ENT-01348,CPT-04293,2,5369.95,2025-09-02 12:01:36,2026-02-23 17:14:28,27.3,inbound,1
ENT-01339,CPT-01260,2,4673.93,2025-10-07 17:55:26,2026-06-11 16:13:55,27.3,inbound,1
ENT-01363,CPT-02708,2,2845.81,2025-11-03 11:45:09,2025-11-07 09:58:55,27.3,outbound,2
ENT-01232,CPT-03593,1,2027.23,2025-09-04 12:05:28,2025-09-04 12:05:28,27.3,inbound,8
ENT-01079,CPT-01576,1,580.03,2025-11-19 14:09:57,2025-11-19 14:09:57,27.3,inbound,2
ENT-00907,CPT-03983,2,277.65,2025-11-07 11:16:13,2026-05-13 22:31:00,27.3,outbound,33
ENT-00526,CPT-02057,1,111.54,2026-01-19 09:07:43,2026-01-19 09:07:43,27.3,outbound,1
ENT-00969,CPT-00039,24,60233.83,2025-08-15 09:55:03,2026-07-31 09:58:30,27.2,inbound,4
ENT-01199,CPT-04244,3,26129.72,2025-08-25 16:00:57,2026-07-22 14:51:36,27.2,inbound,4
ENT-01060,CPT-05202,3,19571.94,2025-09-23 12:17:25,2026-07-21 16:01:56,27.2,inbound,4
ENT-01319,CPT-05686,4,17801.85,2026-02-04 09:46:28,2026-07-21 15:03:48,27.2,inbound,6
ENT-01342,CPT-00827,4,14901.08,2025-09-12 10:06:35,2026-01-05 09:35:30,27.2,inbound,1
ENT-01386,CPT-03617,4,11713.59,2025-10-01 09:55:32,2026-07-01 16:06:33,27.2,inbound,1
ENT-01184,CPT-00619,2,10850.55,2025-12-08 09:33:11,2026-04-09 09:21:11,27.2,inbound,1
ENT-01093,CPT-04592,1,7373.48,2026-01-19 10:17:32,2026-01-19 10:17:32,27.2,inbound,17
ENT-01346,CPT-03009,2,6697.51,2026-03-24 12:54:27,2026-04-16 14:08:45,27.2,outbound,3
ENT-01266,CPT-04092,2,5411.29,2025-09-17 09:10:44,2026-06-24 16:58:23,27.2,inbound,2
ENT-01212,CPT-01595,2,4732.9,2026-06-08 17:27:07,2026-07-29 13:21:36,27.2,inbound,1
ENT-01232,CPT-02832,3,4091.78,2025-11-05 12:53:36,2026-07-29 10:58:35,27.2,outbound,6
ENT-01281,CPT-05517,3,3901.23,2025-09-03 13:12:23,2026-05-20 16:32:17,27.2,inbound,6
ENT-01476,CPT-01112,3,3880.42,2025-09-17 15:35:57,2026-05-07 10:48:02,27.2,inbound,49
ENT-01203,CPT-05254,1,3010.25,2025-10-30 12:30:23,2025-10-30 12:30:23,27.2,inbound,18
ENT-01497,CPT-03980,2,2582.49,2026-02-08 09:48:11,2026-07-17 10:39:22,27.2,inbound,32
ENT-01229,CPT-02733,1,1149.38,2025-08-28 12:52:44,2025-08-28 12:52:44,27.2,outbound,5
ENT-01311,CPT-03052,1,1075.12,2026-07-07 18:28:49,2026-07-07 18:28:49,27.2,outbound,2
ENT-01324,CPT-03949,1,837.07,2025-11-11 09:26:11,2025-11-11 09:26:11,27.2,inbound,11
ENT-01051,CPT-03330,1,732.3,2026-06-30 16:20:14,2026-06-30 16:20:14,27.2,outbound,67
ENT-00454,CPT-05814,2,532.89,2026-01-19 20:50:06,2026-05-11 13:06:50,27.2,outbound,3
ENT-00589,CPT-03891,1,169.91,2025-10-16 13:09:09,2025-10-16 13:09:09,27.2,outbound,2
ENT-01237,CPT-00600,2,36698.69,2025-12-24 11:45:12,2026-06-18 15:16:44,27.1,inbound,1
ENT-01085,CPT-04114,2,28033.03,2025-09-18 15:04:43,2026-01-22 14:39:05,27.1,inbound,19
ENT-01453,CPT-03619,3,20443.36,2025-12-29 10:14:03,2026-07-22 17:03:25,27.1,inbound,1
ENT-00731,CPT-01431,6,11143.06,2025-10-15 16:53:42,2026-07-21 15:09:59,27.1,inbound;outbound,16
ENT-01119,CPT-04527,1,11027.96,2026-04-09 14:30:10,2026-04-09 14:30:10,27.1,inbound,7
ENT-01297,CPT-04439,2,10311.21,2025-11-27 17:13:30,2026-03-30 14:15:06,27.1,inbound,1
ENT-01062,CPT-03368,3,10112.94,2025-12-11 16:23:57,2026-06-11 10:41:32,27.1,outbound,4
ENT-01281,CPT-02315,3,7030.83,2025-11-24 17:20:16,2026-06-24 09:32:07,27.1,inbound,2
ENT-01382,CPT-02635,3,7019.39,2026-02-18 15:40:43,2026-04-16 16:15:40,27.1,outbound,3
ENT-01175,CPT-01725,2,6842.9,2025-09-25 16:20:02,2026-05-27 12:01:07,27.1,inbound,1
ENT-01217,CPT-04855,5,6827.19,2025-09-09 11:32:42,2026-07-17 17:08:25,27.1,inbound,18
ENT-01180,CPT-02839,1,4775.22,2026-04-24 10:55:13,2026-04-24 10:55:13,27.1,outbound,5
ENT-01241,CPT-02695,3,3959.32,2025-10-01 16:08:51,2026-05-28 11:27:10,27.1,outbound,166
ENT-01498,CPT-02390,3,3921.34,2025-09-10 16:06:04,2026-06-12 16:12:58,27.1,outbound,2
ENT-00585,CPT-01250,4,3698.42,2026-03-12 13:16:00,2026-06-22 13:25:22,27.1,inbound;outbound,2
ENT-01426,CPT-03307,2,3568.75,2025-11-25 17:58:52,2026-04-16 17:10:41,27.1,outbound,7
ENT-01371,CPT-03933,2,3514.49,2026-01-04 09:25:03,2026-01-17 11:51:25,27.1,inbound,15
ENT-01454,CPT-05835,1,2780.2,2025-08-27 14:31:27,2025-08-27 14:31:27,27.1,inbound,2
ENT-01175,CPT-02889,1,1886.86,2025-09-26 12:29:53,2025-09-26 12:29:53,27.1,outbound,3
ENT-01103,CPT-05078,1,1629.77,2026-03-26 13:17:31,2026-03-26 13:17:31,27.1,inbound,49
ENT-01226,CPT-03539,1,1303.32,2025-10-02 13:01:16,2025-10-02 13:01:16,27.1,outbound,1
ENT-01485,CPT-02937,1,1230.01,2026-03-13 17:39:15,2026-03-13 17:39:15,27.1,outbound,12
ENT-00282,CPT-02271,6,599.48,2025-12-31 19:36:24,2026-07-21 08:32:47,27.1,inbound,1
ENT-00981,CPT-01148,2,586.64,2025-08-27 18:58:19,2026-04-12 11:36:21,27.1,outbound,4
ENT-00644,CPT-04324,2,519.05,2025-09-20 09:02:08,2026-03-17 16:52:21,27.1,outbound,71
ENT-00130,CPT-03954,1,192.95,2025-09-14 15:30:30,2025-09-14 15:30:30,27.1,outbound,2
ENT-00677,CPT-00114,24,34120.84,2025-08-15 09:26:24,2026-07-31 10:44:49,27.0,inbound,2
ENT-01111,CPT-01383,3,26244.75,2025-09-15 17:56:01,2026-02-25 12:25:48,27.0,inbound,13
ENT-01125,CPT-00735,3,18873.05,2025-11-27 10:35:09,2026-07-01 14:56:44,27.0,inbound,14
ENT-01346,CPT-00776,3,17205.07,2026-02-13 10:30:36,2026-07-28 09:20:09,27.0,inbound,1
ENT-01196,CPT-01683,2,14133.75,2026-03-16 12:15:25,2026-05-01 11:13:03,27.0,inbound,13
ENT-01320,CPT-03516,5,11614.25,2026-03-05 11:10:33,2026-06-11 17:29:52,27.0,outbound,2
ENT-01085,CPT-03955,3,10487.08,2025-12-10 16:18:21,2026-07-06 17:21:21,27.0,inbound,3
ENT-01261,CPT-05764,4,9869.91,2026-02-11 12:23:50,2026-03-19 09:45:30,27.0,inbound,4
ENT-01130,CPT-03523,3,9712.53,2025-11-25 12:26:20,2025-12-16 18:31:55,27.0,outbound,4
ENT-01182,CPT-02181,4,9096.62,2025-12-22 14:38:52,2026-07-30 10:32:10,27.0,inbound,31
ENT-01153,CPT-05414,3,9062.67,2025-08-26 10:37:18,2025-09-12 17:08:02,27.0,inbound,22
ENT-01136,CPT-03324,4,8292.25,2025-11-20 15:05:53,2026-06-02 09:55:22,27.0,outbound,6
ENT-01500,CPT-01788,4,8205.88,2025-08-14 09:32:07,2026-07-24 09:31:17,27.0,inbound,4
ENT-01478,CPT-03729,2,8126.84,2025-08-15 16:21:17,2025-12-16 17:44:20,27.0,inbound,69
ENT-01183,CPT-02695,3,6646.67,2025-10-09 14:41:17,2026-06-01 17:04:50,27.0,outbound,166
ENT-01210,CPT-02667,2,6230.33,2026-05-04 15:33:08,2026-05-18 13:14:00,27.0,outbound,8
ENT-01428,CPT-02676,1,6206.61,2026-03-02 09:47:57,2026-03-02 09:47:57,27.0,outbound,2
ENT-01349,CPT-02238,1,5069.61,2025-08-20 16:45:44,2025-08-20 16:45:44,27.0,inbound,3
ENT-01468,CPT-04855,1,4978.77,2026-06-12 13:49:39,2026-06-12 13:49:39,27.0,inbound,18
ENT-01494,CPT-04749,2,3170.55,2025-10-03 14:59:33,2025-10-21 13:37:18,27.0,inbound,3
ENT-01150,CPT-03558,1,2856.39,2026-07-01 15:02:44,2026-07-01 15:02:44,27.0,outbound,7
ENT-01456,CPT-02626,2,2594.64,2025-09-09 13:36:25,2026-03-17 10:03:18,27.0,outbound,2
ENT-00210,CPT-02078,2,436.72,2025-10-15 13:35:15,2026-06-23 18:42:43,27.0,outbound,1
ENT-01200,CPT-01073,3,29371.96,2025-08-29 13:38:07,2025-10-28 16:50:24,26.9,inbound,2
ENT-01415,CPT-05922,1,23168.39,2026-02-12 14:42:24,2026-02-12 14:42:24,26.9,inbound,2
ENT-01191,CPT-04955,4,16371.51,2025-09-23 17:09:53,2026-06-02 13:02:17,26.9,inbound,4
ENT-01414,CPT-04414,2,12119.24,2025-10-06 10:31:37,2026-01-28 13:09:13,26.9,inbound,1
ENT-01097,CPT-02817,2,10683.43,2026-01-06 16:28:58,2026-05-21 17:04:51,26.9,outbound,7
ENT-01186,CPT-05542,1,8861.85,2025-10-08 12:36:50,2025-10-08 12:36:50,26.9,inbound,1
ENT-01217,CPT-02109,4,8717.92,2025-09-17 14:53:46,2026-05-29 13:59:55,26.9,inbound,3
ENT-01193,CPT-02434,4,8011.22,2025-09-29 11:44:43,2026-07-15 17:43:41,26.9,outbound,1
ENT-01142,CPT-05805,3,7738.94,2025-09-11 14:15:39,2025-11-24 09:31:45,26.9,inbound,10
ENT-01340,CPT-01498,3,5949.59,2025-09-09 12:19:56,2026-05-06 17:19:46,26.9,inbound,1
ENT-01466,CPT-05691,1,5082.65,2025-09-29 13:58:51,2025-09-29 13:58:51,26.9,inbound,9
ENT-01476,CPT-02766,2,4325.7,2025-11-13 12:21:07,2026-01-20 09:40:38,26.9,outbound,8
ENT-01380,CPT-04655,2,3985.76,2026-03-29 11:56:53,2026-04-09 09:56:30,26.9,inbound,5
ENT-01088,CPT-05338,2,3138.62,2025-09-24 15:41:42,2026-04-19 13:38:39,26.9,inbound,6
ENT-01237,CPT-05851,1,3041.92,2025-09-29 11:54:48,2025-09-29 11:54:48,26.9,inbound,7
ENT-01141,CPT-03307,2,2720.96,2025-08-21 09:40:16,2026-02-19 13:15:10,26.9,outbound,7
ENT-01348,CPT-02868,1,2655.19,2026-01-22 09:59:49,2026-01-22 09:59:49,26.9,outbound,1
ENT-01402,CPT-03981,1,1587.59,2025-11-12 14:24:07,2025-11-12 14:24:07,26.9,inbound,191
ENT-00868,CPT-00787,1,141.77,2025-11-08 18:16:15,2025-11-08 18:16:15,26.9,outbound,1
ENT-01466,CPT-04502,3,24621.78,2025-09-22 16:09:06,2026-05-27 11:36:59,26.8,inbound,3
ENT-01441,CPT-04425,3,13858.54,2025-08-28 17:08:09,2026-05-29 10:52:35,26.8,inbound,18
ENT-01333,CPT-01742,4,12963.18,2025-08-22 11:57:21,2026-06-04 12:42:14,26.8,inbound,27
ENT-01092,CPT-05132,1,8876.81,2026-05-25 13:24:59,2026-05-25 13:24:59,26.8,inbound,4
ENT-01339,CPT-02695,3,6949.93,2025-09-19 13:05:49,2026-04-20 09:06:43,26.8,outbound,166
ENT-01122,CPT-03700,1,6853.49,2026-06-29 16:50:59,2026-06-29 16:50:59,26.8,inbound,2
ENT-01472,CPT-04199,1,6769.29,2025-12-05 17:04:28,2025-12-05 17:04:28,26.8,inbound,2
ENT-01131,CPT-05889,2,4924.46,2026-03-09 13:40:44,2026-04-20 12:28:57,26.8,inbound,3
ENT-01186,CPT-05824,1,4916.9,2026-06-10 17:55:59,2026-06-10 17:55:59,26.8,inbound,13
ENT-01281,CPT-05409,4,4765.15,2025-12-16 17:56:25,2026-02-13 10:41:45,26.8,inbound,2
ENT-01141,CPT-02771,3,4134.05,2025-08-21 10:14:40,2026-02-19 13:53:28,26.8,outbound,25
ENT-01271,CPT-02417,2,3248.9,2026-02-10 15:25:30,2026-04-03 13:52:15,26.8,outbound,2
ENT-01193,CPT-02817,1,1837.08,2025-11-10 15:40:20,2025-11-10 15:40:20,26.8,outbound,7
ENT-01199,CPT-02358,2,1741.57,2025-08-27 14:55:58,2026-06-12 16:37:20,26.8,inbound,1
ENT-00149,CPT-01843,3,1434.63,2025-09-15 12:35:29,2026-07-23 18:01:13,26.8,outbound,1
ENT-01373,CPT-03293,1,1285.92,2025-10-02 16:32:54,2025-10-02 16:32:54,26.8,outbound,3
ENT-01388,CPT-03049,1,1219.05,2026-04-02 14:57:27,2026-04-02 14:57:27,26.8,outbound,5
ENT-01411,CPT-02477,1,337.19,2026-01-09 13:56:53,2026-01-09 13:56:53,26.8,outbound,2
ENT-00333,CPT-01927,2,154.23,2025-10-24 09:33:39,2025-11-01 18:59:01,26.8,outbound,18
ENT-00155,CPT-01148,2,144.87,2025-11-09 12:46:55,2026-07-10 11:18:36,26.8,outbound,4
ENT-01332,CPT-03274,1,139.59,2025-11-12 10:13:36,2025-11-12 10:13:36,26.8,outbound,6
ENT-01257,CPT-03105,1,122.41,2026-07-21 13:57:51,2026-07-21 13:57:51,26.8,outbound,1
ENT-01093,CPT-03758,4,21875.99,2025-11-07 09:42:55,2026-07-28 16:06:01,26.7,inbound,2
ENT-01055,CPT-01122,1,21106.61,2026-04-24 14:17:41,2026-04-24 14:17:41,26.7,inbound,1
ENT-01319,CPT-03209,2,15555.88,2026-01-30 17:48:49,2026-05-20 10:07:27,26.7,outbound,8
ENT-01182,CPT-04791,2,12625.83,2025-10-30 16:21:29,2026-04-16 15:36:41,26.7,inbound,8
ENT-01200,CPT-02376,2,9903.74,2026-03-02 09:01:02,2026-05-15 16:52:04,26.7,inbound,4
ENT-01259,CPT-01423,2,9763.73,2025-09-09 15:58:39,2026-07-14 09:07:46,26.7,inbound,4
ENT-01249,CPT-03534,1,8500.0,2025-08-21 10:06:45,2025-08-21 10:06:45,26.7,outbound,30
ENT-01194,CPT-03497,5,7952.1,2025-12-11 12:37:18,2026-06-18 17:28:49,26.7,outbound,4
ENT-01455,CPT-02687,2,7931.05,2025-08-14 17:13:59,2025-08-29 13:58:45,26.7,outbound,15
ENT-01260,CPT-04425,3,5259.84,2025-09-08 15:08:59,2026-02-27 09:12:53,26.7,inbound,18
ENT-01395,CPT-02136,1,5066.44,2025-09-09 13:24:35,2025-09-09 13:24:35,26.7,inbound,5
ENT-01126,CPT-03330,2,4200.1,2025-11-06 09:54:20,2026-05-05 18:07:36,26.7,outbound,67
ENT-01067,CPT-02740,3,3900.68,2025-11-18 18:12:38,2026-06-18 16:26:32,26.7,outbound,5
ENT-01177,CPT-04419,2,3784.04,2025-09-21 10:42:38,2025-12-30 17:09:21,26.7,inbound,11
ENT-01328,CPT-05769,2,3405.53,2025-09-26 11:02:41,2026-01-13 17:55:56,26.7,inbound,4
ENT-01380,CPT-02623,2,3082.34,2025-10-06 16:30:13,2026-05-25 09:02:38,26.7,outbound,6
ENT-01292,CPT-01531,1,3022.22,2025-09-18 11:36:12,2025-09-18 11:36:12,26.7,inbound,4
ENT-01255,CPT-02424,2,2756.68,2025-09-09 13:48:20,2025-09-16 13:26:49,26.7,outbound,3
ENT-01466,CPT-02371,1,2378.12,2026-01-09 09:16:00,2026-01-09 09:16:00,26.7,inbound,3
ENT-01432,CPT-02916,1,1616.45,2025-11-17 14:37:09,2025-11-17 14:37:09,26.7,outbound,1
ENT-01427,CPT-02695,1,768.08,2026-06-10 16:50:25,2026-06-10 16:50:25,26.7,outbound,166
ENT-00821,CPT-02278,2,645.69,2026-03-10 19:35:56,2026-05-10 10:48:31,26.7,outbound,2
ENT-00678,CPT-04004,1,315.41,2025-10-12 15:54:32,2025-10-12 15:54:32,26.7,outbound,7
ENT-01196,CPT-03788,2,34967.06,2026-03-19 12:15:48,2026-07-24 12:58:16,26.6,inbound,4
ENT-01260,CPT-01599,3,24004.69,2025-09-25 09:42:32,2025-12-15 15:22:20,26.6,inbound,5
ENT-01113,CPT-04290,4,19265.35,2025-12-08 17:02:15,2026-03-31 14:52:49,26.6,inbound,7
ENT-01183,CPT-01683,2,15440.9,2026-06-29 12:12:36,2026-07-15 12:45:21,26.6,inbound,13
ENT-01397,CPT-05507,4,12968.08,2025-08-15 10:21:04,2026-03-26 09:23:55,26.6,inbound,3
ENT-01179,CPT-02500,2,10369.49,2025-10-23 13:38:45,2026-05-07 15:16:17,26.6,outbound,60
ENT-01247,CPT-02687,2,8546.17,2026-04-09 15:37:15,2026-05-28 13:55:01,26.6,outbound,15
ENT-01486,CPT-03817,1,7481.44,2026-07-01 10:17:13,2026-07-01 10:17:13,26.6,inbound,9
ENT-01252,CPT-02550,5,7432.92,2025-11-27 14:13:01,2026-07-16 17:54:29,26.6,outbound,2
ENT-01465,CPT-02567,4,4883.42,2025-08-28 17:59:44,2026-07-21 16:27:48,26.6,outbound,4
ENT-01432,CPT-05743,2,3677.42,2025-09-10 16:44:02,2025-12-11 12:01:53,26.6,inbound,4
ENT-01142,CPT-03297,1,3096.12,2026-03-12 13:56:03,2026-03-12 13:56:03,26.6,outbound,110
ENT-01389,CPT-03116,2,2255.27,2026-01-20 14:37:10,2026-06-04 09:12:00,26.6,outbound,17
ENT-01113,CPT-01853,2,1625.18,2026-03-20 10:47:07,2026-07-24 11:11:40,26.6,inbound,2
ENT-01119,CPT-02681,1,1574.39,2026-05-26 14:00:48,2026-05-26 14:00:48,26.6,outbound,1
ENT-00577,CPT-02376,5,1408.99,2025-09-25 09:09:54,2026-07-07 22:09:43,26.6,inbound;outbound,4
ENT-00155,CPT-04922,3,1010.72,2026-01-25 20:56:00,2026-05-27 11:19:52,26.6,outbound,2
ENT-00522,CPT-04945,2,273.28,2025-09-26 14:18:36,2026-01-21 11:06:12,26.6,outbound,24
ENT-00677,CPT-01495,1,138.41,2025-12-13 14:32:16,2025-12-13 14:32:16,26.6,outbound,2
ENT-00917,CPT-04891,1,40.13,2025-12-27 09:52:28,2025-12-27 09:52:28,26.6,outbound,11
ENT-01360,CPT-03603,5,36438.8,2025-11-14 16:07:28,2026-05-25 14:56:53,26.5,inbound,3
ENT-01175,CPT-04592,1,25351.35,2025-10-10 11:51:37,2025-10-10 11:51:37,26.5,inbound,17
ENT-01380,CPT-02758,2,22829.52,2025-12-02 09:16:20,2025-12-05 12:49:21,26.5,outbound,35
ENT-01060,CPT-05958,2,13405.17,2025-12-19 14:17:57,2026-02-06 12:25:07,26.5,inbound,13
ENT-01498,CPT-05743,5,12478.74,2025-11-15 15:17:27,2026-03-27 14:13:35,26.5,inbound,4
ENT-01211,CPT-01033,4,11747.26,2025-09-04 13:36:39,2026-04-14 16:33:11,26.5,inbound,3
ENT-01201,CPT-01206,2,11023.42,2025-12-10 13:46:13,2026-07-02 13:24:39,26.5,inbound,6
ENT-01255,CPT-02374,4,7854.03,2025-11-03 17:10:32,2026-06-10 16:10:37,26.5,inbound,2
ENT-01331,CPT-04114,2,6078.11,2025-10-19 15:39:21,2026-03-03 14:55:17,26.5,inbound,19
ENT-01324,CPT-05183,2,5940.87,2025-11-11 09:12:49,2026-07-15 10:44:24,26.5,inbound,1
ENT-01242,CPT-03150,2,4199.14,2025-09-18 15:56:37,2026-02-12 14:56:10,26.5,outbound,3
ENT-01164,CPT-03923,4,3907.37,2025-10-17 17:20:02,2026-05-21 16:19:24,26.5,inbound,2
ENT-01424,CPT-05787,1,3906.25,2026-07-06 17:32:48,2026-07-06 17:32:48,26.5,inbound,3
ENT-01340,CPT-05588,2,2789.23,2026-01-26 16:59:04,2026-07-25 14:28:29,26.5,inbound,1
ENT-01176,CPT-04371,1,2503.94,2025-09-01 17:20:09,2025-09-01 17:20:09,26.5,inbound,19
ENT-01293,CPT-02784,1,1500.0,2025-08-13 16:59:59,2025-08-13 16:59:59,26.5,outbound,40
ENT-01280,CPT-05450,5,42929.77,2026-01-15 12:29:21,2026-07-17 17:29:51,26.4,inbound,29
ENT-01182,CPT-05078,4,38373.98,2025-10-03 17:16:41,2026-06-03 16:26:28,26.4,inbound,49
ENT-01236,CPT-05344,2,36560.49,2025-12-18 17:55:57,2026-05-18 13:49:52,26.4,inbound,4
ENT-00585,CPT-01069,6,28193.2,2025-08-26 09:00:04,2026-07-09 10:20:06,26.4,inbound;outbound,2
ENT-01060,CPT-05576,3,15028.81,2025-10-31 15:29:09,2026-05-22 14:16:22,26.4,inbound,1
ENT-01339,CPT-00860,3,14359.22,2025-10-31 09:53:20,2026-06-11 11:28:26,26.4,inbound,16
ENT-01183,CPT-03330,5,10943.88,2025-12-09 11:46:34,2026-07-27 10:52:54,26.4,outbound,67
ENT-01203,CPT-05618,1,10120.65,2025-08-18 17:11:52,2025-08-18 17:11:52,26.4,inbound,6
ENT-01402,CPT-02349,1,9201.77,2026-02-26 10:29:56,2026-02-26 10:29:56,26.4,inbound,2
ENT-01233,CPT-04145,1,8430.69,2026-04-20 16:50:08,2026-04-20 16:50:08,26.4,inbound,1
ENT-01479,CPT-03523,4,8339.35,2025-10-27 17:43:17,2026-06-19 17:51:09,26.4,outbound,4
ENT-01122,CPT-04426,1,7971.56,2025-08-08 16:17:02,2025-08-08 16:17:02,26.4,inbound,4
ENT-01349,CPT-01522,2,5947.34,2025-10-06 16:43:27,2025-12-18 17:43:23,26.4,inbound,7
ENT-01468,CPT-03980,2,5730.05,2025-10-02 12:42:15,2026-07-17 11:38:25,26.4,inbound,32
ENT-01261,CPT-05927,3,5061.8,2025-10-10 11:22:37,2026-03-04 15:46:09,26.4,inbound,1
ENT-01399,CPT-03492,2,4999.0,2025-11-24 14:59:17,2026-01-29 15:10:58,26.4,outbound,8
ENT-01182,CPT-03223,1,4651.51,2025-10-09 17:29:44,2025-10-09 17:29:44,26.4,outbound,1
ENT-01165,CPT-03330,3,4507.24,2025-09-22 16:45:45,2026-04-08 15:55:48,26.4,outbound,67
ENT-01426,CPT-02493,3,4246.39,2026-01-15 17:46:03,2026-03-10 11:39:34,26.4,outbound,101
ENT-01211,CPT-05166,1,3808.19,2026-01-05 17:09:55,2026-01-05 17:09:55,26.4,inbound,1
ENT-01083,CPT-03566,3,3053.06,2025-08-13 12:58:43,2026-03-12 16:51:34,26.4,outbound,2
ENT-01332,CPT-03742,1,2783.17,2026-01-05 16:35:09,2026-01-05 16:35:09,26.4,inbound,5
ENT-01373,CPT-02748,1,961.96,2025-12-18 10:44:29,2025-12-18 10:44:29,26.4,outbound,13
ENT-00718,CPT-02287,3,736.55,2025-10-20 17:37:38,2026-02-18 10:37:45,26.4,outbound,2
ENT-01434,CPT-04965,1,630.45,2026-06-30 14:32:31,2026-06-30 14:32:31,26.4,inbound,4
ENT-00650,CPT-01838,2,618.65,2025-12-12 18:14:34,2026-01-10 14:08:04,26.4,outbound,24
ENT-00653,CPT-04707,1,197.95,2026-06-12 19:49:18,2026-06-12 19:49:18,26.4,outbound,4
ENT-01131,CPT-05450,3,20481.31,2025-10-15 17:12:29,2025-10-29 17:17:24,26.3,inbound,29
ENT-01397,CPT-05450,3,20408.36,2025-11-27 13:15:29,2026-05-29 13:41:23,26.3,inbound,29
ENT-01476,CPT-05805,6,18540.99,2025-08-25 13:36:14,2026-06-29 17:06:14,26.3,inbound,10
ENT-01067,CPT-04324,1,16296.57,2025-11-27 11:13:25,2025-11-27 11:13:25,26.3,inbound,71
ENT-01247,CPT-01019,2,15108.45,2025-12-11 14:25:03,2026-04-20 17:36:55,26.3,inbound,1
ENT-01105,CPT-04556,3,14466.23,2025-12-25 12:12:58,2026-06-05 11:40:11,26.3,inbound,7
ENT-01407,CPT-05707,1,8380.18,2026-02-09 12:30:05,2026-02-09 12:30:05,26.3,inbound,4
ENT-01434,CPT-04459,2,8090.17,2026-03-17 14:38:56,2026-06-29 10:10:22,26.3,inbound,4
ENT-01194,CPT-04229,2,8022.52,2025-09-02 14:19:44,2025-12-15 11:56:33,26.3,inbound,1
ENT-01408,CPT-03989,1,4528.35,2025-09-19 17:10:40,2025-09-19 17:10:40,26.3,inbound,14
ENT-01389,CPT-05341,1,4449.57,2025-08-15 13:07:50,2025-08-15 13:07:50,26.3,inbound,2
ENT-01260,CPT-05437,1,4263.64,2025-08-20 12:20:20,2025-08-20 12:20:20,26.3,inbound,2
ENT-01341,CPT-04348,2,3597.04,2026-03-05 17:44:10,2026-04-29 11:56:54,26.3,inbound,3
ENT-01335,CPT-01344,1,3386.1,2026-06-22 15:30:42,2026-06-22 15:30:42,26.3,inbound,2
ENT-01213,CPT-02594,2,3196.15,2025-09-04 17:57:51,2026-01-20 13:44:52,26.3,outbound,3
ENT-01096,CPT-04299,2,2678.89,2026-02-19 13:38:58,2026-06-24 14:02:04,26.3,inbound,44
ENT-01023,CPT-05647,3,1824.61,2025-09-17 18:53:09,2026-03-30 18:40:14,26.3,outbound,1
ENT-01500,CPT-03298,2,1431.48,2026-07-13 11:54:03,2026-07-30 16:17:40,26.3,outbound,3
ENT-00997,CPT-00871,1,384.98,2025-09-24 15:05:08,2025-09-24 15:05:08,26.3,outbound,2
ENT-00532,CPT-01698,1,239.32,2026-05-23 09:35:16,2026-05-23 09:35:16,26.3,outbound,4
ENT-00532,CPT-03691,1,92.93,2026-06-02 12:53:32,2026-06-02 12:53:32,26.3,outbound,1
ENT-01347,CPT-01838,7,27477.42,2025-11-05 17:51:45,2026-07-20 14:55:34,26.2,inbound,24
ENT-01060,CPT-03376,4,25744.07,2025-09-16 18:04:17,2026-05-26 17:59:37,26.2,outbound,16
ENT-01092,CPT-04955,2,17430.3,2026-02-19 15:09:09,2026-04-21 11:15:50,26.2,inbound,4
ENT-01478,CPT-04843,2,13950.42,2025-11-04 11:02:51,2025-11-05 09:54:54,26.2,inbound,8
ENT-01434,CPT-01414,2,13909.77,2025-09-01 17:12:12,2026-01-09 12:33:10,26.2,inbound,2
ENT-01349,CPT-01564,2,13827.09,2026-01-02 17:15:23,2026-06-05 12:49:42,26.2,inbound,1
ENT-01476,CPT-05198,4,11817.54,2025-08-29 12:11:10,2026-01-30 14:38:52,26.2,inbound,6
ENT-01231,CPT-05178,5,10316.96,2025-08-20 15:15:26,2026-06-01 09:44:18,26.2,inbound,3
ENT-01083,CPT-01377,3,10134.88,2025-11-25 09:15:19,2026-03-07 14:58:56,26.2,inbound,2
ENT-01140,CPT-05078,2,9719.06,2026-05-19 12:24:40,2026-06-08 17:29:08,26.2,inbound,49
ENT-01262,CPT-05620,2,7183.51,2025-11-09 10:27:52,2025-11-27 17:06:26,26.2,inbound,4
ENT-01194,CPT-03342,2,6231.97,2026-01-22 11:29:16,2026-06-18 17:26:59,26.2,outbound,14
ENT-01249,CPT-03330,3,6215.59,2026-01-12 16:12:02,2026-07-27 12:34:22,26.2,outbound,67
ENT-01476,CPT-01354,3,5660.04,2025-08-28 17:46:49,2026-02-19 16:41:54,26.2,inbound,1
ENT-01124,CPT-02695,1,5500.0,2025-12-23 17:43:51,2025-12-23 17:43:51,26.2,outbound,166
ENT-01395,CPT-02286,2,5192.67,2025-09-12 17:48:16,2025-09-29 16:41:12,26.2,inbound,17
ENT-01270,CPT-02465,3,4077.58,2025-11-14 09:09:01,2026-02-04 12:21:44,26.2,outbound,3
ENT-01197,CPT-01514,2,1064.14,2025-12-20 11:45:24,2026-01-12 14:00:56,26.2,inbound,8
ENT-01418,CPT-02433,1,1043.21,2025-09-30 09:04:22,2025-09-30 09:04:22,26.2,outbound,2
ENT-00282,CPT-04324,1,457.82,2026-07-30 12:33:31,2026-07-30 12:33:31,26.2,outbound,71
ENT-01339,CPT-02692,1,164.16,2025-12-30 11:44:19,2025-12-30 11:44:19,26.2,outbound,19
ENT-01342,CPT-02109,3,27011.75,2025-10-30 14:58:26,2026-04-16 10:54:12,26.1,inbound,3
ENT-01410,CPT-03729,4,25012.63,2025-09-15 15:02:18,2026-07-17 13:41:02,26.1,inbound,69
ENT-00902,CPT-00625,4,16257.28,2025-08-20 17:15:35,2026-06-19 12:42:17,26.1,inbound,6
ENT-00447,CPT-00828,8,15106.95,2025-08-20 11:07:26,2026-04-21 12:48:57,26.1,inbound;outbound,2
ENT-01486,CPT-01052,3,14416.23,2026-01-22 12:24:37,2026-06-18 14:05:24,26.1,inbound,2
ENT-01312,CPT-03293,3,12822.57,2025-11-26 15:24:01,2026-06-18 17:50:47,26.1,outbound,3
ENT-01226,CPT-04299,1,12387.45,2026-06-03 09:14:11,2026-06-03 09:14:11,26.1,inbound,44
ENT-01436,CPT-05509,2,12125.14,2025-08-28 09:06:29,2026-01-21 15:32:49,26.1,inbound,14
ENT-01448,CPT-02164,3,12044.18,2025-10-28 14:37:01,2025-11-26 16:58:37,26.1,inbound,1
ENT-01055,CPT-01373,1,10962.77,2026-06-26 10:25:43,2026-06-26 10:25:43,26.1,inbound,6
ENT-01164,CPT-02193,5,10839.2,2026-01-19 15:05:52,2026-05-25 11:33:12,26.1,inbound,1
ENT-01115,CPT-03601,2,9811.66,2026-06-10 16:21:08,2026-07-07 10:18:24,26.1,inbound,9
ENT-01455,CPT-01294,4,8136.0,2025-08-25 09:23:13,2026-05-26 17:11:18,26.1,inbound,1
ENT-00042,CPT-01373,5,7640.19,2026-01-14 17:42:47,2026-07-24 12:08:15,26.1,inbound;outbound,6
ENT-01230,CPT-04950,3,5209.42,2025-08-14 17:23:12,2025-12-11 16:35:31,26.1,inbound,4
ENT-00125,CPT-00834,2,4443.05,2025-10-21 15:43:36,2026-07-21 10:45:09,26.1,inbound,2
ENT-01180,CPT-02632,1,3589.68,2026-03-05 10:42:45,2026-03-05 10:42:45,26.1,outbound,1
ENT-01232,CPT-02077,1,2620.57,2025-10-04 14:43:12,2025-10-04 14:43:12,26.1,inbound,2
ENT-01072,CPT-02784,1,1777.72,2026-05-18 12:00:20,2026-05-18 12:00:20,26.1,outbound,40
ENT-01424,CPT-05867,1,1693.14,2026-03-24 11:52:55,2026-03-24 11:52:55,26.1,inbound,4
ENT-01148,CPT-03829,3,32063.02,2025-08-14 17:51:18,2026-06-30 13:03:50,26.0,inbound,3
ENT-01171,CPT-01801,5,25146.88,2025-10-23 15:47:31,2026-07-23 09:37:09,26.0,inbound,2
ENT-01332,CPT-01125,4,15613.54,2025-11-06 14:27:38,2026-06-08 10:41:33,26.0,inbound,1
ENT-01378,CPT-05356,2,14241.05,2025-10-27 16:05:00,2026-06-29 13:12:20,26.0,inbound,2
ENT-01247,CPT-05017,2,14211.7,2025-09-09 09:16:22,2025-10-20 16:45:16,26.0,inbound,64
ENT-01425,CPT-04945,4,12804.77,2025-11-17 13:20:47,2026-04-11 09:07:23,26.0,inbound,24
ENT-01348,CPT-01666,3,12647.6,2026-07-06 14:10:18,2026-07-24 16:08:09,26.0,inbound,2
ENT-01434,CPT-02597,3,11167.47,2025-10-16 12:13:37,2025-12-15 11:33:05,26.0,outbound,2
ENT-01352,CPT-05259,1,6308.74,2025-09-24 17:30:41,2025-09-24 17:30:41,26.0,inbound,16
ENT-01401,CPT-02541,3,6286.95,2025-10-01 14:46:44,2026-06-01 10:56:48,26.0,outbound,2
ENT-01217,CPT-02498,3,3769.26,2025-09-05 12:34:37,2025-11-24 09:52:39,26.0,outbound,45
ENT-01452,CPT-03981,2,2104.59,2025-09-18 15:36:25,2025-09-22 16:22:29,26.0,inbound,191
ENT-01177,CPT-02695,1,1500.0,2026-03-20 16:29:44,2026-03-20 16:29:44,26.0,outbound,166
ENT-01042,CPT-05414,2,798.26,2025-09-05 15:42:41,2025-10-19 18:19:04,26.0,outbound,22
ENT-01449,CPT-01124,3,38258.57,2026-03-24 15:34:30,2026-06-01 16:21:27,25.9,inbound,4
ENT-01051,CPT-01093,2,29067.14,2025-09-29 11:00:09,2026-01-07 12:11:30,25.9,inbound,1
ENT-01059,CPT-01059,4,19553.95,2025-08-21 09:22:16,2026-07-27 11:48:21,25.9,inbound,2
ENT-01424,CPT-04344,1,13592.43,2026-05-13 14:17:12,2026-05-13 14:17:12,25.9,inbound,6
ENT-01130,CPT-02891,6,10529.19,2025-09-23 11:43:13,2026-06-23 16:19:43,25.9,outbound,1
ENT-01196,CPT-05665,1,7373.53,2026-07-29 15:13:21,2026-07-29 15:13:21,25.9,inbound,2
ENT-01487,CPT-02695,1,6281.18,2026-01-27 10:20:20,2026-01-27 10:20:20,25.9,outbound,166
ENT-01088,CPT-03817,5,6275.39,2025-12-26 17:10:39,2026-02-06 15:09:59,25.9,inbound,9
ENT-01275,CPT-02821,1,5654.49,2025-10-29 13:01:21,2025-10-29 13:01:21,25.9,outbound,28
ENT-01061,CPT-03200,2,5061.43,2026-04-30 12:59:24,2026-07-02 12:53:21,25.9,outbound,4
ENT-01466,CPT-04942,2,4282.38,2026-01-06 11:27:31,2026-01-09 12:08:48,25.9,inbound,36
ENT-01434,CPT-05262,4,3583.74,2025-12-15 16:12:36,2026-06-24 17:38:47,25.9,inbound,2
ENT-01293,CPT-05081,2,3094.77,2025-10-09 15:46:48,2026-05-13 12:05:44,25.9,inbound,9
ENT-01194,CPT-03634,1,1865.17,2026-01-09 09:52:14,2026-01-09 09:52:14,25.9,inbound,9
ENT-00289,CPT-00960,3,1841.8,2025-10-02 20:02:11,2026-07-18 14:18:29,25.9,outbound,1
ENT-01210,CPT-02948,2,1801.48,2025-09-23 09:59:52,2026-07-14 15:26:03,25.9,outbound,2
ENT-01323,CPT-02493,1,1151.05,2025-10-03 14:51:34,2025-10-03 14:51:34,25.9,outbound,101
ENT-00424,CPT-00647,3,1103.3,2025-10-29 17:54:51,2026-02-22 09:52:17,25.9,inbound;outbound,3
ENT-01387,CPT-05182,4,33100.31,2025-10-03 12:54:16,2026-07-22 14:16:13,25.8,inbound,5
ENT-01085,CPT-03729,3,30416.99,2025-10-13 16:58:41,2026-06-18 13:23:05,25.8,inbound,69
ENT-01189,CPT-05450,2,27276.51,2026-03-27 15:54:54,2026-04-09 12:49:14,25.8,inbound,29
ENT-01448,CPT-02870,5,24505.8,2025-09-16 12:56:35,2026-06-18 16:31:28,25.8,outbound,54
ENT-01483,CPT-02166,1,24374.43,2026-02-03 16:10:00,2026-02-03 16:10:00,25.8,inbound,1
ENT-01183,CPT-05072,3,18619.75,2025-10-07 14:57:40,2026-07-24 09:05:16,25.8,inbound,31
ENT-01393,CPT-02218,1,9294.31,2025-10-16 09:33:10,2025-10-16 09:33:10,25.8,inbound,3
ENT-01455,CPT-05130,3,6889.58,2025-10-29 11:08:03,2026-05-16 11:47:54,25.8,inbound,4
ENT-01455,CPT-03933,4,4524.88,2025-09-05 16:01:06,2026-03-30 13:03:08,25.8,inbound,15
ENT-00447,CPT-01927,4,3636.38,2025-09-22 17:13:17,2026-06-08 12:20:29,25.8,inbound;outbound,18
ENT-01346,CPT-05958,1,2866.68,2025-08-26 11:23:09,2025-08-26 11:23:09,25.8,inbound,13
ENT-01403,CPT-05064,1,2254.06,2026-02-04 14:35:17,2026-02-04 14:35:17,25.8,inbound,3
ENT-01226,CPT-03239,2,1890.68,2025-10-02 13:24:27,2025-11-27 13:25:46,25.8,outbound,1
ENT-00474,CPT-01468,2,1316.14,2025-09-24 09:54:07,2026-03-14 17:08:21,25.8,outbound,2
ENT-00624,CPT-02240,2,956.82,2026-05-10 16:25:12,2026-06-18 19:10:11,25.8,outbound,3
ENT-01260,CPT-03391,1,317.18,2026-06-04 11:59:32,2026-06-04 11:59:32,25.8,outbound,3
ENT-00982,CPT-01096,1,295.06,2026-01-28 21:21:14,2026-01-28 21:21:14,25.8,outbound,17
ENT-00049,CPT-02289,1,149.16,2026-04-14 22:46:44,2026-04-14 22:46:44,25.8,outbound,1
ENT-00296,CPT-00056,24,51848.77,2025-08-15 08:19:18,2026-07-31 08:34:58,25.7,inbound,3
ENT-01062,CPT-02208,5,43137.4,2026-01-22 17:38:06,2026-07-31 15:14:07,25.7,inbound,2
ENT-01094,CPT-05509,5,29106.61,2025-09-10 16:14:42,2026-07-09 11:48:40,25.7,inbound,14
ENT-01125,CPT-04882,3,28075.67,2025-12-26 11:43:30,2026-07-01 10:49:25,25.7,inbound,3
ENT-01455,CPT-01383,7,19316.58,2025-09-26 13:46:32,2026-06-03 11:44:58,25.7,inbound,13
ENT-01201,CPT-03728,2,17947.46,2025-11-10 14:26:11,2026-07-31 15:09:14,25.7,inbound,8
ENT-01402,CPT-04324,1,16182.74,2026-06-05 10:32:17,2026-06-05 10:32:17,25.7,inbound,71
ENT-01170,CPT-04324,2,11316.14,2025-09-12 12:23:22,2026-02-24 11:29:04,25.7,inbound,71
ENT-01339,CPT-01724,4,11158.37,2025-08-29 09:10:45,2026-05-26 17:06:41,25.7,inbound,3
ENT-01055,CPT-02674,6,8254.27,2025-11-18 10:37:43,2026-02-10 10:30:31,25.7,outbound,10
ENT-01432,CPT-05078,2,7131.9,2025-12-30 10:26:48,2026-07-08 14:13:00,25.7,inbound,49
ENT-01349,CPT-04591,1,5940.31,2025-12-26 14:47:33,2025-12-26 14:47:33,25.7,inbound,1
ENT-01245,CPT-05450,2,4623.27,2025-10-17 16:05:23,2026-04-09 12:55:11,25.7,inbound,29
ENT-01483,CPT-03892,1,4599.17,2026-07-15 11:17:12,2026-07-15 11:17:12,25.7,inbound,6
ENT-01239,CPT-04298,3,4529.62,2025-12-05 17:49:09,2026-07-03 11:05:02,25.7,inbound,2
ENT-01060,CPT-03470,2,4346.94,2026-01-27 14:04:53,2026-05-26 17:38:31,25.7,outbound,1
ENT-01230,CPT-02784,1,3487.25,2026-07-08 12:48:52,2026-07-08 12:48:52,25.7,outbound,40
ENT-01245,CPT-04953,1,3306.98,2026-07-20 09:19:42,2026-07-20 09:19:42,25.7,inbound,2
ENT-01389,CPT-05580,1,2419.73,2026-04-17 15:19:00,2026-04-17 15:19:00,25.7,inbound,2
ENT-00471,CPT-02122,7,2200.09,2025-09-12 19:56:27,2026-06-12 22:11:42,25.7,inbound;outbound,3
ENT-01179,CPT-03037,1,1782.89,2026-06-17 13:10:56,2026-06-17 13:10:56,25.7,outbound,10
ENT-01061,CPT-03506,1,873.37,2025-08-08 11:21:37,2025-08-08 11:21:37,25.7,outbound,2
ENT-01486,CPT-04324,1,511.98,2026-01-12 13:53:27,2026-01-12 13:53:27,25.7,inbound,71
ENT-00246,CPT-01701,4,391.25,2025-09-12 17:33:12,2025-11-13 14:20:19,25.7,inbound;outbound,3
ENT-00862,CPT-05370,1,281.23,2025-08-31 12:23:23,2025-08-31 12:23:23,25.7,outbound,4
ENT-01178,CPT-02465,1,274.98,2025-10-21 09:52:23,2025-10-21 09:52:23,25.7,outbound,3
ENT-00303,CPT-01326,1,123.9,2026-04-26 17:14:44,2026-04-26 17:14:44,25.7,outbound,3
ENT-01126,CPT-05055,5,56126.11,2025-09-10 09:49:47,2026-07-15 13:36:56,25.6,inbound,6
ENT-01188,CPT-05414,2,28339.25,2026-01-21 10:19:36,2026-07-23 13:33:06,25.6,inbound,22
ENT-01467,CPT-04267,2,26545.75,2026-02-10 12:21:08,2026-04-28 10:56:59,25.6,inbound,4
ENT-01252,CPT-02163,1,22411.66,2026-01-29 13:09:09,2026-01-29 13:09:09,25.6,inbound,7
ENT-01305,CPT-05039,2,20873.79,2025-09-10 15:40:27,2025-10-21 15:39:38,25.6,inbound,17
ENT-01397,CPT-05711,2,19981.44,2026-05-25 17:21:55,2026-07-09 13:20:23,25.6,inbound,5
ENT-01342,CPT-01112,4,17833.9,2025-10-14 15:47:12,2026-05-05 17:11:26,25.6,inbound,49
ENT-01167,CPT-03983,1,16095.97,2025-12-22 17:10:31,2025-12-22 17:10:31,25.6,inbound,33
ENT-01345,CPT-01692,1,11133.63,2026-02-11 17:20:10,2026-02-11 17:20:10,25.6,inbound,1
ENT-01171,CPT-05707,3,10867.75,2025-10-24 11:55:01,2026-07-14 17:44:12,25.6,inbound,4
ENT-01071,CPT-04995,5,9176.12,2025-08-13 09:54:44,2026-03-22 10:39:05,25.6,inbound,4
ENT-01468,CPT-05045,1,8156.05,2025-09-23 15:12:35,2025-09-23 15:12:35,25.6,inbound,2
ENT-01196,CPT-04513,1,7022.72,2025-10-13 11:44:51,2025-10-13 11:44:51,25.6,inbound,1
ENT-01171,CPT-04303,2,6281.87,2025-11-04 16:07:59,2026-03-24 14:34:38,25.6,inbound,22
ENT-01432,CPT-04832,1,5417.6,2026-06-16 09:47:31,2026-06-16 09:47:31,25.6,inbound,25
ENT-01162,CPT-02431,1,4262.84,2025-10-06 12:32:46,2025-10-06 12:32:46,25.6,outbound,30
ENT-01177,CPT-03330,2,4017.51,2025-09-01 10:05:25,2026-03-11 13:35:28,25.6,outbound,67
ENT-01266,CPT-02962,1,2398.36,2026-05-28 14:41:40,2026-05-28 14:41:40,25.6,outbound,6
ENT-01453,CPT-02500,1,2344.6,2026-05-07 14:14:53,2026-05-07 14:14:53,25.6,outbound,60
ENT-01333,CPT-02932,1,1262.05,2025-09-24 15:34:42,2025-09-24 15:34:42,25.6,outbound,6
ENT-01200,CPT-02599,1,564.82,2026-06-02 12:47:29,2026-06-02 12:47:29,25.6,outbound,3
ENT-00653,CPT-01223,2,177.76,2025-09-21 15:26:04,2025-10-24 13:51:29,25.6,inbound;outbound,5
ENT-00210,CPT-04438,1,119.51,2026-02-27 12:00:39,2026-02-27 12:00:39,25.6,outbound,1
ENT-01131,CPT-01659,3,46856.64,2026-01-14 14:59:06,2026-05-25 13:01:19,25.5,inbound,1
ENT-01449,CPT-04321,4,39631.84,2025-11-21 10:43:56,2026-05-05 14:00:35,25.5,inbound,2
ENT-01460,CPT-02238,5,28649.96,2026-02-05 09:20:00,2026-06-24 10:34:31,25.5,inbound,3
ENT-01407,CPT-01927,2,24645.55,2026-04-23 17:39:13,2026-06-10 14:12:47,25.5,inbound,18
ENT-01152,CPT-04311,1,18424.41,2026-04-20 14:37:21,2026-04-20 14:37:21,25.5,inbound,4
ENT-01483,CPT-01487,1,16322.63,2025-08-13 14:34:06,2025-08-13 14:34:06,25.5,inbound,9
ENT-01212,CPT-03422,3,13862.28,2025-09-05 10:09:59,2026-03-06 14:29:12,25.5,outbound,2
ENT-01155,CPT-03729,5,12028.53,2025-10-07 10:21:24,2026-05-26 10:15:39,25.5,inbound,69
ENT-01299,CPT-02181,3,9679.17,2025-09-08 13:00:23,2026-07-17 17:39:35,25.5,inbound,31
ENT-01277,CPT-05338,2,9021.58,2025-08-18 15:34:52,2026-07-01 12:14:51,25.5,inbound,6
ENT-01407,CPT-03731,1,7183.33,2025-10-02 11:50:15,2025-10-02 11:50:15,25.5,inbound,22
ENT-01455,CPT-05011,5,7122.12,2025-08-26 12:38:09,2026-06-18 13:28:35,25.5,inbound,1
ENT-01432,CPT-05017,1,5869.6,2026-06-23 12:23:58,2026-06-23 12:23:58,25.5,inbound,64
ENT-01282,CPT-03666,2,3881.45,2025-11-13 16:58:14,2026-07-08 13:18:08,25.5,inbound,1
ENT-01293,CPT-03981,1,3249.49,2025-10-15 11:48:15,2025-10-15 11:48:15,25.5,inbound,191
ENT-01222,CPT-03777,1,2989.22,2025-08-26 14:26:16,2025-08-26 14:26:16,25.5,inbound,2
ENT-01332,CPT-02161,2,2299.62,2025-10-08 16:48:20,2026-01-28 09:43:23,25.5,inbound,27
ENT-00882,CPT-02312,3,1986.59,2026-04-23 19:43:11,2026-06-26 21:53:04,25.5,outbound,10
ENT-01105,CPT-02695,1,1180.64,2025-12-02 15:52:24,2025-12-02 15:52:24,25.5,outbound,166
ENT-00505,CPT-01936,6,1117.45,2025-09-15 15:44:30,2026-07-17 18:05:19,25.5,inbound;outbound,1
ENT-01155,CPT-03485,1,728.22,2025-12-04 14:02:36,2025-12-04 14:02:36,25.5,outbound,1
ENT-01270,CPT-02500,1,367.08,2026-07-06 13:50:31,2026-07-06 13:50:31,25.5,outbound,60
ENT-00060,CPT-01842,1,365.29,2026-07-18 09:53:47,2026-07-18 09:53:47,25.5,outbound,1
ENT-00120,CPT-02202,2,237.81,2025-09-21 14:38:19,2025-11-26 17:11:44,25.5,outbound,9
ENT-00969,CPT-05824,1,223.94,2025-12-17 22:59:57,2025-12-17 22:59:57,25.5,outbound,13
ENT-01140,CPT-04458,3,37931.76,2026-01-02 13:43:46,2026-07-16 12:33:02,25.4,inbound,1
ENT-01335,CPT-05134,1,27440.65,2026-03-11 11:47:46,2026-03-11 11:47:46,25.4,inbound,2
ENT-01408,CPT-03980,1,20764.47,2026-04-08 09:41:36,2026-04-08 09:41:36,25.4,inbound,32
ENT-01079,CPT-04855,2,18940.27,2025-10-01 14:13:24,2026-01-22 10:03:46,25.4,inbound,18
ENT-01441,CPT-02493,6,13383.1,2025-09-04 16:16:19,2026-06-11 16:04:02,25.4,outbound,101
ENT-01171,CPT-01742,2,8829.0,2025-09-17 17:27:37,2025-10-30 16:19:48,25.4,inbound,27
ENT-01194,CPT-01703,1,7287.4,2026-01-07 09:29:49,2026-01-07 09:29:49,25.4,inbound,2
ENT-01186,CPT-02695,3,6639.75,2025-08-19 15:31:46,2026-02-16 16:02:03,25.4,outbound,166
ENT-01397,CPT-02695,3,6372.41,2025-08-26 09:54:49,2026-05-07 15:33:34,25.4,outbound,166
ENT-01220,CPT-02141,1,5825.51,2025-11-18 13:21:18,2025-11-18 13:21:18,25.4,inbound,3
ENT-01085,CPT-02659,3,5615.8,2025-09-12 12:57:54,2025-12-25 12:26:09,25.4,outbound,4
ENT-01304,CPT-03235,1,4131.52,2025-10-16 15:56:48,2025-10-16 15:56:48,25.4,outbound,2
ENT-01441,CPT-04592,1,2524.59,2025-11-07 11:13:38,2025-11-07 11:13:38,25.4,inbound,17
ENT-01299,CPT-02695,3,2505.98,2025-10-02 15:51:57,2026-04-10 10:34:39,25.4,outbound,166
ENT-01340,CPT-05137,2,2289.6,2026-02-23 15:10:56,2026-04-01 15:52:40,25.4,inbound,4
ENT-01427,CPT-05742,3,2024.52,2025-09-26 15:06:37,2026-07-02 17:39:06,25.4,inbound,2
ENT-01088,CPT-01504,1,1698.59,2025-09-25 16:37:52,2025-09-25 16:37:52,25.4,inbound,1
ENT-01328,CPT-03980,1,1261.98,2025-09-29 14:08:45,2025-09-29 14:08:45,25.4,inbound,32
ENT-01371,CPT-04860,1,653.81,2026-07-15 12:55:16,2026-07-15 12:55:16,25.4,inbound,4
ENT-00649,CPT-01774,1,566.86,2026-01-03 15:50:20,2026-01-03 15:50:20,25.4,outbound,2
ENT-00821,CPT-02181,1,124.59,2026-04-22 10:36:12,2026-04-22 10:36:12,25.4,outbound,31
ENT-00155,CPT-01096,1,66.67,2025-12-20 16:34:20,2025-12-20 16:34:20,25.4,outbound,17
ENT-01436,CPT-04067,8,28857.09,2025-08-22 14:18:23,2026-05-18 16:50:38,25.3,inbound,3
ENT-01289,CPT-04425,3,23831.13,2025-10-16 10:40:19,2026-05-27 13:19:30,25.3,inbound,18
ENT-01424,CPT-04592,2,17989.62,2026-02-27 09:43:49,2026-07-06 13:21:49,25.3,inbound,17
ENT-01222,CPT-03088,3,12635.67,2025-12-04 11:35:54,2026-03-24 10:31:24,25.3,outbound,4
ENT-01204,CPT-02667,1,12289.03,2026-05-07 14:56:08,2026-05-07 14:56:08,25.3,outbound,8
ENT-01332,CPT-05165,2,11172.2,2025-12-10 09:25:51,2025-12-16 14:16:16,25.3,inbound,3
ENT-01346,CPT-04855,1,11154.92,2025-08-26 13:10:42,2025-08-26 13:10:42,25.3,inbound,18
ENT-01266,CPT-02854,3,10171.21,2025-11-13 17:10:21,2026-05-19 09:52:01,25.3,outbound,1
ENT-01153,CPT-02418,2,9025.31,2025-08-14 12:54:09,2025-12-01 10:14:22,25.3,outbound,28
ENT-01348,CPT-03175,4,8780.42,2025-10-30 10:35:53,2026-07-22 15:11:45,25.3,outbound,12
ENT-01379,CPT-03330,2,6058.02,2026-05-12 16:49:35,2026-07-09 10:03:22,25.3,outbound,67
ENT-01093,CPT-03711,2,5708.6,2026-01-02 17:07:58,2026-06-24 11:10:29,25.3,inbound,2
ENT-01427,CPT-02881,3,3350.05,2025-09-01 15:35:08,2026-07-15 16:24:07,25.3,outbound,2
ENT-01332,CPT-05143,1,2832.76,2025-09-04 11:22:30,2025-09-04 11:22:30,25.3,inbound,4
ENT-01132,CPT-01074,1,1770.28,2026-07-30 17:41:54,2026-07-30 17:41:54,25.3,inbound,12
ENT-01137,CPT-04318,1,1633.48,2025-10-13 17:16:11,2025-10-13 17:16:11,25.3,inbound,7
ENT-01372,CPT-02500,2,1544.48,2026-01-02 13:09:19,2026-07-31 16:01:01,25.3,outbound,60
ENT-01205,CPT-00957,1,1232.86,2026-03-24 17:10:46,2026-03-24 17:10:46,25.3,inbound,1
ENT-00430,CPT-01373,1,224.39,2025-12-14 10:52:33,2025-12-14 10:52:33,25.3,outbound,6
ENT-01436,CPT-01296,3,23490.1,2025-10-06 17:11:20,2026-01-02 12:01:03,25.2,inbound,6
ENT-01257,CPT-04810,3,19675.11,2025-09-09 09:16:20,2026-01-30 14:45:42,25.2,inbound,2
ENT-01132,CPT-01096,5,17098.84,2025-10-02 17:18:57,2026-03-18 17:25:08,25.2,inbound,17
ENT-01377,CPT-02784,5,15828.04,2025-10-14 15:19:16,2026-04-30 16:39:55,25.2,outbound,40
ENT-01378,CPT-04350,3,15495.24,2025-10-03 14:37:46,2026-06-26 16:58:18,25.2,inbound,15
ENT-01162,CPT-05941,6,12554.72,2025-12-03 10:55:10,2026-05-19 09:34:36,25.2,inbound,1
ENT-01051,CPT-03324,4,10867.62,2025-08-19 11:22:16,2026-06-30 15:57:51,25.2,outbound,6
ENT-01386,CPT-02740,1,8500.0,2026-05-12 14:35:32,2026-05-12 14:35:32,25.2,outbound,5
ENT-01141,CPT-02500,3,5651.66,2025-12-11 11:43:29,2026-03-26 11:44:40,25.2,outbound,60
ENT-01176,CPT-03197,4,4720.34,2025-11-13 18:00:01,2026-04-09 14:15:23,25.2,outbound,39
ENT-01259,CPT-02803,3,4528.02,2025-08-26 16:59:16,2026-07-02 14:27:05,25.2,outbound,2
ENT-01407,CPT-05246,1,2879.46,2026-03-20 16:23:14,2026-03-20 16:23:14,25.2,inbound,1
ENT-01280,CPT-04054,1,2452.21,2025-10-29 09:05:48,2025-10-29 09:05:48,25.2,inbound,3
ENT-01380,CPT-01784,1,2115.36,2026-01-28 09:39:03,2026-01-28 09:39:03,25.2,inbound,1
ENT-01500,CPT-05867,1,552.17,2026-06-27 14:57:54,2026-06-27 14:57:54,25.2,inbound,4
ENT-01113,CPT-03980,3,31826.81,2026-03-25 16:11:57,2026-04-08 13:02:42,25.1,inbound,32
ENT-01186,CPT-02758,3,27489.33,2025-11-17 12:55:22,2026-06-22 13:24:25,25.1,outbound,35
ENT-01111,CPT-04303,3,25385.55,2026-01-09 17:42:13,2026-02-13 13:29:35,25.1,inbound,22
ENT-01135,CPT-04288,1,23584.01,2026-07-08 10:35:10,2026-07-08 10:35:10,25.1,inbound,2
ENT-01297,CPT-01487,2,22105.89,2025-11-27 09:02:45,2025-12-02 13:13:05,25.1,inbound,9
ENT-01225,CPT-04299,2,21641.19,2026-02-23 09:12:50,2026-04-03 11:28:31,25.1,inbound,44
ENT-01120,CPT-03759,3,21051.88,2026-04-15 13:16:43,2026-06-26 11:10:49,25.1,inbound,4
ENT-01148,CPT-02286,3,20350.11,2025-09-04 14:01:05,2026-04-02 14:19:14,25.1,inbound,17
ENT-01058,CPT-04411,4,19187.0,2025-09-18 11:35:22,2026-07-28 15:07:32,25.1,inbound,6
ENT-01186,CPT-04058,3,15632.07,2025-12-22 13:28:43,2026-05-13 12:57:54,25.1,inbound,1
ENT-01194,CPT-01244,2,13339.83,2025-08-19 16:06:12,2026-06-02 17:09:31,25.1,inbound,1
ENT-01197,CPT-05599,4,12099.62,2025-11-18 14:23:04,2026-05-11 09:15:47,25.1,inbound,2
ENT-01061,CPT-03651,2,9346.37,2026-03-03 15:25:20,2026-03-30 13:29:49,25.1,inbound,1
ENT-01454,CPT-03551,3,6603.4,2026-03-26 12:55:21,2026-07-30 18:13:54,25.1,outbound,2
ENT-01060,CPT-05107,2,4326.31,2025-09-10 17:37:20,2025-09-29 16:57:03,25.1,inbound,15
ENT-01331,CPT-04797,3,4267.69,2025-09-24 10:41:52,2026-07-03 12:01:16,25.1,inbound,1
ENT-01096,CPT-03297,1,3752.88,2025-09-05 09:11:47,2025-09-05 09:11:47,25.1,outbound,110
ENT-01171,CPT-02756,1,3497.18,2026-07-07 09:13:41,2026-07-07 09:13:41,25.1,outbound,17
ENT-00876,CPT-02205,2,2503.77,2026-05-23 11:58:07,2026-06-10 09:59:01,25.1,outbound,1
ENT-01384,CPT-03297,2,2347.72,2025-12-19 13:58:45,2026-05-01 16:37:47,25.1,outbound,110
ENT-01281,CPT-03980,1,2328.74,2025-08-25 15:40:57,2025-08-25 15:40:57,25.1,inbound,32
ENT-01252,CPT-04484,1,2174.6,2026-06-10 11:17:54,2026-06-10 11:17:54,25.1,inbound,1
ENT-01226,CPT-02758,1,1504.04,2025-10-30 10:42:34,2025-10-30 10:42:34,25.1,outbound,35
ENT-01230,CPT-03330,2,1345.52,2026-01-27 11:52:44,2026-04-20 15:34:53,25.1,outbound,67
ENT-01332,CPT-03832,1,1178.46,2026-01-06 14:00:34,2026-01-06 14:00:34,25.1,inbound,3
ENT-01374,CPT-01070,5,27650.1,2025-08-21 17:55:26,2026-05-13 17:55:40,25.0,inbound,3
ENT-01375,CPT-04324,3,24705.73,2025-09-24 17:59:24,2026-05-21 11:00:31,25.0,inbound,71
ENT-01141,CPT-03814,3,19064.38,2025-10-16 14:21:49,2026-06-05 14:22:56,25.0,inbound,2
ENT-01179,CPT-04832,3,18604.26,2025-10-20 15:55:46,2026-06-10 13:33:04,25.0,inbound,25
ENT-01381,CPT-02663,4,16880.83,2025-08-15 11:17:12,2026-07-07 14:42:07,25.0,outbound,1
ENT-01159,CPT-01285,2,13362.92,2025-12-23 13:35:18,2026-07-14 12:44:10,25.0,inbound,25
ENT-01280,CPT-04679,4,12849.37,2025-09-23 16:09:20,2026-04-20 10:43:14,25.0,inbound,1
ENT-01332,CPT-03528,2,12795.39,2025-11-25 11:00:03,2025-12-17 10:48:50,25.0,outbound,9
ENT-01282,CPT-05572,3,4956.87,2025-12-11 11:16:32,2026-05-31 17:42:57,25.0,inbound,4
ENT-01155,CPT-02821,4,4768.03,2025-08-12 11:01:39,2026-07-21 17:00:33,25.0,outbound,28
ENT-01434,CPT-05559,2,4395.18,2026-02-18 10:25:45,2026-05-13 17:32:55,25.0,inbound,1
ENT-01271,CPT-03164,1,3702.98,2026-04-16 11:06:51,2026-04-16 11:06:51,25.0,outbound,2
ENT-01142,CPT-04201,2,2694.9,2025-12-02 12:54:27,2026-03-28 13:09:51,25.0,inbound,4
ENT-01218,CPT-03602,1,2325.49,2025-11-21 12:35:18,2025-11-21 12:35:18,25.0,inbound,3
ENT-00876,CPT-01875,2,697.76,2025-09-17 19:18:34,2025-10-01 19:48:26,25.0,outbound,2
ENT-00871,CPT-01285,1,228.93,2026-01-15 21:21:50,2026-01-15 21:21:50,25.0,outbound,25
ENT-00997,CPT-01239,1,137.79,2025-09-17 19:22:31,2025-09-17 19:22:31,25.0,outbound,1
ENT-01126,CPT-02190,2,41649.52,2026-02-23 12:02:17,2026-04-16 15:05:19,24.9,inbound,1
ENT-01252,CPT-04324,6,36952.37,2025-08-13 14:03:12,2026-05-19 13:04:18,24.9,inbound,71
ENT-01408,CPT-03245,5,29082.29,2025-11-13 11:34:21,2026-04-21 17:30:46,24.9,outbound,4
ENT-01363,CPT-02240,5,28422.96,2026-01-15 12:28:15,2026-05-19 15:49:00,24.9,inbound,3
ENT-01224,CPT-05078,4,18495.29,2026-02-03 15:32:36,2026-06-04 10:35:22,24.9,inbound,49
ENT-01386,CPT-04404,3,17571.11,2026-01-22 16:47:08,2026-06-02 09:51:37,24.9,inbound,1
ENT-01125,CPT-01022,2,11800.93,2025-08-27 09:13:37,2025-09-30 15:34:41,24.9,inbound,2
ENT-01448,CPT-02399,4,9559.8,2025-09-16 13:15:20,2026-06-18 16:12:14,24.9,outbound,8
ENT-01458,CPT-04676,3,7311.43,2025-09-23 16:56:13,2026-05-26 17:30:46,24.9,inbound,5
ENT-01319,CPT-02695,3,5773.74,2025-08-29 09:42:04,2025-12-31 14:54:56,24.9,outbound,166
ENT-01290,CPT-02887,1,5110.38,2026-05-25 11:48:59,2026-05-25 11:48:59,24.9,outbound,15
ENT-01370,CPT-02650,2,2744.29,2026-06-04 12:36:57,2026-06-30 11:40:37,24.9,outbound,1
ENT-00130,CPT-01551,6,2382.52,2025-11-04 13:13:45,2026-05-08 17:16:31,24.9,inbound;outbound,7
ENT-01212,CPT-02493,2,2222.1,2025-09-15 13:52:03,2025-10-20 10:33:11,24.9,outbound,101
ENT-01458,CPT-05086,1,1710.78,2026-07-23 11:59:52,2026-07-23 11:59:52,24.9,inbound,15
ENT-01335,CPT-05241,1,843.89,2025-09-26 17:58:13,2025-09-26 17:58:13,24.9,inbound,1
ENT-01023,CPT-01876,5,603.99,2025-09-01 12:41:30,2026-07-16 19:28:08,24.9,inbound,2
ENT-00526,CPT-05022,1,75.02,2025-10-18 18:02:43,2025-10-18 18:02:43,24.9,outbound,9
ENT-01155,CPT-04589,2,33406.51,2026-02-11 13:23:56,2026-04-15 14:29:24,24.8,inbound,4
ENT-01441,CPT-00841,1,25054.73,2026-01-14 17:57:45,2026-01-14 17:57:45,24.8,inbound,1
ENT-01151,CPT-01474,3,20432.23,2025-11-19 12:01:13,2026-04-30 12:55:20,24.8,inbound,2
ENT-01103,CPT-02118,4,19983.29,2026-01-28 17:40:33,2026-07-03 09:44:40,24.8,inbound,2
ENT-01333,CPT-03628,2,16889.19,2025-12-29 10:51:15,2026-07-21 10:28:33,24.8,inbound,3
ENT-01094,CPT-01563,2,16182.06,2026-02-04 09:01:40,2026-06-30 12:26:46,24.8,inbound,4
ENT-01453,CPT-03152,3,14774.81,2025-10-21 11:01:28,2025-10-21 11:30:00,24.8,outbound,4
ENT-01237,CPT-03983,1,13694.73,2025-09-09 13:14:58,2025-09-09 13:14:58,24.8,inbound,33
ENT-01453,CPT-03980,1,10065.3,2025-09-12 11:04:39,2025-09-12 11:04:39,24.8,inbound,32
ENT-01150,CPT-05010,4,9960.97,2025-12-19 17:51:56,2026-07-28 09:49:58,24.8,inbound,2
ENT-01071,CPT-05017,3,7408.7,2025-08-14 16:18:33,2026-05-22 12:22:09,24.8,inbound,64
ENT-01093,CPT-01902,2,6276.25,2026-01-06 14:49:11,2026-02-03 10:02:56,24.8,inbound,5
ENT-01425,CPT-03297,1,5458.71,2026-03-04 17:25:37,2026-03-04 17:25:37,24.8,outbound,110
ENT-01386,CPT-01905,4,5307.8,2025-08-11 14:01:36,2026-07-27 12:54:03,24.8,inbound,17
ENT-01191,CPT-03206,2,2050.63,2025-11-28 17:49:57,2026-05-06 14:11:59,24.8,outbound,38
ENT-01169,CPT-03076,1,2019.2,2026-05-19 16:02:25,2026-05-19 16:02:25,24.8,outbound,1
ENT-01153,CPT-05078,2,1407.86,2025-12-11 12:32:24,2026-06-22 14:28:36,24.8,inbound,49
ENT-00474,CPT-01074,2,1049.34,2025-10-05 12:45:11,2026-01-25 17:23:51,24.8,outbound,12
ENT-01289,CPT-04661,2,30895.79,2025-08-29 14:42:40,2026-05-11 12:31:16,24.7,inbound,26
ENT-01339,CPT-03954,5,28427.1,2025-10-01 15:18:38,2026-01-19 16:12:06,24.7,inbound,2
ENT-00386,CPT-00039,12,19916.99,2025-08-15 09:05:43,2026-07-31 08:25:55,24.7,inbound,4
ENT-01135,CPT-01403,1,19133.36,2026-02-06 14:46:39,2026-02-06 14:46:39,24.7,inbound,5
ENT-01062,CPT-04931,2,16248.34,2025-11-03 11:48:32,2026-07-24 17:16:03,24.7,inbound,5
ENT-01179,CPT-03996,3,14742.37,2025-10-20 14:57:49,2026-02-10 12:05:14,24.7,inbound,1
ENT-01277,CPT-04044,2,13246.0,2025-10-16 17:38:49,2026-01-22 11:01:58,24.7,inbound,4
ENT-01348,CPT-03672,2,11698.56,2025-10-01 13:55:30,2026-03-20 10:45:09,24.7,inbound,6
ENT-01069,CPT-03361,3,11589.47,2025-11-27 11:23:44,2026-07-30 09:47:59,24.7,outbound,3
ENT-01339,CPT-04303,3,10521.69,2025-09-11 14:16:42,2026-06-18 11:15:54,24.7,inbound,22
ENT-01182,CPT-02870,3,8624.25,2026-01-22 16:30:06,2026-06-11 12:15:28,24.7,outbound,54
ENT-01346,CPT-01905,1,5682.88,2025-11-17 09:53:09,2025-11-17 09:53:09,24.7,inbound,17
ENT-01212,CPT-01058,2,5448.35,2026-06-22 10:11:18,2026-07-29 12:57:51,24.7,inbound,1
ENT-01126,CPT-04942,1,5262.76,2026-07-21 10:29:38,2026-07-21 10:29:38,24.7,inbound,36
ENT-01403,CPT-04324,1,4769.82,2026-02-10 16:02:39,2026-02-10 16:02:39,24.7,inbound,71
ENT-01410,CPT-05360,1,4294.92,2025-12-15 10:19:44,2025-12-15 10:19:44,24.7,inbound,1
ENT-01051,CPT-01556,2,4197.66,2026-01-01 12:09:02,2026-05-15 09:06:25,24.7,inbound,2
ENT-01175,CPT-03114,2,3992.28,2026-04-30 14:11:41,2026-07-21 15:59:37,24.7,outbound,11
ENT-01311,CPT-02493,2,3800.51,2026-05-07 16:26:11,2026-07-07 18:17:35,24.7,outbound,101
ENT-00902,CPT-01205,2,3737.79,2025-12-19 14:29:32,2026-04-08 15:18:21,24.7,inbound,2
ENT-01331,CPT-04257,2,2716.96,2026-01-13 14:29:55,2026-05-10 15:33:20,24.7,inbound,3
ENT-01115,CPT-03208,1,1315.61,2025-10-09 10:48:52,2025-10-09 10:48:52,24.7,outbound,3
ENT-01262,CPT-02887,1,1002.21,2025-08-28 11:51:07,2025-08-28 11:51:07,24.7,outbound,15
ENT-01436,CPT-03360,1,403.66,2026-05-01 14:16:01,2026-05-01 14:16:01,24.7,outbound,8
ENT-00981,CPT-02044,1,273.26,2025-09-16 09:52:45,2025-09-16 09:52:45,24.7,outbound,1
ENT-01135,CPT-02223,3,40812.26,2025-09-26 12:52:51,2026-06-12 17:47:04,24.6,inbound,1
ENT-01230,CPT-03817,4,26810.91,2025-11-10 12:09:43,2026-07-02 16:51:26,24.6,inbound,9
ENT-01467,CPT-01927,2,22560.47,2025-08-20 12:27:36,2026-03-24 16:01:23,24.6,inbound,18
ENT-01148,CPT-03330,6,22073.26,2025-10-28 17:06:52,2026-04-23 16:53:22,24.6,outbound,67
ENT-01067,CPT-04121,3,20852.55,2025-09-18 16:30:08,2026-06-16 10:55:33,24.6,inbound,1
ENT-01111,CPT-05820,3,19272.96,2025-11-20 16:12:27,2026-07-01 14:59:28,24.6,inbound,1
ENT-01255,CPT-05805,3,18873.15,2025-08-29 16:54:49,2026-02-05 12:01:50,24.6,inbound,10
ENT-01397,CPT-01866,6,18524.7,2025-10-31 11:37:33,2026-06-01 11:56:03,24.6,inbound,2
ENT-01339,CPT-00646,3,11314.72,2025-10-13 11:28:47,2026-05-15 09:52:17,24.6,inbound,7
ENT-01320,CPT-03955,2,10894.17,2026-03-02 16:40:18,2026-05-06 09:34:37,24.6,inbound,3
ENT-01476,CPT-01000,3,8066.75,2025-08-13 11:54:57,2026-07-21 14:50:14,24.6,inbound,1
ENT-01387,CPT-02852,1,7903.56,2025-12-16 16:43:10,2025-12-16 16:43:10,24.6,outbound,13
ENT-01088,CPT-00754,1,7432.84,2025-12-18 17:42:29,2025-12-18 17:42:29,24.6,inbound,2
ENT-01356,CPT-04832,1,6175.84,2026-02-27 15:55:11,2026-02-27 15:55:11,24.6,inbound,25
ENT-01341,CPT-01947,4,5744.07,2025-09-15 13:45:30,2026-03-05 16:26:53,24.6,inbound,1
ENT-01245,CPT-01082,1,3550.67,2025-10-15 11:36:50,2025-10-15 11:36:50,24.6,inbound,1
ENT-01341,CPT-05352,1,3122.76,2026-06-23 17:59:45,2026-06-23 17:59:45,24.6,inbound,1
ENT-01071,CPT-05144,1,3053.93,2026-04-12 11:44:15,2026-04-12 11:44:15,24.6,inbound,2
ENT-01500,CPT-05841,3,2680.52,2025-10-23 13:19:30,2026-03-19 17:42:31,24.6,inbound,2
ENT-01408,CPT-05500,1,1772.43,2026-06-24 11:11:15,2026-06-24 11:11:15,24.6,inbound,1
ENT-01136,CPT-02468,1,1560.8,2025-11-20 15:13:59,2025-11-20 15:13:59,24.6,outbound,1
ENT-01072,CPT-02553,1,698.33,2026-05-07 10:53:17,2026-05-07 10:53:17,24.6,outbound,6
ENT-00969,CPT-00837,1,136.63,2026-04-19 11:13:52,2026-04-19 11:13:52,24.6,outbound,3
ENT-01146,CPT-01857,3,28775.07,2025-09-08 14:39:33,2026-05-29 11:43:32,24.5,inbound,2
ENT-01436,CPT-01680,5,19947.74,2025-10-10 12:50:01,2026-05-20 14:49:16,24.5,inbound,1
ENT-01010,CPT-00693,4,15772.23,2025-11-19 13:13:44,2025-12-31 11:22:10,24.5,inbound,3
ENT-01311,CPT-04891,2,12148.88,2025-09-01 11:27:49,2026-06-16 14:37:19,24.5,inbound,11
ENT-01137,CPT-01029,2,11853.96,2025-09-22 17:22:41,2026-03-11 17:06:27,24.5,inbound,2
ENT-01093,CPT-05869,1,10896.18,2026-01-27 15:24:43,2026-01-27 15:24:43,24.5,inbound,1
ENT-01125,CPT-05259,2,10264.18,2025-09-04 09:24:31,2025-10-29 10:52:01,24.5,inbound,16
ENT-01126,CPT-03628,2,10220.4,2026-02-16 14:46:08,2026-06-25 17:15:06,24.5,inbound,3
ENT-01426,CPT-04942,1,5573.88,2025-09-26 12:29:34,2025-09-26 12:29:34,24.5,inbound,36
ENT-01348,CPT-03916,3,5515.65,2026-01-21 17:32:26,2026-07-24 13:52:50,24.5,inbound,2
ENT-01297,CPT-00948,1,5075.6,2026-02-13 10:20:13,2026-02-13 10:20:13,24.5,inbound,1
ENT-01262,CPT-00870,2,2834.07,2026-02-08 14:12:59,2026-03-18 10:42:39,24.5,inbound,4
ENT-01213,CPT-02787,1,2196.63,2026-05-06 14:54:52,2026-05-06 14:54:52,24.5,outbound,42
ENT-01455,CPT-05323,2,1165.23,2025-10-15 10:59:13,2026-06-25 11:11:43,24.5,inbound,2
ENT-01335,CPT-03940,1,636.24,2026-07-24 12:31:23,2026-07-24 12:31:23,24.5,inbound,1
ENT-00821,CPT-00855,5,516.42,2025-08-18 19:48:11,2026-05-12 19:41:00,24.5,outbound,3
ENT-01378,CPT-02445,1,355.14,2026-07-10 11:53:22,2026-07-10 11:53:22,24.5,outbound,2
ENT-01237,CPT-01838,5,37119.23,2025-11-06 17:45:49,2026-05-25 12:31:41,24.4,inbound,24
ENT-01277,CPT-04634,2,21756.62,2026-06-01 15:29:03,2026-07-07 15:49:58,24.4,inbound,2
ENT-01171,CPT-03729,2,14256.74,2025-10-20 17:08:17,2026-07-09 12:17:31,24.4,inbound,69
ENT-01136,CPT-05071,3,14011.17,2025-12-18 13:18:38,2026-06-25 15:42:33,24.4,inbound,2
ENT-01324,CPT-03957,2,11007.09,2025-11-28 13:43:31,2026-04-10 14:13:29,24.4,inbound,3
ENT-01358,CPT-02064,1,9062.73,2025-11-12 11:16:12,2025-11-12 11:16:12,24.4,inbound,6
ENT-01093,CPT-05102,1,9044.84,2026-01-07 10:49:44,2026-01-07 10:49:44,24.4,inbound,3
ENT-01260,CPT-03068,1,8045.69,2026-06-04 11:57:43,2026-06-04 11:57:43,24.4,outbound,22
ENT-01484,CPT-04402,2,5485.68,2025-12-18 12:13:40,2026-06-22 13:53:00,24.4,inbound,6
ENT-01339,CPT-02870,1,5167.39,2025-09-17 17:17:37,2025-09-17 17:17:37,24.4,outbound,54
ENT-01199,CPT-04815,1,3902.36,2026-05-20 17:01:46,2026-05-20 17:01:46,24.4,inbound,1
ENT-01262,CPT-03533,3,2765.17,2025-09-29 11:53:30,2026-03-25 15:15:09,24.4,outbound,1
ENT-01410,CPT-02959,1,1558.34,2026-06-04 10:19:57,2026-06-04 10:19:57,24.4,outbound,3
ENT-01458,CPT-03594,1,1547.48,2026-02-22 11:09:33,2026-02-22 11:09:33,24.4,inbound,2
ENT-01072,CPT-02695,1,1492.97,2026-05-20 16:09:17,2026-05-20 16:09:17,24.4,outbound,166
ENT-01266,CPT-02993,1,716.17,2026-02-19 13:49:51,2026-02-19 13:49:51,24.4,outbound,3
ENT-00474,CPT-02272,3,681.77,2025-08-27 09:22:12,2026-03-24 14:25:08,24.4,outbound,5
ENT-01434,CPT-03558,1,431.94,2025-08-26 11:41:03,2025-08-26 11:41:03,24.4,outbound,7
ENT-00424,CPT-05707,2,392.72,2025-10-14 18:39:54,2026-06-03 09:42:17,24.4,outbound,4
ENT-00675,CPT-03673,2,299.14,2026-06-30 13:42:48,2026-07-22 09:51:57,24.4,outbound,1
ENT-00197,CPT-01065,1,118.06,2026-02-02 17:27:42,2026-02-02 17:27:42,24.4,outbound,1
ENT-00981,CPT-00080,24,47220.74,2025-08-15 09:55:35,2026-07-31 07:42:16,24.3,inbound,1
ENT-01105,CPT-05086,4,28042.06,2025-11-13 15:07:44,2026-07-14 17:47:39,24.3,inbound,15
ENT-01133,CPT-04835,2,22942.61,2026-06-01 12:54:19,2026-07-29 15:32:10,24.3,inbound,1
ENT-01397,CPT-04424,3,15597.42,2026-02-10 10:51:16,2026-07-06 14:47:04,24.3,inbound,1
ENT-01414,CPT-04324,3,14393.67,2025-09-11 16:24:30,2026-01-20 11:08:28,24.3,inbound,71
ENT-01220,CPT-01074,1,13338.02,2026-06-18 15:14:02,2026-06-18 15:14:02,24.3,inbound,12
ENT-01178,CPT-05414,2,11832.13,2025-08-12 13:27:38,2026-05-21 12:14:59,24.3,inbound,22
ENT-01169,CPT-03714,2,11143.72,2025-08-19 13:45:44,2026-01-15 14:32:18,24.3,inbound,2
ENT-01183,CPT-04451,1,11075.06,2026-01-15 16:56:51,2026-01-15 16:56:51,24.3,inbound,1
ENT-01205,CPT-01633,2,9833.12,2026-03-23 13:55:18,2026-07-30 09:33:57,24.3,inbound,1
ENT-01237,CPT-03206,3,9828.72,2025-08-14 17:37:56,2025-10-16 10:26:50,24.3,outbound,38
ENT-01083,CPT-05254,4,8662.87,2026-01-06 10:02:15,2026-07-27 09:56:32,24.3,inbound,18
ENT-01159,CPT-00654,2,7741.51,2025-08-27 10:17:42,2026-04-24 16:54:32,24.3,inbound,1
ENT-01152,CPT-03952,2,6591.63,2026-04-08 09:41:31,2026-06-01 16:20:47,24.3,inbound,1
ENT-01304,CPT-03188,1,5547.44,2025-10-20 13:55:31,2025-10-20 13:55:31,24.3,outbound,2
ENT-01432,CPT-03452,2,5125.45,2026-01-06 14:12:16,2026-01-26 11:08:37,24.3,outbound,1
ENT-01182,CPT-03522,2,4138.53,2025-09-25 17:16:33,2026-02-03 14:02:19,24.3,outbound,2
ENT-01316,CPT-03989,1,4105.82,2026-07-24 11:19:27,2026-07-24 11:19:27,24.3,inbound,14
ENT-01348,CPT-02609,2,1841.79,2025-10-07 10:14:02,2026-01-23 10:07:42,24.3,outbound,1
ENT-01140,CPT-03175,2,1817.36,2025-10-21 14:48:44,2025-12-11 12:23:22,24.3,outbound,12
ENT-01115,CPT-05078,2,1546.76,2026-06-01 14:30:52,2026-07-02 16:11:50,24.3,inbound,49
ENT-01057,CPT-03543,1,965.97,2026-04-24 15:17:45,2026-04-24 15:17:45,24.3,outbound,2
ENT-01348,CPT-02758,1,665.32,2025-12-02 10:46:13,2025-12-02 10:46:13,24.3,outbound,35
ENT-01458,CPT-03728,1,625.96,2025-09-29 11:41:51,2025-09-29 11:41:51,24.3,inbound,8
ENT-01058,CPT-04343,1,5632.5,2025-12-16 16:43:02,2025-12-16 16:43:02,24.2,inbound,2
ENT-01380,CPT-05612,3,4431.33,2025-09-26 12:48:55,2026-02-03 14:44:45,24.2,inbound,2
ENT-01281,CPT-02574,1,3367.09,2026-04-28 12:07:34,2026-04-28 12:07:34,24.2,outbound,3
ENT-01352,CPT-00837,1,2773.65,2025-08-13 16:47:28,2025-08-13 16:47:28,24.2,inbound,3
ENT-01230,CPT-03904,2,2704.37,2025-09-22 11:12:04,2026-01-21 16:59:51,24.2,inbound,2
ENT-00447,CPT-04661,2,2113.02,2025-11-08 16:30:54,2026-01-07 21:06:28,24.2,outbound,26
ENT-01105,CPT-03505,1,500.0,2025-12-16 15:24:21,2025-12-16 15:24:21,24.2,outbound,3
ENT-00821,CPT-02245,2,456.06,2025-11-27 18:35:58,2026-02-15 16:28:01,24.2,outbound,4
ENT-00333,CPT-01112,1,35.35,2026-02-09 18:26:24,2026-02-09 18:26:24,24.2,outbound,49
ENT-01094,CPT-05254,3,39464.79,2025-08-28 09:30:12,2026-03-05 13:54:15,24.1,inbound,18
ENT-01217,CPT-03729,3,17670.63,2026-01-23 13:33:17,2026-06-19 17:34:48,24.1,inbound,69
ENT-01178,CPT-05124,2,17345.96,2025-09-03 09:53:20,2025-09-24 12:19:00,24.1,inbound,1
ENT-01175,CPT-05017,2,16839.66,2026-05-15 09:37:13,2026-05-20 13:27:00,24.1,inbound,64
ENT-01345,CPT-01795,3,12986.47,2025-09-12 14:17:12,2026-03-13 10:03:27,24.1,inbound,2
ENT-01169,CPT-04843,3,12817.39,2025-08-19 14:38:21,2026-04-14 17:42:54,24.1,inbound,8
ENT-01449,CPT-03763,2,12235.89,2025-10-07 12:32:39,2026-07-27 12:23:20,24.1,inbound,2
ENT-01377,CPT-02201,1,11989.52,2025-12-04 09:12:30,2025-12-04 09:12:30,24.1,inbound,3
ENT-01140,CPT-00678,2,11894.35,2025-11-19 11:06:37,2026-06-04 09:31:32,24.1,inbound,4
ENT-01478,CPT-05430,2,10261.7,2025-11-14 12:46:34,2026-04-17 17:36:36,24.1,inbound,2
ENT-01183,CPT-01838,2,8731.32,2025-10-20 09:02:07,2026-04-09 15:15:53,24.1,inbound,24
ENT-01167,CPT-01683,2,8108.04,2025-09-23 17:16:00,2026-07-24 10:29:14,24.1,inbound,13
ENT-01277,CPT-04418,2,7604.1,2025-12-02 09:11:34,2026-07-06 16:26:53,24.1,inbound,1
ENT-01083,CPT-05072,4,6209.8,2026-03-05 10:35:27,2026-06-23 14:08:58,24.1,inbound,31
ENT-01353,CPT-04468,1,5226.35,2026-03-11 16:53:54,2026-03-11 16:53:54,24.1,inbound,5
ENT-01345,CPT-03474,3,4971.44,2025-12-04 16:00:20,2026-05-26 18:23:23,24.1,outbound,1
ENT-01397,CPT-01397,2,3443.21,2025-08-28 09:57:22,2026-03-13 14:11:02,24.1,inbound,3
ENT-01348,CPT-03068,1,3006.22,2026-01-29 09:39:02,2026-01-29 09:39:02,24.1,outbound,22
ENT-01182,CPT-02695,1,2536.82,2026-01-22 16:25:45,2026-01-22 16:25:45,24.1,outbound,166
ENT-01222,CPT-03175,2,1584.02,2025-09-30 14:19:55,2025-12-04 11:33:49,24.1,outbound,12
ENT-00653,CPT-02227,3,355.46,2025-09-12 15:59:34,2026-06-26 12:32:49,24.1,inbound,12
ENT-01146,CPT-04299,1,347.59,2025-10-31 15:20:59,2025-10-31 15:20:59,24.1,inbound,44
ENT-01241,CPT-05848,3,28098.36,2025-11-12 10:10:14,2025-12-02 17:00:20,24.0,inbound,1
ENT-01212,CPT-03006,4,23533.78,2025-12-08 12:01:49,2026-06-30 12:27:55,24.0,outbound,7
ENT-01051,CPT-05614,1,20834.67,2026-02-18 12:20:29,2026-02-18 12:20:29,24.0,inbound,1
ENT-01347,CPT-03729,2,12540.34,2025-10-07 15:14:04,2026-06-29 12:14:56,24.0,inbound,69
ENT-01410,CPT-02756,3,11362.8,2025-10-28 14:59:46,2025-12-19 09:05:29,24.0,outbound,17
ENT-01432,CPT-04405,3,8913.15,2025-11-12 15:07:30,2026-06-11 11:20:13,24.0,inbound,1
ENT-01280,CPT-05366,2,7965.74,2026-01-08 15:53:18,2026-03-31 12:49:37,24.0,inbound,6
ENT-01246,CPT-03159,2,6143.64,2025-11-04 16:39:20,2026-01-02 15:32:08,24.0,outbound,2
ENT-01430,CPT-02710,1,3725.03,2026-03-04 16:11:33,2026-03-04 16:11:33,24.0,outbound,1
ENT-01379,CPT-04996,1,1838.95,2025-12-04 13:21:06,2025-12-04 13:21:06,24.0,inbound,1
ENT-01378,CPT-03956,5,34168.88,2025-11-05 09:08:32,2026-07-08 15:38:23,23.9,inbound,1
ENT-01320,CPT-05691,2,31329.09,2025-12-18 16:44:49,2026-06-01 11:28:30,23.9,inbound,9
ENT-01348,CPT-04324,3,30989.68,2025-11-11 12:53:04,2026-03-30 10:43:59,23.9,inbound,71
ENT-01305,CPT-04855,3,19184.54,2025-12-17 12:24:34,2026-06-16 11:48:55,23.9,inbound,18
ENT-01119,CPT-04214,2,17341.29,2025-09-10 09:23:28,2025-12-04 16:35:25,23.9,inbound,7
ENT-01194,CPT-00791,2,17322.0,2026-06-25 11:48:03,2026-07-27 10:19:23,23.9,inbound,2
ENT-01454,CPT-00791,3,13525.29,2025-08-13 10:59:51,2026-06-08 13:31:08,23.9,inbound,2
ENT-01167,CPT-05958,2,12486.39,2026-01-27 09:01:22,2026-05-01 15:06:39,23.9,inbound,13
ENT-01115,CPT-02517,3,12070.21,2025-09-04 12:21:34,2026-01-16 09:05:44,23.9,outbound,9
ENT-01440,CPT-01420,2,10090.76,2026-05-22 16:45:59,2026-07-28 17:23:52,23.9,inbound,2
ENT-01379,CPT-02354,1,8338.74,2026-02-20 10:46:41,2026-02-20 10:46:41,23.9,inbound,2
ENT-01363,CPT-01991,2,6073.35,2025-10-08 15:43:34,2026-02-18 15:20:33,23.9,inbound,2
ENT-01226,CPT-02500,2,5635.76,2025-11-27 12:58:49,2026-02-03 16:17:02,23.9,outbound,60
ENT-01379,CPT-04942,2,5198.36,2025-08-12 10:14:11,2025-11-17 16:33:55,23.9,inbound,36
ENT-01164,CPT-01858,3,4585.55,2025-10-09 12:56:27,2026-06-12 17:01:24,23.9,inbound,1
ENT-01340,CPT-03648,3,4556.7,2025-10-31 16:24:15,2026-04-02 12:01:05,23.9,inbound,2
ENT-01380,CPT-04891,1,2070.44,2026-03-03 12:33:38,2026-03-03 12:33:38,23.9,inbound,11
ENT-01349,CPT-03921,2,1667.89,2025-09-05 11:58:24,2025-10-15 10:07:32,23.9,inbound,3
ENT-00227,CPT-05922,2,813.56,2025-12-01 08:46:03,2026-02-17 17:57:29,23.9,outbound,2
ENT-01281,CPT-03564,1,597.03,2026-05-21 14:01:25,2026-05-21 14:01:25,23.9,outbound,2
ENT-01403,CPT-02612,7,50569.77,2025-10-02 16:02:59,2026-07-14 14:01:12,23.8,outbound,1
ENT-01113,CPT-02081,5,30897.54,2025-10-07 09:05:33,2026-05-13 11:14:05,23.8,inbound,5
ENT-01367,CPT-02291,4,25015.92,2025-09-10 10:03:30,2026-07-28 11:37:32,23.8,inbound,1
ENT-01122,CPT-05017,3,22126.83,2025-10-20 11:32:50,2026-06-09 13:52:08,23.8,inbound,64
ENT-01466,CPT-01720,3,19541.73,2025-10-03 13:25:35,2026-01-06 12:31:29,23.8,inbound,2
ENT-01440,CPT-01360,1,18035.37,2026-01-01 11:13:57,2026-01-01 11:13:57,23.8,inbound,3
ENT-01055,CPT-02659,7,14343.46,2025-11-18 10:47:54,2026-03-12 12:09:33,23.8,outbound,4
ENT-01242,CPT-05219,1,14062.36,2026-04-15 10:05:02,2026-04-15 10:05:02,23.8,inbound,3
ENT-01424,CPT-05944,1,10102.26,2026-01-16 17:54:01,2026-01-16 17:54:01,23.8,inbound,3
ENT-01426,CPT-03980,1,8355.02,2026-07-01 13:21:36,2026-07-01 13:21:36,23.8,inbound,32
ENT-01395,CPT-02695,5,6089.75,2025-09-24 12:14:36,2026-05-12 11:53:33,23.8,outbound,166
ENT-01137,CPT-05749,1,6062.03,2026-06-02 15:51:49,2026-06-02 15:51:49,23.8,inbound,2
ENT-01191,CPT-01112,2,4769.8,2025-10-06 09:53:28,2026-04-21 16:37:07,23.8,inbound,49
ENT-01167,CPT-03297,3,3383.01,2026-06-10 15:47:46,2026-07-14 17:00:46,23.8,outbound,110
ENT-01232,CPT-02787,2,3059.47,2025-11-10 09:30:26,2026-06-22 09:08:16,23.8,outbound,42
ENT-01177,CPT-05031,1,1555.8,2026-02-13 10:40:38,2026-02-13 10:40:38,23.8,inbound,5
ENT-01432,CPT-02469,1,1525.83,2025-11-11 17:09:28,2025-11-11 17:09:28,23.8,outbound,1
ENT-01197,CPT-02575,2,21268.69,2025-11-04 13:02:27,2026-01-20 09:19:52,23.7,outbound,2
ENT-01224,CPT-04371,3,19353.97,2025-08-12 11:57:17,2026-03-06 09:26:25,23.7,inbound,19
ENT-01335,CPT-04342,3,17969.57,2025-09-03 13:15:09,2026-05-13 09:24:01,23.7,inbound,2
ENT-01122,CPT-01112,2,16046.96,2025-09-09 12:29:36,2025-10-02 13:42:58,23.7,inbound,49
ENT-01137,CPT-04299,3,14797.53,2025-09-15 12:51:53,2026-03-06 17:18:52,23.7,inbound,44
ENT-01092,CPT-03759,2,11089.88,2026-02-23 10:08:11,2026-07-28 12:18:53,23.7,inbound,4
ENT-01484,CPT-01158,2,10478.74,2026-02-12 15:41:17,2026-07-16 17:50:02,23.7,inbound,2
ENT-01440,CPT-03987,2,8960.06,2025-09-08 11:35:24,2025-10-17 11:59:36,23.7,inbound,1
ENT-01201,CPT-03933,2,8701.83,2026-01-16 17:45:26,2026-02-06 13:00:45,23.7,inbound,15
ENT-01440,CPT-05450,3,8609.2,2025-09-03 16:32:19,2026-06-02 11:56:27,23.7,inbound,29
ENT-01137,CPT-01098,1,6693.17,2025-10-17 12:49:52,2025-10-17 12:49:52,23.7,inbound,4
ENT-01408,CPT-01905,2,5843.55,2026-01-22 13:43:37,2026-04-29 15:31:36,23.7,inbound,17
ENT-01378,CPT-01468,2,5008.83,2025-12-11 16:27:35,2026-01-08 12:49:07,23.7,inbound,2
ENT-01233,CPT-05189,2,4903.7,2025-08-28 15:05:50,2025-10-22 12:41:52,23.7,inbound,11
ENT-01051,CPT-04067,2,3733.8,2025-09-12 15:48:40,2026-01-27 11:17:11,23.7,inbound,3
ENT-01093,CPT-04442,1,3440.48,2026-01-07 12:08:10,2026-01-07 12:08:10,23.7,inbound,1
ENT-01331,CPT-01175,2,3261.38,2026-03-05 12:01:43,2026-05-04 09:44:57,23.7,inbound,6
ENT-01051,CPT-05017,1,3131.3,2026-02-12 13:10:52,2026-02-12 13:10:52,23.7,inbound,64
ENT-01220,CPT-02577,1,1699.02,2026-05-12 18:08:26,2026-05-12 18:08:26,23.7,outbound,8
ENT-00918,CPT-02046,2,1081.36,2025-10-18 12:46:08,2026-06-12 12:55:27,23.7,outbound,1
ENT-00585,CPT-04661,1,953.97,2026-02-03 20:19:09,2026-02-03 20:19:09,23.7,outbound,26
ENT-01339,CPT-00836,1,799.12,2026-06-26 15:03:48,2026-06-26 15:03:48,23.7,inbound,2
ENT-00907,CPT-02175,1,639.3,2026-04-06 18:31:21,2026-04-06 18:31:21,23.7,outbound,1
ENT-00918,CPT-01919,1,67.48,2026-03-21 18:56:49,2026-03-21 18:56:49,23.7,outbound,2
ENT-01224,CPT-00870,4,39384.91,2025-09-04 13:08:27,2026-06-04 09:08:08,23.6,inbound,4
ENT-01345,CPT-05792,4,35566.76,2025-09-19 17:53:35,2026-06-26 13:24:38,23.6,inbound,2
ENT-00447,CPT-00834,6,25614.22,2025-08-19 15:30:15,2026-04-29 11:17:13,23.6,inbound;outbound,2
ENT-01397,CPT-02088,5,19782.43,2025-10-03 16:30:11,2026-06-30 09:33:38,23.6,inbound,2
ENT-01132,CPT-05022,1,16811.01,2025-12-12 12:41:21,2025-12-12 12:41:21,23.6,inbound,9
ENT-01414,CPT-05259,1,15666.52,2025-10-15 16:37:26,2025-10-15 16:37:26,23.6,inbound,16
ENT-01332,CPT-02876,6,13646.24,2025-09-10 13:36:53,2026-06-22 09:25:46,23.6,outbound,2
ENT-01471,CPT-05185,4,13623.24,2025-09-11 14:15:25,2026-07-20 09:09:15,23.6,inbound,2
ENT-01150,CPT-04727,4,9540.71,2026-01-05 14:42:21,2026-05-14 09:11:38,23.6,inbound,4
ENT-01434,CPT-02504,2,9411.09,2025-09-04 09:58:52,2025-09-22 10:02:25,23.6,outbound,3
ENT-01213,CPT-03359,2,8362.79,2025-10-22 13:58:46,2026-04-13 14:03:50,23.6,outbound,9
ENT-00060,CPT-05729,3,6175.27,2025-09-01 19:48:48,2026-05-04 17:08:05,23.6,outbound,1
ENT-01292,CPT-03297,3,4949.41,2025-09-25 11:30:14,2026-02-03 14:27:20,23.6,outbound,110
ENT-01069,CPT-02399,3,4646.34,2026-02-17 16:10:04,2026-07-30 10:01:54,23.6,outbound,8
ENT-01230,CPT-04488,1,3705.0,2025-12-26 17:31:53,2025-12-26 17:31:53,23.6,inbound,2
ENT-01280,CPT-04942,3,3659.32,2025-09-17 09:19:17,2026-07-28 12:16:26,23.6,inbound,36
ENT-01395,CPT-02234,1,2905.02,2026-04-14 16:29:45,2026-04-14 16:29:45,23.6,inbound,1
ENT-00997,CPT-05254,3,2510.07,2026-02-26 19:03:04,2026-07-13 09:11:02,23.6,outbound,18
ENT-01049,CPT-04725,2,1892.82,2025-08-19 19:54:12,2026-04-09 15:34:21,23.6,outbound,2
ENT-01415,CPT-03745,1,1660.44,2025-10-27 09:59:37,2025-10-27 09:59:37,23.6,inbound,1
ENT-01275,CPT-02521,1,1220.76,2026-04-02 14:02:02,2026-04-02 14:02:02,23.6,outbound,4
ENT-01071,CPT-04231,1,1210.07,2026-01-14 12:13:22,2026-01-14 12:13:22,23.6,inbound,1
ENT-01331,CPT-04056,1,894.11,2026-01-14 09:30:00,2026-01-14 09:30:00,23.6,inbound,1
ENT-00589,CPT-05017,1,595.95,2026-07-24 19:52:23,2026-07-24 19:52:23,23.6,outbound,64
ENT-01378,CPT-03715,1,526.79,2026-01-20 10:24:12,2026-01-20 10:24:12,23.6,inbound,1
ENT-01348,CPT-04198,5,31720.2,2025-11-28 14:34:58,2026-06-25 12:52:00,23.5,inbound,3
ENT-01169,CPT-01423,5,24788.99,2025-11-12 14:35:05,2026-06-19 16:51:52,23.5,inbound,4
ENT-01459,CPT-01730,1,22763.96,2025-11-03 10:20:28,2025-11-03 10:20:28,23.5,inbound,2
ENT-01155,CPT-03689,2,15129.4,2025-11-03 15:40:44,2026-03-13 15:05:24,23.5,inbound,2
ENT-01232,CPT-05851,4,9915.56,2025-10-09 11:17:18,2026-05-01 10:56:26,23.5,inbound,7
ENT-01379,CPT-04773,2,7187.08,2025-11-10 15:42:37,2025-12-22 09:08:43,23.5,inbound,3
ENT-01249,CPT-02410,1,6503.65,2026-07-24 12:10:57,2026-07-24 12:10:57,23.5,outbound,9
ENT-01458,CPT-00675,3,5621.49,2025-09-29 10:35:00,2025-11-25 12:13:44,23.5,inbound,4
ENT-01239,CPT-02409,2,5386.55,2025-11-06 11:56:09,2026-05-15 17:10:23,23.5,outbound,1
ENT-01252,CPT-02498,1,5145.98,2026-07-02 12:17:04,2026-07-02 12:17:04,23.5,outbound,45
ENT-00731,CPT-01360,3,5144.38,2025-09-18 14:03:17,2026-04-29 12:47:15,23.5,inbound,3
ENT-01426,CPT-04147,2,3718.62,2025-08-12 10:30:48,2026-06-04 17:48:19,23.5,inbound,3
ENT-01385,CPT-00778,1,2462.98,2025-11-25 16:45:52,2025-11-25 16:45:52,23.5,inbound,3
ENT-01115,CPT-04843,2,2293.86,2025-08-26 16:09:04,2025-11-06 11:08:44,23.5,inbound,8
ENT-01358,CPT-02591,1,1443.95,2026-07-23 09:29:29,2026-07-23 09:29:29,23.5,outbound,2
ENT-01212,CPT-05040,2,575.87,2025-10-01 09:00:59,2026-07-06 16:03:51,23.5,inbound,8
ENT-01436,CPT-05338,7,57682.6,2025-10-22 14:36:02,2026-07-20 11:23:26,23.4,inbound,6
ENT-01292,CPT-01487,6,47504.3,2025-09-05 13:00:38,2026-07-29 15:47:31,23.4,inbound,9
ENT-01122,CPT-01080,4,28512.09,2026-01-13 13:06:21,2026-06-16 10:01:06,23.4,inbound,3
ENT-01141,CPT-04371,2,20657.7,2025-12-05 16:27:52,2026-07-01 16:09:26,23.4,inbound,19
ENT-01403,CPT-04661,1,19672.14,2026-01-30 11:47:37,2026-01-30 11:47:37,23.4,inbound,26
ENT-01440,CPT-05060,3,17637.25,2025-10-29 10:58:23,2026-03-31 12:42:27,23.4,inbound,4
ENT-01170,CPT-04375,2,15740.54,2026-05-05 13:12:27,2026-05-14 15:26:43,23.4,inbound,4
ENT-01136,CPT-05678,2,11913.3,2025-11-13 17:54:26,2026-02-27 09:55:31,23.4,inbound,4
ENT-01146,CPT-02852,5,11396.21,2025-09-02 17:35:44,2026-07-09 16:07:13,23.4,outbound,13
ENT-01203,CPT-04960,1,11094.91,2026-07-09 11:25:40,2026-07-09 11:25:40,23.4,inbound,3
ENT-01462,CPT-02719,3,10576.61,2025-10-14 11:30:11,2026-06-23 18:19:42,23.4,outbound,2
ENT-01289,CPT-05620,1,10281.08,2025-10-27 17:18:27,2025-10-27 17:18:27,23.4,inbound,4
ENT-01411,CPT-01599,3,9594.58,2025-08-18 11:12:27,2026-06-26 14:23:04,23.4,inbound,5
ENT-01058,CPT-03765,1,8961.85,2026-06-05 10:30:14,2026-06-05 10:30:14,23.4,inbound,1
ENT-01225,CPT-02418,3,6660.54,2026-01-13 16:33:58,2026-03-05 18:23:40,23.4,outbound,28
ENT-01142,CPT-05638,2,5167.58,2026-05-09 13:11:06,2026-07-03 12:43:30,23.4,inbound,2
ENT-01122,CPT-03119,2,3482.2,2025-11-25 11:47:54,2026-06-25 18:01:54,23.4,outbound,2
ENT-01218,CPT-05732,2,2993.22,2025-11-25 11:23:16,2026-04-27 17:14:48,23.4,inbound,2
ENT-01096,CPT-02493,2,2508.65,2026-07-24 14:16:35,2026-07-29 10:08:25,23.4,outbound,101
ENT-01199,CPT-04762,1,2221.07,2026-02-10 09:56:23,2026-02-10 09:56:23,23.4,inbound,2
ENT-01177,CPT-05604,2,1889.45,2025-11-18 14:00:09,2026-01-05 12:54:12,23.4,inbound,2
ENT-01385,CPT-03731,5,36530.55,2025-11-04 10:00:01,2026-07-06 11:27:28,23.3,inbound,22
ENT-01358,CPT-04500,5,32699.95,2025-12-02 10:33:18,2026-07-17 15:39:32,23.3,inbound,3
ENT-01375,CPT-05440,3,19090.09,2025-11-06 15:50:10,2026-03-10 11:45:38,23.3,inbound,1
ENT-01342,CPT-05770,3,16694.6,2025-09-11 16:20:49,2026-07-29 11:52:30,23.3,inbound,1
ENT-01415,CPT-02272,2,15475.74,2025-12-15 10:28:07,2026-02-25 16:43:07,23.3,inbound,5
ENT-01363,CPT-01106,4,14366.48,2025-09-25 17:02:34,2026-01-30 10:09:19,23.3,inbound,11
ENT-01051,CPT-03206,3,12516.29,2025-08-19 11:23:05,2026-05-26 13:22:21,23.3,outbound,38
ENT-01280,CPT-05455,2,11571.39,2025-09-23 17:53:24,2025-11-07 10:46:44,23.3,inbound,5
ENT-01453,CPT-04299,2,11145.83,2025-12-03 10:39:34,2026-07-09 13:35:22,23.3,inbound,44
ENT-01305,CPT-03565,5,9829.3,2026-01-20 14:08:08,2026-06-16 17:45:52,23.3,outbound,2
ENT-01259,CPT-04114,2,8371.0,2025-08-13 10:03:10,2025-12-26 11:07:42,23.3,inbound,19
ENT-01356,CPT-01119,2,7914.02,2025-12-16 15:25:14,2026-02-06 14:16:44,23.3,inbound,2
ENT-01380,CPT-01683,4,6718.74,2025-09-19 17:37:32,2026-02-27 09:47:30,23.3,inbound,13
ENT-01293,CPT-01551,2,6377.9,2025-10-02 12:50:27,2026-04-28 12:55:58,23.3,inbound,7
ENT-01347,CPT-03873,1,5496.23,2025-11-20 16:42:25,2025-11-20 16:42:25,23.3,inbound,2
ENT-01280,CPT-04299,1,3847.48,2026-06-22 09:14:20,2026-06-22 09:14:20,23.3,inbound,44
ENT-01124,CPT-02870,2,3445.98,2026-01-19 12:48:27,2026-06-19 11:00:56,23.3,outbound,54
ENT-01432,CPT-02498,1,3161.21,2025-08-18 12:24:13,2025-08-18 12:24:13,23.3,outbound,45
ENT-01247,CPT-02758,1,2463.16,2026-05-28 14:11:32,2026-05-28 14:11:32,23.3,outbound,35
ENT-01449,CPT-02695,2,2278.44,2026-03-10 16:22:45,2026-03-23 13:31:56,23.3,outbound,166
ENT-00130,CPT-01772,5,555.73,2025-10-17 09:48:28,2026-05-27 18:00:11,23.3,inbound;outbound,3
ENT-01266,CPT-04287,4,42546.06,2025-11-04 11:58:35,2026-06-26 11:06:34,23.2,inbound,1
ENT-01265,CPT-01742,3,24481.41,2025-09-11 10:06:28,2026-07-24 14:31:03,23.2,inbound,27
ENT-01130,CPT-05664,1,17968.72,2026-07-30 17:03:03,2026-07-30 17:03:03,23.2,inbound,5
ENT-01093,CPT-03897,1,15392.68,2026-05-25 13:57:22,2026-05-25 13:57:22,23.2,inbound,2
ENT-01341,CPT-02864,5,12008.8,2025-09-09 16:51:06,2026-02-25 10:54:19,23.2,outbound,10
ENT-01171,CPT-00882,2,6831.25,2025-11-06 14:54:50,2026-01-07 13:31:55,23.2,inbound,1
ENT-01247,CPT-04707,1,6595.26,2026-02-27 16:53:25,2026-02-27 16:53:25,23.2,inbound,4
ENT-01176,CPT-02832,2,5148.64,2025-11-13 18:15:49,2026-04-09 13:42:56,23.2,outbound,6
ENT-01427,CPT-05072,3,5093.45,2025-08-25 11:59:25,2026-03-20 09:19:39,23.2,inbound,31
ENT-01312,CPT-02758,2,4973.58,2025-10-17 09:46:36,2025-12-25 17:05:35,23.2,outbound,35
ENT-01455,CPT-03297,2,3825.81,2025-10-10 16:40:18,2026-01-28 17:18:13,23.2,outbound,110
ENT-01069,CPT-03008,2,3289.26,2025-09-04 09:51:28,2026-07-30 09:55:20,23.2,outbound,6
ENT-01205,CPT-03091,2,3128.83,2025-11-27 11:30:37,2026-04-20 14:26:32,23.2,outbound,2
ENT-00496,CPT-02084,6,1943.17,2025-09-02 14:45:36,2026-04-07 19:27:36,23.2,outbound,1
ENT-01335,CPT-03171,1,1199.64,2026-02-18 15:30:04,2026-02-18 15:30:04,23.2,outbound,2
ENT-01180,CPT-03220,1,993.19,2026-02-04 15:34:49,2026-02-04 15:34:49,23.2,outbound,1
ENT-00653,CPT-01927,4,874.23,2025-09-05 21:14:54,2026-07-31 12:27:00,23.2,inbound,18
ENT-01467,CPT-04843,3,38432.92,2025-09-26 09:43:01,2026-02-25 10:42:41,23.1,inbound,8
ENT-01319,CPT-05067,5,38351.01,2025-09-18 16:31:19,2026-06-30 16:24:40,23.1,inbound,2
ENT-01467,CPT-01730,2,19532.39,2025-09-03 11:34:39,2026-04-15 12:40:43,23.1,inbound,2
ENT-01155,CPT-04419,3,12785.89,2025-08-25 16:54:23,2026-03-25 15:18:51,23.1,inbound,11
ENT-01342,CPT-04954,5,10754.44,2026-01-07 12:27:59,2026-05-06 13:02:44,23.1,inbound,2
ENT-01136,CPT-03684,2,8978.17,2025-09-09 15:42:46,2026-03-03 17:53:59,23.1,inbound,1
ENT-01466,CPT-03262,4,7202.0,2025-09-09 10:09:12,2026-02-06 10:00:16,23.1,outbound,1
ENT-01456,CPT-02756,3,6945.13,2025-09-12 09:30:24,2026-06-17 16:43:27,23.1,outbound,17
ENT-01204,CPT-05434,1,4681.98,2026-04-06 09:36:26,2026-04-06 09:36:26,23.1,inbound,1
ENT-01204,CPT-02555,2,4039.05,2026-04-30 12:35:43,2026-07-30 13:03:57,23.1,outbound,5
ENT-01092,CPT-03949,1,3509.51,2026-03-05 12:04:18,2026-03-05 12:04:18,23.1,inbound,11
ENT-01297,CPT-03297,2,3461.82,2025-12-31 10:04:00,2026-02-04 13:13:46,23.1,outbound,110
ENT-01088,CPT-03695,2,3284.27,2025-08-08 14:06:34,2025-12-18 14:22:45,23.1,inbound,12
ENT-01199,CPT-00943,4,35742.77,2025-08-19 13:35:04,2026-01-06 17:31:16,23.0,inbound,2
ENT-01257,CPT-05027,4,25102.72,2026-03-25 10:10:08,2026-06-12 10:29:23,23.0,inbound,2
ENT-01432,CPT-03390,2,24701.71,2025-11-19 11:07:37,2026-04-28 13:00:52,23.0,outbound,8
ENT-01265,CPT-04350,2,14324.87,2026-01-06 12:59:31,2026-07-08 12:08:46,23.0,inbound,15
ENT-01088,CPT-02498,4,12626.54,2025-08-25 14:21:31,2026-02-24 11:52:10,23.0,outbound,45
ENT-01169,CPT-01434,2,10182.5,2026-04-01 16:40:39,2026-04-02 15:57:24,23.0,inbound,1
ENT-01152,CPT-02957,3,10163.0,2025-12-18 15:02:15,2026-06-09 10:37:03,23.0,outbound,1
ENT-01448,CPT-02664,3,8348.32,2026-01-15 11:51:46,2026-06-11 11:31:59,23.0,outbound,6
ENT-01083,CPT-03495,4,7490.42,2025-09-08 10:51:12,2026-06-08 17:31:25,23.0,outbound,3
ENT-01492,CPT-03569,2,5722.29,2026-07-09 09:25:44,2026-07-09 09:51:05,23.0,outbound,1
ENT-01410,CPT-04984,2,5595.51,2025-11-21 11:31:21,2026-04-21 16:16:16,23.0,inbound,1
ENT-01085,CPT-04800,3,5488.63,2026-05-19 14:08:15,2026-07-15 16:38:38,23.0,inbound,1
ENT-01057,CPT-03865,3,4171.9,2025-09-03 09:19:55,2026-07-03 09:42:19,23.0,inbound,8
ENT-01440,CPT-02756,2,4047.63,2026-03-27 12:54:57,2026-07-01 17:57:44,23.0,outbound,17
ENT-01171,CPT-04294,2,3956.64,2025-11-06 16:57:14,2026-07-29 09:26:58,23.0,inbound,6
ENT-01140,CPT-03206,1,3587.91,2025-10-21 14:29:34,2025-10-21 14:29:34,23.0,outbound,38
ENT-01247,CPT-05433,1,2338.89,2025-09-04 13:21:43,2025-09-04 13:21:43,23.0,inbound,2
ENT-01277,CPT-04956,1,2020.81,2026-07-01 11:43:14,2026-07-01 11:43:14,23.0,inbound,2
ENT-01093,CPT-01264,2,21528.4,2025-09-09 16:15:01,2026-02-10 11:07:15,22.9,inbound,3
ENT-01205,CPT-04324,5,17689.19,2025-09-18 14:30:47,2026-07-13 14:35:55,22.9,inbound,71
ENT-01228,CPT-04342,3,15446.23,2025-11-25 11:46:36,2026-03-16 10:49:44,22.9,inbound,2
ENT-01226,CPT-05078,2,11010.11,2025-10-13 13:26:16,2025-12-31 12:22:42,22.9,inbound,49
ENT-01440,CPT-05370,3,10481.69,2025-11-17 17:31:06,2026-03-04 12:22:06,22.9,inbound,4
ENT-01177,CPT-02414,3,8326.89,2025-09-26 16:16:59,2026-07-20 17:47:36,22.9,outbound,22
ENT-01167,CPT-01191,3,6672.22,2025-09-04 16:28:30,2026-04-15 13:41:26,22.9,inbound,1
ENT-01060,CPT-05830,2,6076.07,2025-10-27 16:33:35,2025-11-05 11:08:07,22.9,inbound,5
ENT-01141,CPT-03744,1,5883.52,2025-12-30 12:23:30,2025-12-30 12:23:30,22.9,inbound,1
ENT-01497,CPT-04141,2,4149.91,2025-12-12 09:02:31,2026-03-26 16:07:58,22.9,inbound,1
ENT-01266,CPT-04086,3,3275.37,2025-10-27 16:55:51,2026-02-24 10:31:44,22.9,inbound,1
ENT-01348,CPT-04213,3,3238.35,2025-11-28 13:09:42,2026-07-22 16:00:11,22.9,inbound,1
ENT-01382,CPT-02500,1,2888.11,2026-03-17 15:55:31,2026-03-17 15:55:31,22.9,outbound,60
ENT-00650,CPT-01927,2,2445.58,2025-09-15 08:44:14,2026-05-21 18:18:09,22.9,outbound,18
ENT-01466,CPT-05830,3,1809.8,2025-09-23 12:50:26,2026-01-08 17:17:21,22.9,inbound,5
ENT-01410,CPT-04661,1,1631.08,2026-04-15 12:26:46,2026-04-15 12:26:46,22.9,inbound,26
ENT-01153,CPT-02914,1,1184.17,2026-06-30 16:52:55,2026-06-30 16:52:55,22.9,outbound,3
ENT-00496,CPT-04639,3,1137.01,2026-01-19 08:38:11,2026-03-01 11:27:02,22.9,outbound,2
ENT-01476,CPT-01007,1,1036.94,2026-06-12 16:56:40,2026-06-12 16:56:40,22.9,inbound,3
ENT-01324,CPT-04156,1,694.6,2025-10-27 10:38:49,2025-10-27 10:38:49,22.9,inbound,1
ENT-01175,CPT-03448,1,495.18,2025-11-07 16:56:54,2025-11-07 16:56:54,22.9,outbound,12
ENT-01319,CPT-02991,1,388.04,2026-07-20 15:13:57,2026-07-20 15:13:57,22.9,outbound,3
ENT-01051,CPT-03412,1,220.59,2025-08-19 11:31:19,2025-08-19 11:31:19,22.9,outbound,3
ENT-01247,CPT-03710,1,20319.16,2026-01-12 15:10:28,2026-01-12 15:10:28,22.8,inbound,2
ENT-01448,CPT-00625,3,19821.45,2025-10-22 17:55:48,2026-07-20 09:54:37,22.8,inbound,6
ENT-01453,CPT-04790,2,18114.44,2026-02-02 09:50:10,2026-06-26 17:19:09,22.8,inbound,7
ENT-01155,CPT-03980,4,17781.48,2026-02-26 16:18:54,2026-07-24 09:38:14,22.8,inbound,32
ENT-01453,CPT-01012,1,15817.5,2025-08-29 16:09:26,2025-08-29 16:09:26,22.8,inbound,3
ENT-01353,CPT-01861,2,15255.12,2025-09-15 12:00:35,2025-11-25 10:52:48,22.8,inbound,5
ENT-01280,CPT-05419,2,14701.36,2026-02-18 14:58:29,2026-07-16 15:43:11,22.8,inbound,1
ENT-01119,CPT-03623,1,14461.77,2026-07-08 11:50:27,2026-07-08 11:50:27,22.8,inbound,1
ENT-00797,CPT-01333,6,14316.31,2025-09-25 16:53:15,2026-06-25 15:39:47,22.8,inbound,3
ENT-01402,CPT-04902,1,14313.5,2026-07-08 17:32:35,2026-07-08 17:32:35,22.8,inbound,2
ENT-01345,CPT-04147,3,12603.2,2026-03-03 09:05:05,2026-06-22 10:56:09,22.8,inbound,3
ENT-01472,CPT-00696,1,11891.36,2026-03-12 11:53:09,2026-03-12 11:53:09,22.8,inbound,3
ENT-00585,CPT-01432,5,9953.81,2025-09-10 16:22:07,2026-07-15 13:18:37,22.8,inbound,6
ENT-01436,CPT-03107,3,6928.67,2026-03-10 13:05:55,2026-05-18 17:54:51,22.8,outbound,4
ENT-01143,CPT-02643,1,6500.0,2026-06-05 11:39:08,2026-06-05 11:39:08,22.8,outbound,5
ENT-01292,CPT-04351,2,6089.9,2025-09-11 14:46:18,2026-05-19 11:11:46,22.8,inbound,1
ENT-01448,CPT-02991,2,5134.54,2026-01-15 12:20:43,2026-03-24 15:30:14,22.8,outbound,3
ENT-01083,CPT-02060,4,4706.18,2025-11-18 12:54:23,2026-06-23 12:18:38,22.8,inbound,4
ENT-01331,CPT-01271,2,4432.18,2025-11-20 16:56:22,2026-02-23 16:49:24,22.8,inbound,3
ENT-01415,CPT-05750,1,3459.76,2026-02-16 10:59:03,2026-02-16 10:59:03,22.8,inbound,3
ENT-01212,CPT-05355,2,3174.92,2025-11-15 14:58:05,2025-12-11 11:22:03,22.8,inbound,9
ENT-01378,CPT-05661,1,2687.49,2025-10-20 16:36:11,2025-10-20 16:36:11,22.8,inbound,1
ENT-01255,CPT-01432,1,2358.81,2025-12-03 12:54:55,2025-12-03 12:54:55,22.8,inbound,6
ENT-01305,CPT-05017,1,2298.42,2025-08-20 10:39:50,2025-08-20 10:39:50,22.8,inbound,64
ENT-01115,CPT-05946,2,1638.31,2025-09-23 13:26:12,2025-10-14 16:04:50,22.8,inbound,1
ENT-00982,CPT-04678,2,228.11,2025-12-10 14:18:59,2026-07-21 20:24:12,22.8,outbound,8
ENT-01057,CPT-03786,1,122.32,2026-05-21 16:18:11,2026-05-21 16:18:11,22.8,inbound,2
ENT-00902,CPT-00713,1,75.63,2025-10-13 19:45:44,2025-10-13 19:45:44,22.8,outbound,7
ENT-01297,CPT-00964,4,16473.28,2025-08-20 14:24:36,2026-07-20 16:56:14,22.7,inbound,6
ENT-01191,CPT-04915,3,15914.54,2025-08-21 13:21:58,2026-05-04 13:57:24,22.7,inbound,4
ENT-01085,CPT-02337,5,14779.07,2026-01-09 13:16:59,2026-07-20 17:27:56,22.7,inbound,2
ENT-00120,CPT-02094,1,13566.82,2026-05-14 12:08:40,2026-05-14 12:08:40,22.7,outbound,1
ENT-01170,CPT-00640,1,11632.25,2026-04-17 17:39:00,2026-04-17 17:39:00,22.7,inbound,1
ENT-01432,CPT-01761,2,11439.39,2026-04-21 16:49:22,2026-06-23 11:48:09,22.7,inbound,1
ENT-01440,CPT-02839,1,10074.29,2026-06-25 15:52:34,2026-06-25 15:52:34,22.7,outbound,5
ENT-01448,CPT-03098,5,9125.93,2025-09-16 13:28:36,2026-06-30 12:56:15,22.7,outbound,6
ENT-01465,CPT-02248,2,7852.57,2025-09-25 15:32:58,2025-12-01 12:08:05,22.7,inbound,7
ENT-01247,CPT-00860,1,6566.67,2026-02-23 15:17:28,2026-02-23 15:17:28,22.7,inbound,16
ENT-01277,CPT-04965,1,5793.18,2026-04-01 11:46:43,2026-04-01 11:46:43,22.7,inbound,4
ENT-01242,CPT-02286,1,3051.26,2025-10-15 15:10:41,2025-10-15 15:10:41,22.7,inbound,17
ENT-01125,CPT-03376,1,1976.18,2026-07-23 15:25:15,2026-07-23 15:25:15,22.7,outbound,16
ENT-01292,CPT-01106,1,1438.33,2026-07-08 11:43:42,2026-07-08 11:43:42,22.7,inbound,11
ENT-01096,CPT-03949,2,1391.93,2025-11-28 16:01:58,2026-06-22 11:20:37,22.7,inbound,11
ENT-01319,CPT-03226,1,1341.81,2026-01-26 17:08:47,2026-01-26 17:08:47,22.7,outbound,1
ENT-01094,CPT-03182,5,27206.88,2025-11-06 11:06:08,2025-12-09 09:27:36,22.6,outbound,3
ENT-01486,CPT-05876,1,16755.29,2025-11-13 17:30:34,2025-11-13 17:30:34,22.6,inbound,2
ENT-01204,CPT-03936,2,16676.33,2026-05-14 13:08:02,2026-06-10 11:03:24,22.6,inbound,3
ENT-01132,CPT-00646,2,15007.99,2026-04-14 09:21:11,2026-06-16 13:15:11,22.6,inbound,7
ENT-01196,CPT-05788,2,12284.0,2025-10-22 17:29:51,2026-04-23 09:26:09,22.6,inbound,1
ENT-01380,CPT-02771,2,9463.08,2025-09-03 14:05:48,2026-05-12 09:17:00,22.6,outbound,25
ENT-01171,CPT-01285,1,9359.8,2026-04-02 10:51:14,2026-04-02 10:51:14,22.6,inbound,25
ENT-01232,CPT-02239,2,9145.58,2025-12-30 14:48:53,2026-05-19 12:28:52,22.6,inbound,4
ENT-01324,CPT-04344,2,7620.55,2025-08-21 14:52:32,2025-10-03 10:22:31,22.6,inbound,6
ENT-01079,CPT-03689,1,4536.31,2025-10-30 14:13:04,2025-10-30 14:13:04,22.6,inbound,2
ENT-01231,CPT-02613,2,4423.41,2026-02-23 16:49:27,2026-03-12 11:26:48,22.6,outbound,4
ENT-01057,CPT-05078,1,2792.57,2026-01-19 14:30:50,2026-01-19 14:30:50,22.6,inbound,49
ENT-01341,CPT-04487,1,1379.6,2026-07-17 11:28:18,2026-07-17 11:28:18,22.6,inbound,2
ENT-01199,CPT-02695,1,1373.54,2025-12-09 11:17:32,2025-12-09 11:17:32,22.6,outbound,166
ENT-01389,CPT-04057,5,24497.34,2025-09-01 10:18:52,2026-06-08 16:29:14,22.5,inbound,1
ENT-01320,CPT-04324,2,21071.83,2025-11-07 14:51:51,2026-07-03 16:57:46,22.5,inbound,71
ENT-01100,CPT-01331,1,19242.02,2025-09-15 09:04:53,2025-09-15 09:04:53,22.5,inbound,3
ENT-01466,CPT-04044,3,14691.64,2025-09-24 09:58:35,2026-02-09 15:05:47,22.5,inbound,4
ENT-01138,CPT-02771,4,9179.19,2025-09-19 09:34:15,2026-06-22 10:38:17,22.5,outbound,25
ENT-01222,CPT-03980,3,7750.85,2025-08-20 17:48:11,2026-07-29 17:41:06,22.5,inbound,32
ENT-01186,CPT-02181,1,5695.86,2025-08-13 15:26:01,2025-08-13 15:26:01,22.5,inbound,31
ENT-01189,CPT-03983,1,5315.78,2026-04-17 16:00:47,2026-04-17 16:00:47,22.5,inbound,33
ENT-01441,CPT-04433,1,5208.4,2025-12-24 17:00:08,2025-12-24 17:00:08,22.5,inbound,2
ENT-01372,CPT-04104,2,5134.06,2025-08-20 11:01:14,2026-07-21 09:18:14,22.5,inbound,1
ENT-01335,CPT-02715,2,4410.19,2025-09-04 14:35:45,2026-07-10 13:46:38,22.5,outbound,13
ENT-01115,CPT-04832,2,3931.33,2025-10-07 12:24:54,2026-05-21 17:46:54,22.5,inbound,25
ENT-01096,CPT-05829,2,3260.44,2025-10-22 11:56:22,2026-02-18 16:16:19,22.5,inbound,1
ENT-01380,CPT-05078,1,3120.68,2026-02-06 09:00:22,2026-02-06 09:00:22,22.5,inbound,49
ENT-01434,CPT-03330,4,2499.91,2025-12-31 15:42:16,2026-06-22 11:30:20,22.5,outbound,67
ENT-01060,CPT-04945,1,2269.33,2025-08-21 12:06:59,2025-08-21 12:06:59,22.5,inbound,24
ENT-01232,CPT-05543,1,2168.1,2026-06-10 13:33:51,2026-06-10 13:33:51,22.5,inbound,3
ENT-01179,CPT-03455,1,987.08,2026-01-30 13:40:20,2026-01-30 13:40:20,22.5,outbound,2
ENT-00980,CPT-03980,2,566.64,2025-10-24 12:33:38,2025-10-31 09:06:18,22.5,outbound,32
ENT-01335,CPT-05393,1,536.62,2026-01-23 16:58:27,2026-01-23 16:58:27,22.5,inbound,1
ENT-01146,CPT-01548,3,27780.81,2026-02-17 13:08:45,2026-04-07 17:12:03,22.4,inbound,4
ENT-01085,CPT-05634,5,22100.59,2025-11-26 16:30:23,2026-06-09 14:29:53,22.4,inbound,1
ENT-01239,CPT-02181,3,14616.57,2025-09-08 10:21:42,2026-04-14 09:56:27,22.4,inbound,31
ENT-01245,CPT-04208,1,12262.72,2026-07-17 15:58:29,2026-07-17 15:58:29,22.4,inbound,2
ENT-01349,CPT-02955,3,7919.58,2025-09-30 12:54:28,2026-06-15 14:39:34,22.4,outbound,1
ENT-01382,CPT-03565,1,6420.58,2026-03-16 12:42:17,2026-03-16 12:42:17,22.4,outbound,2
ENT-01211,CPT-05447,2,5995.61,2025-11-13 16:12:05,2025-11-25 17:47:38,22.4,inbound,1
ENT-01150,CPT-02482,1,5520.43,2026-05-22 13:45:27,2026-05-22 13:45:27,22.4,outbound,1
ENT-01085,CPT-03128,3,4101.68,2025-10-02 16:23:25,2026-03-19 11:53:01,22.4,outbound,10
ENT-01340,CPT-01110,3,3600.5,2025-08-14 16:43:57,2026-02-13 10:05:27,22.4,inbound,1
ENT-01245,CPT-04373,2,2794.42,2025-11-21 11:52:58,2026-07-22 12:46:12,22.4,inbound,7
ENT-01371,CPT-02866,1,2386.06,2025-10-09 17:58:32,2025-10-09 17:58:32,22.4,outbound,10
ENT-01218,CPT-03037,2,2085.72,2025-10-07 14:35:24,2026-03-04 14:16:09,22.4,outbound,10
ENT-01432,CPT-03762,1,1878.64,2025-09-17 14:20:30,2025-09-17 14:20:30,22.4,inbound,1
ENT-01450,CPT-02622,3,1552.22,2025-10-31 15:09:13,2026-04-09 09:01:59,22.4,outbound,3
ENT-01153,CPT-01112,2,1002.02,2025-09-02 13:26:44,2026-02-05 16:24:27,22.4,inbound,49
ENT-00289,CPT-00850,2,117.81,2025-10-01 18:49:15,2025-10-09 19:49:50,22.4,outbound,2
ENT-01148,CPT-03722,3,23094.73,2025-11-24 13:22:02,2026-06-29 11:30:21,22.3,inbound,1
ENT-01332,CPT-00822,2,22074.81,2025-10-27 14:57:38,2026-03-23 15:26:03,22.3,inbound,5
ENT-01339,CPT-03902,5,21648.39,2025-09-10 09:54:19,2026-06-26 17:47:09,22.3,inbound,3
ENT-01169,CPT-01760,4,17830.81,2025-09-30 15:30:25,2026-07-22 16:10:08,22.3,inbound,5
ENT-01349,CPT-05316,3,15147.42,2025-10-14 09:28:43,2026-04-01 11:45:20,22.3,inbound,2
ENT-01229,CPT-03802,3,14930.46,2025-12-25 17:02:22,2026-03-30 09:55:06,22.3,inbound,3
ENT-00248,CPT-01717,1,10866.09,2026-05-05 09:29:48,2026-05-05 09:29:48,22.3,outbound,3
ENT-01265,CPT-05409,2,9912.97,2025-09-12 11:13:55,2026-05-19 12:05:12,22.3,inbound,2
ENT-01125,CPT-00713,2,9559.26,2026-04-24 10:54:33,2026-07-07 10:52:40,22.3,inbound,7
ENT-01460,CPT-03800,1,9394.77,2026-07-14 11:02:27,2026-07-14 11:02:27,22.3,inbound,4
ENT-01441,CPT-02822,2,8731.9,2026-03-31 10:36:20,2026-06-11 15:53:42,22.3,outbound,1
ENT-01113,CPT-01103,2,6995.02,2026-02-16 10:56:35,2026-04-29 15:08:08,22.3,inbound,1
ENT-01386,CPT-03440,1,6174.69,2026-05-11 15:03:58,2026-05-11 15:03:58,22.3,outbound,1
ENT-01340,CPT-02163,1,5608.1,2025-11-18 12:01:15,2025-11-18 12:01:15,22.3,inbound,7
ENT-01182,CPT-04371,1,5417.12,2026-03-13 12:10:05,2026-03-13 12:10:05,22.3,inbound,19
ENT-01332,CPT-01838,1,5379.11,2026-04-07 15:36:18,2026-04-07 15:36:18,22.3,inbound,24
ENT-01323,CPT-03330,1,4091.74,2026-05-11 13:40:24,2026-05-11 13:40:24,22.3,outbound,67
ENT-01498,CPT-03815,3,2777.06,2025-10-09 11:37:28,2025-12-26 10:39:39,22.3,inbound,2
ENT-01398,CPT-02543,2,2160.98,2025-10-30 15:16:50,2026-04-21 15:02:02,22.3,outbound,1
ENT-01191,CPT-02970,2,2074.08,2026-03-03 12:04:22,2026-03-27 14:49:55,22.3,outbound,2
ENT-01226,CPT-03471,2,1923.6,2025-10-30 10:22:41,2026-05-05 17:49:02,22.3,outbound,1
ENT-01186,CPT-05040,1,1436.64,2026-06-10 16:41:23,2026-06-10 16:41:23,22.3,inbound,8
ENT-01434,CPT-05635,1,1384.81,2026-06-30 13:08:04,2026-06-30 13:08:04,22.3,inbound,4
ENT-01247,CPT-03489,1,874.88,2026-04-09 15:35:44,2026-04-09 15:35:44,22.3,outbound,1
ENT-00210,CPT-00870,1,142.33,2026-01-02 21:46:17,2026-01-02 21:46:17,22.3,outbound,4
ENT-01367,CPT-01450,5,49008.03,2025-10-24 11:38:09,2026-06-12 09:39:02,22.2,inbound,3
ENT-01467,CPT-01040,4,35801.33,2025-08-27 13:21:16,2026-05-06 17:42:40,22.2,inbound,3
ENT-01175,CPT-04408,3,18793.55,2025-10-03 10:07:22,2025-11-06 14:07:25,22.2,inbound,4
ENT-01424,CPT-04884,1,12137.46,2026-06-26 12:43:31,2026-06-26 12:43:31,22.2,inbound,1
ENT-01131,CPT-05078,1,11270.59,2025-09-15 13:12:46,2025-09-15 13:12:46,22.2,inbound,49
ENT-01230,CPT-03918,3,10018.97,2026-01-21 12:47:44,2026-06-10 14:18:10,22.2,inbound,1
ENT-01182,CPT-03356,1,9339.74,2026-01-22 16:29:53,2026-01-22 16:29:53,22.2,outbound,4
ENT-01178,CPT-03822,3,9284.32,2025-11-03 15:03:07,2026-04-20 16:40:35,22.2,inbound,2
ENT-01230,CPT-03427,3,7533.91,2025-10-23 12:39:29,2026-06-02 16:19:50,22.2,outbound,3
ENT-01211,CPT-03191,2,6983.46,2025-09-23 13:17:52,2026-03-27 12:29:25,22.2,outbound,3
ENT-00855,CPT-01902,5,5925.83,2025-08-21 11:30:02,2026-07-01 19:23:31,22.2,inbound;outbound,5
ENT-01136,CPT-03897,1,5187.87,2026-02-19 17:54:35,2026-02-19 17:54:35,22.2,inbound,2
ENT-01415,CPT-01507,1,4638.43,2025-08-12 13:59:24,2025-08-12 13:59:24,22.2,inbound,1
ENT-01497,CPT-02787,2,4312.26,2026-05-06 15:21:40,2026-07-22 11:48:18,22.2,outbound,42
ENT-01411,CPT-03221,2,2483.29,2025-12-22 15:32:31,2026-07-03 14:58:35,22.2,outbound,1
ENT-01372,CPT-05039,2,2270.3,2025-10-06 17:08:09,2026-06-30 17:26:16,22.2,inbound,17
ENT-01340,CPT-05017,2,2209.99,2025-10-22 13:41:28,2026-07-30 17:44:47,22.2,inbound,64
ENT-01340,CPT-04522,2,1374.24,2025-11-21 09:52:22,2025-12-19 17:35:37,22.2,inbound,2
ENT-00900,CPT-00595,3,1046.54,2025-12-07 14:54:55,2026-04-17 12:41:26,22.2,inbound;outbound,5
ENT-01410,CPT-02431,1,920.78,2026-04-15 10:58:51,2026-04-15 10:58:51,22.2,outbound,30
ENT-01497,CPT-05320,2,15161.68,2025-12-01 14:43:14,2026-03-18 09:39:58,22.1,inbound,1
ENT-01335,CPT-05081,3,12506.87,2025-09-30 14:33:55,2026-06-10 16:03:10,22.1,inbound,9
ENT-01494,CPT-04790,1,11276.37,2026-07-21 09:11:39,2026-07-21 09:11:39,22.1,inbound,7
ENT-01155,CPT-02717,1,10381.38,2026-05-21 15:19:27,2026-05-21 15:19:27,22.1,outbound,3
ENT-01259,CPT-03196,3,10307.19,2025-10-30 12:05:09,2026-07-23 17:49:19,22.1,outbound,3
ENT-01403,CPT-05664,4,8982.25,2025-12-17 15:18:25,2026-06-24 16:26:32,22.1,inbound,5
ENT-01103,CPT-02821,3,7729.47,2025-10-21 15:41:57,2026-03-10 13:27:34,22.1,outbound,28
ENT-01130,CPT-05864,2,6272.45,2025-10-06 12:59:06,2025-11-21 15:22:09,22.1,inbound,4
ENT-01474,CPT-02493,2,6195.23,2026-03-18 13:40:16,2026-07-02 17:51:16,22.1,outbound,101
ENT-01342,CPT-04704,1,6044.36,2025-11-20 14:58:46,2025-11-20 14:58:46,22.1,inbound,2
ENT-01331,CPT-03063,2,5413.1,2025-11-19 14:46:20,2026-05-22 09:39:01,22.1,outbound,2
ENT-01441,CPT-01812,1,5366.27,2025-11-05 11:10:26,2025-11-05 11:10:26,22.1,inbound,1
ENT-01299,CPT-02736,3,5228.73,2026-02-12 13:25:38,2026-06-12 09:47:18,22.1,outbound,1
ENT-01222,CPT-04382,1,4654.3,2026-07-08 14:22:00,2026-07-08 14:22:00,22.1,inbound,1
ENT-01356,CPT-04206,1,4384.73,2025-12-19 15:48:56,2025-12-19 15:48:56,22.1,inbound,1
ENT-01255,CPT-02493,2,3979.7,2025-11-26 15:42:35,2026-04-23 11:23:42,22.1,outbound,101
ENT-01316,CPT-02312,1,3854.76,2025-08-25 16:52:34,2025-08-25 16:52:34,22.1,inbound,10
ENT-01388,CPT-02743,2,3227.01,2025-11-14 17:57:12,2026-05-18 12:11:58,22.1,outbound,8
ENT-01467,CPT-05078,1,2996.8,2026-07-24 14:09:11,2026-07-24 14:09:11,22.1,inbound,49
ENT-01023,CPT-01293,4,613.67,2025-10-23 14:52:11,2026-06-04 09:26:17,22.1,inbound;outbound,7
ENT-00125,CPT-01047,1,445.39,2025-12-15 09:19:32,2025-12-15 09:19:32,22.1,inbound,9
ENT-01217,CPT-02750,1,411.89,2026-07-24 12:30:11,2026-07-24 12:30:11,22.1,outbound,2
ENT-01465,CPT-04350,1,18564.59,2026-02-25 11:21:36,2026-02-25 11:21:36,22.0,inbound,15
ENT-01058,CPT-01106,6,15757.2,2025-11-07 09:27:26,2026-07-15 12:57:50,22.0,inbound,11
ENT-01069,CPT-03983,2,14099.06,2025-08-25 15:43:47,2025-09-24 15:42:14,22.0,inbound,33
ENT-01323,CPT-02667,2,9755.35,2026-01-27 09:56:25,2026-01-27 17:44:56,22.0,outbound,8
ENT-01085,CPT-03185,2,9089.85,2025-09-26 12:33:54,2026-07-09 11:07:29,22.0,outbound,2
ENT-01182,CPT-02674,2,7386.55,2025-09-25 16:54:43,2026-02-03 13:51:18,22.0,outbound,10
ENT-01090,CPT-03554,3,6617.37,2025-11-04 10:40:55,2026-02-05 13:43:19,22.0,outbound,2
ENT-01171,CPT-02614,2,3935.23,2025-11-21 12:14:15,2025-12-24 15:27:15,22.0,outbound,1
ENT-01071,CPT-02161,1,2782.55,2026-07-17 09:35:54,2026-07-17 09:35:54,22.0,inbound,27
ENT-01183,CPT-04043,2,1899.02,2026-03-06 13:07:52,2026-05-06 11:57:45,22.0,inbound,2
ENT-01349,CPT-03242,1,1802.74,2026-07-27 12:32:26,2026-07-27 12:32:26,22.0,outbound,34
ENT-01115,CPT-02493,1,734.3,2026-02-02 14:42:48,2026-02-02 14:42:48,22.0,outbound,101
ENT-00418,CPT-04672,1,145.18,2026-07-21 12:17:31,2026-07-21 12:17:31,22.0,outbound,14
ENT-01476,CPT-02248,6,29607.17,2025-09-09 15:05:22,2026-01-06 10:41:45,21.9,inbound,7
ENT-01349,CPT-04251,3,17329.41,2025-10-29 17:32:18,2025-12-26 13:53:02,21.9,inbound,1
ENT-01287,CPT-01545,2,13413.36,2026-02-17 11:10:27,2026-04-06 12:08:06,21.9,inbound,1
ENT-01071,CPT-04964,5,12293.72,2026-01-09 11:17:11,2026-07-23 15:13:33,21.9,inbound,12
ENT-01230,CPT-03297,3,7460.28,2025-11-21 17:22:38,2026-04-23 14:35:35,21.9,outbound,110
ENT-01387,CPT-02305,2,6599.78,2026-03-03 13:40:14,2026-07-09 16:42:45,21.9,inbound,2
ENT-01500,CPT-05125,3,6282.91,2025-12-16 09:55:06,2026-07-16 14:44:23,21.9,inbound,1
ENT-01497,CPT-05450,2,5115.49,2025-08-14 17:43:12,2025-10-24 13:04:14,21.9,inbound,29
ENT-00500,CPT-02181,2,4408.44,2025-10-23 12:11:06,2026-06-01 15:07:49,21.9,inbound,31
ENT-00585,CPT-01596,3,4071.5,2025-12-08 09:38:54,2026-07-14 16:15:18,21.9,inbound;outbound,1
ENT-01466,CPT-05450,1,3681.7,2025-11-05 13:43:12,2025-11-05 13:43:12,21.9,inbound,29
ENT-01179,CPT-03242,2,2751.44,2026-02-20 09:24:47,2026-03-13 17:04:33,21.9,outbound,34
ENT-01211,CPT-02807,3,2654.54,2025-10-08 16:08:53,2025-11-14 13:46:38,21.9,outbound,3
ENT-01448,CPT-00735,1,2652.01,2026-05-11 09:17:03,2026-05-11 09:17:03,21.9,inbound,14
ENT-01414,CPT-04964,1,1874.1,2025-11-20 11:09:12,2025-11-20 11:09:12,21.9,inbound,12
ENT-01288,CPT-03170,1,1641.55,2026-03-19 11:55:46,2026-03-19 11:55:46,21.9,outbound,10
ENT-01370,CPT-02431,1,1352.21,2026-02-19 09:44:10,2026-02-19 09:44:10,21.9,outbound,30
ENT-01335,CPT-02547,1,1321.21,2026-06-18 13:10:01,2026-06-18 13:10:01,21.9,outbound,5
ENT-00982,CPT-00932,1,478.44,2026-04-14 20:04:39,2026-04-14 20:04:39,21.9,outbound,6
ENT-01222,CPT-03139,2,18383.18,2026-03-24 10:24:36,2026-03-24 10:28:29,21.8,outbound,21
ENT-01436,CPT-05259,5,14042.71,2025-08-25 15:32:47,2026-05-28 15:12:02,21.8,inbound,16
ENT-01186,CPT-04582,3,12032.78,2025-10-22 15:48:08,2026-04-07 16:04:22,21.8,inbound,6
ENT-01356,CPT-01440,2,11450.78,2026-01-07 11:39:32,2026-03-12 16:36:31,21.8,inbound,22
ENT-00424,CPT-02332,6,10237.15,2025-10-01 14:07:46,2026-04-10 13:22:00,21.8,inbound,1
ENT-00900,CPT-02161,4,9147.0,2025-09-22 13:49:33,2026-05-27 13:58:23,21.8,inbound,27
ENT-01186,CPT-01178,3,8198.46,2026-06-09 17:14:04,2026-07-16 10:11:06,21.8,inbound,2
ENT-01346,CPT-04299,2,7653.25,2025-09-19 09:40:52,2026-05-12 16:53:58,21.8,inbound,44
ENT-01478,CPT-03967,2,7497.15,2026-01-23 13:12:30,2026-02-20 11:43:37,21.8,inbound,1
ENT-01425,CPT-03534,1,3152.87,2026-07-28 17:25:13,2026-07-28 17:25:13,21.8,outbound,30
ENT-01476,CPT-03439,3,2823.46,2025-11-11 13:33:19,2026-05-27 17:38:55,21.8,outbound,5
ENT-01464,CPT-02667,1,1684.04,2026-04-22 14:23:49,2026-04-22 14:23:49,21.8,outbound,8
ENT-00907,CPT-05703,2,1528.11,2025-12-22 19:35:39,2026-07-28 21:22:25,21.8,outbound,1
ENT-01237,CPT-03981,1,385.81,2025-08-28 10:50:24,2025-08-28 10:50:24,21.8,inbound,191
ENT-00653,CPT-01727,1,224.11,2026-07-14 15:31:59,2026-07-14 15:31:59,21.8,outbound,12
ENT-00197,CPT-00800,1,189.45,2025-08-19 09:22:12,2025-08-19 09:22:12,21.8,outbound,3
ENT-00731,CPT-03983,2,74.22,2025-08-15 13:45:34,2026-03-13 16:53:37,21.8,outbound,33
ENT-01427,CPT-01492,3,21023.93,2025-12-15 10:48:49,2026-02-12 10:08:36,21.7,inbound,1
ENT-01398,CPT-04589,2,20306.84,2025-11-14 16:07:57,2026-05-20 10:05:25,21.7,inbound,4
ENT-01146,CPT-03634,2,16740.2,2025-10-29 16:53:56,2026-07-24 10:45:29,21.7,inbound,9
ENT-01281,CPT-05778,4,14874.57,2025-10-14 16:19:18,2026-06-16 09:17:40,21.7,inbound,3
ENT-01119,CPT-00830,3,7911.57,2025-12-16 09:34:36,2026-03-03 09:17:13,21.7,inbound,8
ENT-01380,CPT-05745,2,5778.41,2026-01-30 09:59:07,2026-07-28 17:04:42,21.7,inbound,4
ENT-01324,CPT-04950,3,5712.96,2025-08-25 09:59:01,2026-07-24 11:23:04,21.7,inbound,4
ENT-01453,CPT-04146,2,5184.26,2025-09-26 14:55:28,2025-12-22 15:43:57,21.7,inbound,3
ENT-01349,CPT-03880,3,4880.15,2026-02-11 10:22:32,2026-06-12 13:22:38,21.7,inbound,2
ENT-01266,CPT-04720,1,4557.11,2025-12-30 15:30:16,2025-12-30 15:30:16,21.7,inbound,5
ENT-01282,CPT-04330,2,4015.98,2026-02-18 17:50:27,2026-07-08 17:31:50,21.7,inbound,6
ENT-01478,CPT-05509,1,3473.98,2026-02-03 15:33:24,2026-02-03 15:33:24,21.7,inbound,14
ENT-01088,CPT-05017,3,2721.88,2025-09-23 11:19:23,2026-07-29 14:44:44,21.7,inbound,64
ENT-01478,CPT-02058,2,1923.27,2026-06-26 11:54:13,2026-07-30 15:06:42,21.7,inbound,1
ENT-01262,CPT-04445,2,1690.1,2026-01-23 14:45:41,2026-06-10 10:55:40,21.7,inbound,4
ENT-01171,CPT-02406,1,707.98,2025-11-18 12:55:50,2025-11-18 12:55:50,21.7,outbound,3
ENT-01389,CPT-00912,3,16232.85,2025-11-05 14:28:22,2026-04-07 10:52:37,21.6,inbound,1
ENT-01218,CPT-03139,4,7526.03,2025-09-22 09:23:23,2026-06-05 14:43:30,21.6,outbound,21
ENT-01432,CPT-05632,3,7106.1,2025-08-27 14:20:34,2026-05-12 09:56:33,21.6,inbound,4
ENT-01324,CPT-02883,4,6008.73,2025-08-19 15:48:10,2026-07-13 12:32:46,21.6,outbound,2
ENT-01204,CPT-02823,2,5649.56,2025-12-18 15:16:34,2026-02-24 18:25:17,21.6,outbound,2
ENT-01372,CPT-03933,2,3608.98,2025-12-19 10:26:35,2026-02-19 09:55:39,21.6,inbound,15
ENT-01415,CPT-03731,1,2439.98,2026-01-06 14:12:10,2026-01-06 14:12:10,21.6,inbound,22
ENT-01113,CPT-03242,1,2129.8,2026-06-22 17:06:37,2026-06-22 17:06:37,21.6,outbound,34
ENT-01186,CPT-03116,1,2124.43,2025-09-30 13:32:57,2025-09-30 13:32:57,21.6,outbound,17
ENT-01236,CPT-02572,1,1569.39,2025-10-09 14:26:50,2025-10-09 14:26:50,21.6,outbound,3
ENT-01175,CPT-01160,2,1403.8,2025-10-29 09:27:00,2026-01-27 15:19:41,21.6,inbound,1
ENT-00882,CPT-04592,2,719.36,2025-09-24 14:48:16,2026-01-02 12:21:01,21.6,outbound,17
ENT-00471,CPT-05864,1,183.78,2026-07-31 18:37:48,2026-07-31 18:37:48,21.6,outbound,4
ENT-01103,CPT-01124,5,33757.18,2025-08-25 17:57:10,2026-05-13 12:47:01,21.5,inbound,4
ENT-01058,CPT-03829,2,17482.69,2026-07-10 15:27:49,2026-07-31 14:23:09,21.5,inbound,3
ENT-01092,CPT-04005,2,12175.73,2025-12-01 11:29:00,2026-07-13 10:26:33,21.5,inbound,1
ENT-01231,CPT-01861,3,10265.41,2025-09-02 14:08:51,2026-03-06 14:47:32,21.5,inbound,5
ENT-01347,CPT-03536,3,9736.51,2025-09-25 15:45:08,2026-06-26 14:59:55,21.5,outbound,2
ENT-01467,CPT-00646,1,8329.87,2025-09-02 10:26:12,2025-09-02 10:26:12,21.5,inbound,7
ENT-01155,CPT-01463,2,8128.66,2026-04-03 13:50:09,2026-07-06 14:04:30,21.5,inbound,3
ENT-01167,CPT-03555,2,6601.06,2026-01-07 09:29:50,2026-04-07 17:41:26,21.5,outbound,10
ENT-01293,CPT-04327,2,5833.62,2025-11-21 10:14:08,2026-03-26 09:37:40,21.5,inbound,1
ENT-01342,CPT-02802,2,4566.35,2026-01-08 15:28:55,2026-05-14 13:50:24,21.5,outbound,2
ENT-01130,CPT-03729,2,4087.67,2025-10-21 13:12:59,2026-04-06 16:29:52,21.5,inbound,69
ENT-01232,CPT-04337,3,3536.57,2025-08-14 15:21:27,2026-07-28 10:58:49,21.5,inbound,10
ENT-01331,CPT-05219,2,3000.61,2026-01-23 14:45:32,2026-07-09 12:55:46,21.5,inbound,3
ENT-01293,CPT-05010,2,2013.38,2025-12-03 14:54:34,2026-03-12 12:59:14,21.5,inbound,2
ENT-01023,CPT-00782,5,1920.01,2025-12-25 15:10:45,2026-07-29 11:26:43,21.5,inbound;outbound,1
ENT-01386,CPT-03545,1,1799.35,2026-04-17 15:45:17,2026-04-17 15:45:17,21.5,outbound,4
ENT-01386,CPT-02787,1,1758.49,2026-05-07 14:04:27,2026-05-07 14:04:27,21.5,outbound,42
ENT-01297,CPT-02695,2,1481.94,2025-12-16 13:17:38,2026-03-26 17:55:34,21.5,outbound,166
ENT-00125,CPT-01754,2,1283.53,2026-02-26 11:54:20,2026-07-16 14:58:32,21.5,inbound;outbound,2
ENT-01332,CPT-03104,1,940.22,2025-09-11 12:15:25,2025-09-11 12:15:25,21.5,outbound,12
ENT-01193,CPT-02821,1,935.27,2026-06-15 16:12:28,2026-06-15 16:12:28,21.5,outbound,28
ENT-01193,CPT-03330,1,306.28,2026-06-17 13:15:05,2026-06-17 13:15:05,21.5,outbound,67
ENT-01120,CPT-05007,2,22300.29,2025-11-24 17:45:52,2026-05-22 14:44:13,21.4,inbound,9
ENT-01280,CPT-02500,5,18922.18,2025-12-09 13:39:22,2026-03-27 15:53:09,21.4,outbound,60
ENT-01222,CPT-05414,2,18648.24,2025-10-23 09:09:46,2026-07-22 17:30:37,21.4,inbound,22
ENT-01062,CPT-02278,2,16887.38,2026-04-10 13:33:09,2026-06-08 09:39:33,21.4,inbound,2
ENT-01465,CPT-03602,2,15896.1,2025-11-19 12:55:52,2026-01-06 17:06:48,21.4,inbound,3
ENT-01201,CPT-05072,4,12270.57,2025-10-24 16:30:53,2026-06-22 10:54:49,21.4,inbound,31
ENT-01204,CPT-05132,2,11773.07,2026-04-03 14:32:52,2026-07-06 09:29:16,21.4,inbound,4
ENT-01353,CPT-05836,2,11207.78,2025-10-01 15:39:36,2026-01-28 09:21:56,21.4,inbound,4
ENT-01197,CPT-03297,3,10843.85,2026-01-30 14:15:11,2026-07-09 15:05:29,21.4,outbound,110
ENT-01136,CPT-04410,1,9989.85,2026-07-02 11:55:29,2026-07-02 11:55:29,21.4,inbound,2
ENT-01061,CPT-05017,3,9385.22,2025-09-22 11:32:50,2026-06-17 12:23:36,21.4,inbound,64
ENT-01103,CPT-02870,2,8082.44,2026-04-22 13:16:19,2026-05-29 15:42:32,21.4,outbound,54
ENT-01371,CPT-02545,5,7499.94,2025-08-19 12:52:13,2026-06-02 13:54:22,21.4,outbound,2
ENT-01201,CPT-05527,2,6656.4,2026-06-18 15:06:55,2026-07-16 14:08:36,21.4,inbound,4
ENT-01164,CPT-05769,4,6040.06,2025-08-15 09:24:49,2026-06-09 10:04:43,21.4,inbound,4
ENT-01333,CPT-05958,2,4273.78,2025-09-08 14:26:44,2026-06-24 17:10:53,21.4,inbound,13
ENT-01459,CPT-03206,2,3916.03,2026-02-10 17:12:35,2026-05-28 15:21:36,21.4,outbound,38
ENT-01397,CPT-04661,1,3677.36,2026-07-27 11:25:27,2026-07-27 11:25:27,21.4,inbound,26
ENT-01483,CPT-04589,2,3420.89,2026-06-10 16:24:32,2026-06-29 17:49:58,21.4,inbound,4
ENT-01257,CPT-02438,1,2669.84,2026-04-28 15:39:04,2026-04-28 15:39:04,21.4,outbound,2
ENT-01331,CPT-04918,1,2422.69,2026-01-26 14:40:53,2026-01-26 14:40:53,21.4,inbound,2
ENT-00997,CPT-05585,1,2078.27,2025-12-30 18:39:40,2025-12-30 18:39:40,21.4,outbound,1
ENT-01058,CPT-04324,1,974.47,2025-11-20 10:46:12,2025-11-20 10:46:12,21.4,inbound,71
ENT-01465,CPT-04660,1,351.43,2026-07-06 14:59:32,2026-07-06 14:59:32,21.4,inbound,1
ENT-00653,CPT-01135,3,307.09,2025-10-06 11:42:45,2026-06-12 17:32:13,21.4,inbound;outbound,1
ENT-01119,CPT-04350,2,36394.49,2025-11-06 13:41:57,2026-06-23 10:41:01,21.3,inbound,15
ENT-01103,CPT-01905,3,31272.09,2025-11-12 12:28:21,2026-03-02 15:09:51,21.3,inbound,17
ENT-01199,CPT-00774,5,23861.51,2025-11-14 09:37:57,2026-05-07 15:25:22,21.3,inbound,13
ENT-01113,CPT-01445,3,15993.72,2025-11-21 11:48:16,2026-07-06 16:38:11,21.3,inbound,4
ENT-01100,CPT-03927,2,14979.17,2025-09-03 11:46:48,2025-11-26 12:33:27,21.3,inbound,4
ENT-01055,CPT-01084,1,14367.22,2025-10-08 16:32:02,2025-10-08 16:32:02,21.3,inbound,3
ENT-01167,CPT-02775,4,10450.4,2025-08-08 13:25:17,2026-05-25 17:24:23,21.3,outbound,3
ENT-01292,CPT-04312,3,10017.68,2025-11-10 17:35:01,2026-06-10 17:01:30,21.3,inbound,1
ENT-01299,CPT-00634,3,9442.38,2025-08-28 16:59:15,2026-07-28 13:08:34,21.3,inbound,1
ENT-01423,CPT-05620,1,8930.29,2026-03-31 10:52:13,2026-03-31 10:52:13,21.3,inbound,4
ENT-01411,CPT-02784,1,7700.63,2025-09-24 10:22:25,2025-09-24 10:22:25,21.3,outbound,40
ENT-01374,CPT-00677,1,6748.03,2026-04-06 09:54:55,2026-04-06 09:54:55,21.3,inbound,1
ENT-01378,CPT-02493,3,5417.04,2025-08-13 11:55:43,2026-05-22 15:50:08,21.3,outbound,101
ENT-01058,CPT-03885,1,2402.16,2026-01-28 13:22:30,2026-01-28 13:22:30,21.3,inbound,2
ENT-01333,CPT-05584,1,1893.78,2025-12-24 11:46:48,2025-12-24 11:46:48,21.3,inbound,1
ENT-01341,CPT-01096,2,1580.69,2026-03-10 11:59:38,2026-04-20 12:03:38,21.3,inbound,17
ENT-00821,CPT-04832,2,1183.1,2025-12-29 19:51:48,2026-05-21 21:58:41,21.3,outbound,25
ENT-00997,CPT-01690,3,406.53,2025-12-26 20:58:30,2026-02-04 16:10:43,21.3,outbound,1
ENT-01241,CPT-05527,3,20036.59,2026-01-09 14:33:06,2026-06-19 13:03:06,21.2,inbound,4
ENT-01260,CPT-05633,3,18559.79,2025-08-19 10:28:54,2026-02-10 09:00:27,21.2,inbound,3
ENT-01459,CPT-01474,2,15244.49,2026-04-08 11:48:06,2026-06-15 12:30:03,21.2,inbound,2
ENT-01324,CPT-01552,2,13701.49,2026-02-17 13:11:54,2026-07-24 12:54:55,21.2,inbound,8
ENT-01299,CPT-05039,3,13440.24,2025-09-10 17:12:11,2026-01-09 14:19:23,21.2,inbound,17
ENT-00079,CPT-01114,6,9657.33,2025-10-06 17:00:24,2026-04-07 09:06:23,21.2,inbound;outbound,2
ENT-01103,CPT-04100,1,9291.28,2026-07-28 12:50:56,2026-07-28 12:50:56,21.2,inbound,3
ENT-01432,CPT-04964,2,8956.63,2025-09-03 17:36:07,2026-05-04 15:52:34,21.2,inbound,12
ENT-01199,CPT-05958,1,5425.22,2026-07-23 11:39:46,2026-07-23 11:39:46,21.2,inbound,13
ENT-01189,CPT-02874,2,4117.0,2026-07-28 15:31:09,2026-07-28 15:46:59,21.2,outbound,1
ENT-01335,CPT-03083,1,3805.32,2026-05-15 12:39:58,2026-05-15 12:39:58,21.2,outbound,2
ENT-01275,CPT-02461,1,3285.22,2025-08-27 13:43:20,2025-08-27 13:43:20,21.2,outbound,2
ENT-01167,CPT-04038,1,3282.23,2025-09-01 13:36:34,2025-09-01 13:36:34,21.2,inbound,3
ENT-01159,CPT-05691,1,2715.55,2025-08-18 14:34:11,2025-08-18 14:34:11,21.2,inbound,9
ENT-01085,CPT-05502,1,1660.19,2026-07-10 17:43:29,2026-07-10 17:43:29,21.2,inbound,1
ENT-01125,CPT-05824,5,35233.28,2025-08-20 15:48:59,2026-04-29 13:53:00,21.1,inbound,13
ENT-01386,CPT-01772,2,25597.32,2025-12-08 09:55:26,2026-05-20 16:27:11,21.1,inbound,3
ENT-01211,CPT-03729,3,18291.79,2025-09-17 11:20:01,2026-06-26 10:41:08,21.1,inbound,69
ENT-01398,CPT-01602,2,16362.65,2025-11-25 10:07:52,2026-05-14 09:20:05,21.1,inbound,1
ENT-01425,CPT-03116,1,14112.5,2025-10-28 11:11:32,2025-10-28 11:11:32,21.1,outbound,17
ENT-01407,CPT-04299,1,10337.96,2026-04-13 16:05:58,2026-04-13 16:05:58,21.1,inbound,44
ENT-01472,CPT-01483,2,10120.07,2026-02-12 16:14:11,2026-06-30 11:54:43,21.1,inbound,1
ENT-01226,CPT-02064,2,9034.16,2025-12-04 16:47:16,2026-05-27 11:07:37,21.1,inbound,6
ENT-01131,CPT-04661,1,6583.83,2025-08-25 15:15:03,2025-08-25 15:15:03,21.1,inbound,26
ENT-01397,CPT-02493,2,5655.86,2025-09-09 11:09:52,2026-01-13 16:49:55,21.1,outbound,101
ENT-01262,CPT-03013,1,5500.0,2026-05-27 10:07:36,2026-05-27 10:07:36,21.1,outbound,4
ENT-01333,CPT-05078,2,3989.99,2026-03-19 11:53:00,2026-06-08 12:03:59,21.1,inbound,49
ENT-01136,CPT-04137,1,2485.14,2025-08-26 17:21:14,2025-08-26 17:21:14,21.1,inbound,1
ENT-01082,CPT-03488,2,2345.21,2025-08-13 14:05:59,2025-11-27 15:32:32,21.1,outbound,3
ENT-01126,CPT-03764,1,2308.34,2025-09-01 12:58:03,2025-09-01 12:58:03,21.1,inbound,2
ENT-01229,CPT-02715,1,2160.62,2025-08-28 12:50:07,2025-08-28 12:50:07,21.1,outbound,13
ENT-01111,CPT-04044,1,1989.41,2026-03-19 11:07:58,2026-03-19 11:07:58,21.1,inbound,4
ENT-01494,CPT-03357,1,1070.24,2025-09-18 11:56:19,2025-09-18 11:56:19,21.1,outbound,9
ENT-01165,CPT-02937,1,1053.64,2026-06-18 09:42:35,2026-06-18 09:42:35,21.1,outbound,12
ENT-01293,CPT-03458,2,952.15,2025-08-22 16:37:53,2026-06-11 17:21:17,21.1,outbound,2
ENT-01460,CPT-03853,1,19704.79,2026-03-24 14:31:09,2026-03-24 14:31:09,21.0,inbound,2
ENT-01111,CPT-04620,2,19354.2,2026-03-31 10:47:53,2026-07-15 10:59:58,21.0,inbound,1
ENT-01201,CPT-00595,2,18202.08,2025-09-12 12:16:13,2026-06-12 15:29:19,21.0,inbound,5
ENT-00642,CPT-02045,5,14892.53,2025-09-02 09:13:16,2026-06-04 13:21:58,21.0,inbound,3
ENT-01319,CPT-04103,2,13181.62,2025-09-25 15:12:33,2025-11-12 09:38:24,21.0,inbound,2
ENT-01151,CPT-04146,3,11491.93,2026-01-07 09:38:42,2026-06-26 15:04:54,21.0,inbound,3
ENT-01231,CPT-03630,3,9030.62,2026-01-13 09:01:22,2026-05-27 15:32:33,21.0,inbound,1
ENT-01455,CPT-04901,2,6610.05,2026-06-15 17:44:11,2026-07-22 17:40:08,21.0,inbound,9
ENT-01266,CPT-03949,2,6406.2,2026-02-26 15:31:45,2026-05-25 11:51:45,21.0,inbound,11
ENT-01245,CPT-05223,1,5325.24,2026-04-01 10:23:48,2026-04-01 10:23:48,21.0,inbound,1
ENT-01136,CPT-05072,2,5145.54,2025-08-11 15:45:45,2025-08-21 09:59:52,21.0,inbound,31
ENT-01261,CPT-03492,2,3991.95,2025-10-24 14:10:51,2026-04-08 10:21:36,21.0,outbound,8
ENT-01212,CPT-04961,2,3968.88,2025-10-29 10:33:34,2026-07-31 14:33:18,21.0,inbound,5
ENT-01239,CPT-04299,1,2833.19,2025-11-21 17:15:14,2025-11-21 17:15:14,21.0,inbound,44
ENT-01226,CPT-03160,1,1569.8,2025-10-02 12:57:33,2025-10-02 12:57:33,21.0,outbound,2
ENT-01069,CPT-01285,1,1305.69,2025-12-15 09:47:34,2025-12-15 09:47:34,21.0,inbound,25
ENT-01055,CPT-04389,1,1027.03,2026-05-18 11:46:13,2026-05-18 11:46:13,21.0,inbound,1
ENT-01331,CPT-05950,1,953.65,2025-12-24 12:34:22,2025-12-24 12:34:22,21.0,inbound,2
ENT-01150,CPT-02952,1,750.08,2026-02-11 12:38:47,2026-02-11 12:38:47,21.0,outbound,1
ENT-00189,CPT-01149,1,544.85,2025-09-29 09:44:10,2025-09-29 09:44:10,21.0,outbound,2
ENT-01348,CPT-05450,1,411.95,2025-09-05 16:14:00,2025-09-05 16:14:00,21.0,inbound,29
ENT-01335,CPT-04935,5,30881.47,2025-11-26 12:06:11,2026-07-16 11:56:28,20.9,inbound,7
ENT-01434,CPT-01781,4,27471.32,2025-09-22 09:22:07,2026-07-10 11:17:40,20.9,inbound,1
ENT-01260,CPT-01449,2,21694.81,2025-12-15 16:04:54,2026-04-08 16:18:18,20.9,inbound,7
ENT-01299,CPT-02626,5,20232.28,2025-09-23 14:45:39,2026-07-14 11:19:54,20.9,outbound,2
ENT-01200,CPT-03729,2,19032.27,2026-01-14 17:25:33,2026-05-14 13:15:09,20.9,inbound,69
ENT-01486,CPT-04400,4,17696.18,2025-10-17 14:59:47,2026-05-01 12:15:30,20.9,inbound,11
ENT-01328,CPT-05455,1,14224.73,2026-07-09 11:33:05,2026-07-09 11:33:05,20.9,inbound,5
ENT-01058,CPT-05414,2,9315.08,2025-11-07 11:10:08,2026-05-04 17:02:51,20.9,inbound,22
ENT-01333,CPT-03702,3,8803.76,2025-10-10 17:50:29,2026-06-16 11:49:12,20.9,inbound,7
ENT-01375,CPT-03729,1,8619.5,2025-12-25 13:22:31,2025-12-25 13:22:31,20.9,inbound,69
ENT-01217,CPT-03206,1,7771.94,2026-06-10 09:03:44,2026-06-10 09:03:44,20.9,outbound,38
ENT-01218,CPT-00813,2,7052.7,2026-01-27 13:23:36,2026-02-20 10:30:58,20.9,inbound,2
ENT-00880,CPT-01463,4,6815.93,2025-09-08 12:43:05,2026-04-22 10:45:42,20.9,inbound;outbound,3
ENT-01458,CPT-02695,2,5648.27,2025-12-10 13:01:15,2026-04-22 12:29:10,20.9,outbound,166
ENT-01290,CPT-02500,1,5479.21,2026-06-05 11:20:33,2026-06-05 11:20:33,20.9,outbound,60
ENT-01455,CPT-05207,3,5418.84,2025-08-22 17:17:47,2026-05-14 11:48:23,20.9,inbound,1
ENT-01239,CPT-02419,2,4720.84,2025-08-21 16:58:19,2025-09-25 15:15:35,20.9,outbound,3
ENT-01462,CPT-03006,3,3784.98,2025-10-14 11:23:09,2026-06-23 18:18:13,20.9,outbound,7
ENT-01150,CPT-04855,2,3732.53,2025-09-15 14:51:51,2026-03-03 09:08:19,20.9,inbound,18
ENT-01498,CPT-02942,3,3664.42,2025-12-19 09:48:39,2026-05-26 14:52:41,20.9,outbound,1
ENT-01175,CPT-01849,1,1702.45,2025-09-19 12:50:58,2025-09-19 12:50:58,20.9,inbound,1
ENT-01058,CPT-03021,1,1086.15,2026-05-20 12:25:15,2026-05-20 12:25:15,20.9,outbound,2
ENT-01497,CPT-05827,1,1034.55,2025-10-27 15:03:49,2025-10-27 15:03:49,20.9,inbound,1
ENT-00882,CPT-02181,1,481.69,2026-04-02 13:38:53,2026-04-02 13:38:53,20.9,outbound,31
ENT-01058,CPT-05613,4,35441.89,2025-10-08 12:53:57,2026-06-19 12:12:18,20.8,inbound,7
ENT-01476,CPT-00974,5,13544.11,2025-08-27 10:58:58,2026-07-14 10:36:09,20.8,inbound,1
ENT-01220,CPT-01724,1,11441.69,2025-10-22 14:40:46,2025-10-22 14:40:46,20.8,inbound,3
ENT-01133,CPT-05279,2,10886.89,2025-12-10 09:06:00,2026-07-30 14:24:17,20.8,inbound,2
ENT-01403,CPT-04945,2,9865.68,2026-03-30 14:55:26,2026-07-31 11:01:22,20.8,inbound,24
ENT-01204,CPT-03875,1,9110.09,2026-03-25 16:59:09,2026-03-25 16:59:09,20.8,inbound,2
ENT-01319,CPT-03330,1,8273.2,2026-04-23 17:09:01,2026-04-23 17:09:01,20.8,outbound,67
ENT-01122,CPT-01061,2,6624.28,2025-10-28 09:08:46,2026-04-15 09:12:13,20.8,inbound,5
ENT-01457,CPT-02788,3,6621.71,2025-10-27 17:35:49,2025-12-02 16:48:17,20.8,outbound,2
ENT-01252,CPT-01062,2,6573.82,2025-08-27 13:17:30,2025-12-17 17:05:01,20.8,inbound,1
ENT-01225,CPT-05039,2,6495.06,2025-10-28 15:51:30,2026-05-21 12:01:27,20.8,inbound,17
ENT-01191,CPT-02061,3,6067.53,2026-01-01 10:20:53,2026-07-07 13:57:41,20.8,inbound,4
ENT-01371,CPT-02266,3,3185.88,2025-11-20 15:48:40,2026-06-08 15:56:58,20.8,inbound,1
ENT-01057,CPT-02424,1,492.62,2025-11-27 10:03:45,2025-11-27 10:03:45,20.8,outbound,3
ENT-01228,CPT-05301,4,29433.64,2026-01-20 17:13:01,2026-06-16 10:10:43,20.7,inbound,6
ENT-01146,CPT-00860,3,19868.63,2026-02-10 17:51:24,2026-06-12 15:33:01,20.7,inbound,16
ENT-01386,CPT-02035,1,19346.41,2026-06-01 10:56:33,2026-06-01 10:56:33,20.7,inbound,2
ENT-01393,CPT-03728,2,18748.91,2025-10-01 13:25:00,2026-06-24 17:07:49,20.7,inbound,8
ENT-01203,CPT-05357,1,14383.11,2026-03-12 10:54:32,2026-03-12 10:54:32,20.7,inbound,5
ENT-01389,CPT-05450,2,11186.82,2026-04-24 17:23:23,2026-07-28 15:05:57,20.7,inbound,29
ENT-01448,CPT-02934,3,9768.87,2026-04-14 16:18:12,2026-06-30 13:08:20,20.7,outbound,2
ENT-01440,CPT-03912,2,9523.03,2025-11-03 11:03:31,2026-06-12 14:55:27,20.7,inbound,1
ENT-01440,CPT-02498,3,9369.32,2025-10-02 09:49:16,2026-01-08 14:10:40,20.7,outbound,45
ENT-01358,CPT-03927,1,8695.48,2026-07-17 16:00:19,2026-07-17 16:00:19,20.7,inbound,4
ENT-01407,CPT-04400,2,8612.23,2025-12-01 13:16:44,2025-12-05 10:24:22,20.7,inbound,11
ENT-01113,CPT-04324,2,8378.46,2025-11-11 14:26:28,2026-06-09 14:55:07,20.7,inbound,71
ENT-01069,CPT-04705,2,7314.22,2026-01-29 16:52:40,2026-04-23 10:48:29,20.7,inbound,2
ENT-01183,CPT-02241,2,7179.43,2025-09-01 17:11:11,2026-07-24 09:05:17,20.7,inbound,1
ENT-01201,CPT-03832,2,7121.59,2025-10-13 14:26:17,2026-04-09 15:31:10,20.7,inbound,3
ENT-01348,CPT-03170,2,6616.16,2025-12-01 09:11:39,2026-05-14 10:25:39,20.7,outbound,10
ENT-01292,CPT-01030,2,5905.35,2025-11-11 12:41:25,2026-04-09 10:09:21,20.7,inbound,2
ENT-01230,CPT-02493,2,5025.8,2025-09-23 14:54:30,2026-06-18 14:41:50,20.7,outbound,101
ENT-01266,CPT-05243,2,3413.01,2025-12-25 14:59:09,2026-05-18 09:19:34,20.7,inbound,1
ENT-01133,CPT-05078,1,2134.66,2026-07-29 10:04:24,2026-07-29 10:04:24,20.7,inbound,49
ENT-01331,CPT-05369,1,1548.61,2025-08-20 17:17:52,2025-08-20 17:17:52,20.7,inbound,1
ENT-01427,CPT-03246,2,658.98,2026-03-09 11:26:27,2026-05-07 15:34:58,20.7,outbound,4
ENT-01094,CPT-04494,2,31565.37,2026-06-09 15:36:29,2026-07-24 16:57:33,20.6,inbound,1
ENT-01131,CPT-01163,6,22631.53,2025-12-31 14:01:05,2026-07-10 17:34:44,20.6,inbound,1
ENT-01241,CPT-05072,4,15943.28,2025-09-24 17:09:44,2026-04-13 09:05:26,20.6,inbound,31
ENT-01372,CPT-04556,2,12373.71,2025-08-25 13:17:28,2026-05-25 12:58:15,20.6,inbound,7
ENT-01229,CPT-05017,2,8715.65,2026-02-23 10:27:14,2026-07-06 14:19:37,20.6,inbound,64
ENT-01085,CPT-01106,3,7920.13,2025-12-15 13:40:27,2026-07-24 17:13:40,20.6,inbound,11
ENT-01372,CPT-04411,3,6427.87,2026-05-12 09:51:07,2026-06-22 16:51:52,20.6,inbound,6
ENT-01340,CPT-03492,2,5098.99,2026-05-26 10:42:23,2026-07-23 13:20:29,20.6,outbound,8
ENT-01449,CPT-02042,2,4624.87,2025-10-06 10:50:16,2026-01-19 17:49:48,20.6,inbound,1
ENT-01071,CPT-00699,2,4490.51,2025-10-13 17:49:07,2026-03-17 14:15:38,20.6,inbound,2
ENT-01201,CPT-02832,2,4239.63,2026-01-01 15:58:52,2026-06-23 17:59:56,20.6,outbound,6
ENT-01455,CPT-05890,1,2824.43,2026-06-22 16:25:13,2026-06-22 16:25:13,20.6,inbound,1
ENT-01197,CPT-01063,2,2780.33,2025-09-09 15:55:20,2026-03-14 15:51:24,20.6,inbound,1
ENT-01266,CPT-03891,2,2088.37,2025-10-28 10:45:26,2026-06-24 15:02:06,20.6,inbound,2
ENT-01061,CPT-03299,1,909.85,2026-03-26 12:03:08,2026-03-26 12:03:08,20.6,outbound,3
ENT-01454,CPT-01650,1,855.23,2025-09-10 10:21:07,2025-09-10 10:21:07,20.6,inbound,3
ENT-00036,CPT-05086,1,813.16,2026-02-23 20:01:48,2026-02-23 20:01:48,20.6,outbound,15
ENT-00917,CPT-05867,1,80.06,2025-10-01 13:49:21,2025-10-01 13:49:21,20.6,outbound,4
ENT-00125,CPT-05089,1,51.34,2026-07-21 09:42:39,2026-07-21 09:42:39,20.6,outbound,1
ENT-01316,CPT-05204,2,29117.15,2025-12-04 15:15:55,2026-07-24 10:24:56,20.5,inbound,1
ENT-01191,CPT-04316,4,28950.03,2025-09-05 16:35:42,2026-07-27 16:49:51,20.5,inbound,3
ENT-01061,CPT-05039,2,28082.43,2026-05-26 09:26:17,2026-06-17 17:50:34,20.5,inbound,17
ENT-01467,CPT-01910,2,19115.12,2026-03-25 15:37:12,2026-07-23 12:48:02,20.5,inbound,1
ENT-01347,CPT-05040,3,16040.77,2026-02-13 15:37:02,2026-07-29 10:01:45,20.5,inbound,8
ENT-01328,CPT-03933,1,12892.98,2026-01-14 17:17:09,2026-01-14 17:17:09,20.5,inbound,15
ENT-01497,CPT-05001,2,8158.41,2025-10-07 17:00:54,2026-01-19 16:16:15,20.5,inbound,2
ENT-01171,CPT-02595,1,7315.76,2026-07-14 15:40:03,2026-07-14 15:40:03,20.5,outbound,10
ENT-01453,CPT-04324,2,7017.02,2026-02-13 09:57:31,2026-04-21 17:40:09,20.5,inbound,71
ENT-00042,CPT-02088,1,5079.0,2026-07-30 09:40:27,2026-07-30 09:40:27,20.5,inbound,2
ENT-01204,CPT-04832,2,3908.59,2026-04-03 16:54:14,2026-04-14 14:22:39,20.5,inbound,25
ENT-01372,CPT-03729,1,3379.07,2026-01-30 16:06:37,2026-01-30 16:06:37,20.5,inbound,69
ENT-01410,CPT-03534,1,3336.05,2025-12-18 13:22:09,2025-12-18 13:22:09,20.5,outbound,30
ENT-01497,CPT-04599,2,2841.23,2025-10-08 11:24:36,2026-05-08 17:09:18,20.5,inbound,1
ENT-01292,CPT-02647,1,2727.88,2026-07-06 12:53:13,2026-07-06 12:53:13,20.5,outbound,3
ENT-01270,CPT-03521,2,1611.67,2026-01-14 11:09:18,2026-01-19 15:39:51,20.5,outbound,7
ENT-01189,CPT-02418,1,1203.36,2026-07-28 15:18:38,2026-07-28 15:18:38,20.5,outbound,28
ENT-01372,CPT-00708,1,1082.52,2026-01-22 12:53:39,2026-01-22 12:53:39,20.5,inbound,1
ENT-01319,CPT-05007,7,41326.03,2025-10-13 15:07:36,2026-06-10 14:27:33,20.4,inbound,9
ENT-01476,CPT-01793,4,21828.76,2025-10-27 10:46:42,2026-03-19 14:04:37,20.4,inbound,1
ENT-01105,CPT-02178,6,20581.19,2025-08-19 11:36:41,2026-06-08 11:07:40,20.4,inbound,5
ENT-01339,CPT-05338,3,15827.08,2025-10-03 17:35:59,2026-05-01 17:42:07,20.4,inbound,6
ENT-01171,CPT-05685,3,12886.52,2026-02-20 15:39:59,2026-05-29 13:38:23,20.4,inbound,1
ENT-01191,CPT-03601,3,11477.78,2025-10-15 10:03:56,2026-06-10 17:52:13,20.4,inbound,9
ENT-01186,CPT-05072,2,9892.13,2026-01-07 15:43:52,2026-07-29 10:01:34,20.4,inbound,31
ENT-01122,CPT-01522,3,9223.14,2025-09-30 10:09:00,2026-04-30 16:41:01,20.4,inbound,7
ENT-01353,CPT-05789,1,8387.99,2026-06-29 09:20:40,2026-06-29 09:20:40,20.4,inbound,5
ENT-01191,CPT-05526,2,6916.91,2025-12-03 11:31:18,2026-02-06 11:43:34,20.4,inbound,2
ENT-01423,CPT-02929,2,6227.18,2026-02-24 09:26:15,2026-02-24 09:28:57,20.4,outbound,15
ENT-01372,CPT-05706,3,6225.34,2025-10-02 14:06:00,2026-05-01 11:12:07,20.4,inbound,14
ENT-01141,CPT-02838,2,4991.99,2025-12-11 11:33:12,2026-03-10 12:23:00,20.4,outbound,5
ENT-01239,CPT-02498,2,3886.97,2026-03-05 13:47:27,2026-05-05 13:52:10,20.4,outbound,45
ENT-00585,CPT-01708,3,3635.24,2026-03-16 09:17:52,2026-07-09 17:35:04,20.4,inbound;outbound,7
ENT-01266,CPT-00675,1,1999.04,2025-11-05 16:56:44,2025-11-05 16:56:44,20.4,inbound,4
ENT-01397,CPT-04901,3,22269.5,2026-02-19 16:40:21,2026-04-17 14:15:23,20.3,inbound,9
ENT-01372,CPT-04618,2,15641.49,2025-08-28 15:17:29,2026-06-10 11:59:32,20.3,inbound,1
ENT-01146,CPT-01790,1,13080.51,2026-06-02 11:21:20,2026-06-02 11:21:20,20.3,inbound,1
ENT-01093,CPT-04688,1,10981.71,2025-09-24 11:07:03,2025-09-24 11:07:03,20.3,inbound,3
ENT-01236,CPT-04564,2,10711.11,2025-09-25 13:48:37,2025-11-07 10:41:45,20.3,inbound,5
ENT-01453,CPT-01927,1,9454.35,2026-04-06 10:15:24,2026-04-06 10:15:24,20.3,inbound,18
ENT-01466,CPT-05344,2,9268.02,2026-01-15 10:46:18,2026-06-16 16:08:27,20.3,inbound,4
ENT-01360,CPT-04942,1,9066.77,2026-05-14 17:06:48,2026-05-14 17:06:48,20.3,inbound,36
ENT-01398,CPT-01838,1,7585.88,2026-05-21 13:51:22,2026-05-21 13:51:22,20.3,inbound,24
ENT-01241,CPT-01440,1,6475.48,2025-09-25 11:49:48,2025-09-25 11:49:48,20.3,inbound,22
ENT-01449,CPT-03078,5,5918.93,2025-10-03 11:45:24,2026-07-15 16:16:21,20.3,outbound,3
ENT-01196,CPT-03892,1,5823.55,2025-10-28 14:38:19,2025-10-28 14:38:19,20.3,inbound,6
ENT-01171,CPT-04743,2,4449.01,2025-12-18 16:57:09,2026-05-22 09:51:53,20.3,inbound,1
ENT-01182,CPT-02748,2,4278.44,2026-02-03 13:44:57,2026-06-11 12:23:56,20.3,outbound,13
ENT-01229,CPT-05362,1,4201.23,2026-05-21 12:31:44,2026-05-21 12:31:44,20.3,inbound,5
ENT-01500,CPT-04678,1,2786.55,2026-03-31 09:17:59,2026-03-31 09:17:59,20.3,inbound,8
ENT-01191,CPT-02431,1,2507.46,2026-07-17 16:46:14,2026-07-17 16:46:14,20.3,outbound,30
ENT-01358,CPT-04324,1,2292.38,2026-07-14 11:12:25,2026-07-14 11:12:25,20.3,inbound,71
ENT-01232,CPT-04071,2,2189.59,2025-10-17 17:10:06,2026-05-20 09:37:10,20.3,inbound,1
ENT-01071,CPT-03361,1,2031.01,2025-09-12 12:33:26,2025-09-12 12:33:26,20.3,outbound,3
ENT-01242,CPT-03443,2,1959.32,2026-01-29 10:39:55,2026-02-05 12:25:41,20.3,outbound,1
ENT-01120,CPT-04942,1,1600.89,2025-09-26 10:58:40,2025-09-26 10:58:40,20.3,inbound,36
ENT-01293,CPT-05422,2,1424.04,2025-12-12 14:10:18,2026-03-06 11:33:39,20.3,inbound,1
ENT-01136,CPT-01477,2,22186.84,2025-10-21 14:39:33,2026-04-06 09:07:40,20.2,inbound,2
ENT-01259,CPT-05463,2,15654.41,2025-10-10 15:32:27,2026-05-18 11:20:12,20.2,inbound,2
ENT-01113,CPT-02227,4,11863.23,2025-10-20 17:00:15,2026-05-15 14:45:47,20.2,inbound,12
ENT-01088,CPT-04299,1,10516.43,2026-05-12 13:37:21,2026-05-12 13:37:21,20.2,inbound,44
ENT-01212,CPT-04114,2,7743.23,2026-01-08 11:08:27,2026-07-15 14:20:54,20.2,inbound,19
ENT-01096,CPT-03701,4,5625.07,2025-11-06 11:28:00,2026-04-24 14:58:37,20.2,inbound,2
ENT-01167,CPT-02848,1,5370.72,2025-11-06 17:29:01,2025-11-06 17:29:01,20.2,outbound,2
ENT-01085,CPT-02431,2,4783.13,2025-09-17 16:51:21,2026-06-08 14:35:34,20.2,outbound,30
ENT-01131,CPT-01695,1,2986.03,2025-08-29 09:07:17,2025-08-29 09:07:17,20.2,inbound,3
ENT-01466,CPT-05020,2,1478.21,2025-10-30 15:27:31,2025-12-10 16:44:14,20.2,inbound,5
ENT-01094,CPT-04283,1,923.39,2026-01-26 17:17:15,2026-01-26 17:17:15,20.2,inbound,3
ENT-00653,CPT-01241,4,767.85,2025-09-29 12:12:27,2026-07-23 17:02:04,20.2,inbound;outbound,2
ENT-00303,CPT-03695,1,132.41,2025-08-26 20:07:48,2025-08-26 20:07:48,20.2,outbound,12
ENT-01186,CPT-04426,3,27308.69,2025-09-16 13:58:15,2026-06-10 13:12:47,20.1,inbound,4
ENT-01105,CPT-05017,4,25557.57,2025-10-21 12:11:32,2026-03-12 10:56:20,20.1,inbound,64
ENT-01467,CPT-04426,2,22389.84,2026-02-20 15:20:41,2026-03-13 16:58:50,20.1,inbound,4
ENT-01222,CPT-04830,1,20084.17,2025-10-28 11:28:31,2025-10-28 11:28:31,20.1,inbound,7
ENT-01245,CPT-05187,2,18441.18,2025-12-03 15:24:43,2026-07-13 16:33:17,20.1,inbound,2
ENT-01397,CPT-03816,3,13623.35,2025-08-26 16:35:23,2026-07-17 13:25:08,20.1,inbound,3
ENT-01167,CPT-04197,2,13071.54,2025-08-26 12:51:52,2026-06-24 12:54:11,20.1,inbound,1
ENT-01241,CPT-03970,3,12522.6,2026-04-09 09:59:17,2026-07-21 09:47:16,20.1,inbound,3
ENT-01059,CPT-05156,1,12518.44,2025-12-08 10:06:33,2025-12-08 10:06:33,20.1,inbound,2
ENT-01191,CPT-05055,4,10362.98,2025-12-02 15:48:57,2026-06-08 14:52:56,20.1,inbound,6
ENT-01292,CPT-03414,1,9654.58,2026-02-27 09:25:41,2026-02-27 09:25:41,20.1,outbound,8
ENT-00079,CPT-00822,5,9125.12,2025-10-13 09:50:13,2026-07-22 14:29:51,20.1,inbound;outbound,5
ENT-01153,CPT-05649,3,8727.29,2026-02-09 12:41:31,2026-07-21 09:28:10,20.1,inbound,2
ENT-01356,CPT-05007,1,7637.05,2026-03-05 09:31:20,2026-03-05 09:31:20,20.1,inbound,9
ENT-01245,CPT-04114,1,7498.0,2026-05-14 15:15:48,2026-05-14 15:15:48,20.1,inbound,19
ENT-01210,CPT-03505,2,5020.62,2025-08-13 12:18:26,2026-06-01 09:32:36,20.1,outbound,3
ENT-01277,CPT-03856,1,4965.63,2026-07-20 09:19:17,2026-07-20 09:19:17,20.1,inbound,2
ENT-01193,CPT-02486,2,4448.69,2025-12-12 12:57:37,2026-07-02 16:20:16,20.1,outbound,11
ENT-01175,CPT-05050,3,4426.08,2025-09-23 14:12:13,2026-05-05 09:40:53,20.1,inbound,1
ENT-01266,CPT-02181,1,2848.28,2026-07-21 10:53:16,2026-07-21 10:53:16,20.1,inbound,31
ENT-01498,CPT-05507,1,2784.41,2026-04-15 14:45:46,2026-04-15 14:45:46,20.1,inbound,3
ENT-01332,CPT-05916,1,1933.67,2025-12-04 14:18:36,2025-12-04 14:18:36,20.1,inbound,1
ENT-01262,CPT-04337,1,894.0,2025-09-26 09:00:32,2025-09-26 09:00:32,20.1,inbound,10
ENT-01478,CPT-05597,1,749.59,2026-07-13 15:39:21,2026-07-13 15:39:21,20.1,inbound,2
ENT-01146,CPT-04395,1,638.42,2025-09-19 14:14:12,2025-09-19 14:14:12,20.1,inbound,1
ENT-00522,CPT-02069,1,44.45,2025-12-18 20:33:13,2025-12-18 20:33:13,20.1,outbound,6
ENT-01360,CPT-02067,6,39323.92,2025-09-09 17:10:39,2026-07-30 11:34:21,20.0,inbound,2
ENT-01410,CPT-03923,2,25863.93,2026-06-22 13:49:33,2026-06-24 14:57:25,20.0,inbound,2
ENT-01226,CPT-05240,2,19596.9,2025-08-13 17:57:16,2026-07-23 14:24:02,20.0,inbound,6
ENT-00500,CPT-00822,8,18208.58,2025-08-28 12:35:56,2026-02-18 13:29:36,20.0,inbound;outbound,5
ENT-01103,CPT-01380,4,17337.42,2025-10-30 09:04:45,2026-06-05 12:39:05,20.0,inbound,1
ENT-01057,CPT-02553,2,15499.1,2025-12-10 14:51:27,2025-12-25 12:38:47,20.0,outbound,6
ENT-01067,CPT-05565,2,14522.76,2025-09-09 15:18:04,2026-04-07 10:14:05,20.0,inbound,2
ENT-01397,CPT-04748,1,14287.91,2025-12-26 16:01:37,2025-12-26 16:01:37,20.0,inbound,2
ENT-01395,CPT-01656,2,13644.28,2025-12-04 12:07:43,2026-04-06 13:38:46,20.0,inbound,2
ENT-01356,CPT-04114,1,12878.33,2026-01-28 16:06:28,2026-01-28 16:06:28,20.0,inbound,19
ENT-01178,CPT-01714,2,12701.66,2026-02-18 11:39:57,2026-05-20 09:40:05,20.0,inbound,3
ENT-01498,CPT-01020,3,12612.96,2025-12-16 09:48:36,2026-01-05 11:17:44,20.0,inbound,11
ENT-01178,CPT-04641,2,11756.81,2025-09-04 11:17:18,2025-09-26 12:37:19,20.0,inbound,2
ENT-01492,CPT-04748,2,11740.13,2025-11-26 14:19:41,2026-01-15 09:01:52,20.0,inbound,2
ENT-01367,CPT-04350,4,11696.67,2025-08-18 11:11:58,2026-06-29 15:25:04,20.0,inbound,15
ENT-01061,CPT-00919,1,8878.72,2026-06-18 11:15:48,2026-06-18 11:15:48,20.0,inbound,5
ENT-01280,CPT-03983,3,8606.66,2025-10-22 15:45:33,2026-06-08 15:37:33,20.0,inbound,33
ENT-01497,CPT-02376,2,6853.57,2025-10-21 15:27:20,2026-03-23 16:42:44,20.0,inbound,4
ENT-01372,CPT-03139,1,2999.8,2026-07-29 11:43:18,2026-07-29 11:43:18,20.0,outbound,21
ENT-01342,CPT-02843,1,2524.12,2026-01-02 13:20:56,2026-01-02 13:20:56,20.0,outbound,6
ENT-01153,CPT-04738,1,2330.39,2026-03-10 11:09:55,2026-03-10 11:09:55,20.0,inbound,1
ENT-01206,CPT-03359,2,1865.88,2025-10-13 15:49:30,2026-07-23 11:07:33,20.0,outbound,9
ENT-01150,CPT-04101,1,1683.39,2026-05-13 13:24:49,2026-05-13 13:24:49,20.0,inbound,2
ENT-01155,CPT-01509,2,727.0,2025-10-28 10:52:35,2026-05-28 16:12:37,20.0,inbound,2
ENT-00675,CPT-05653,2,297.9,2025-08-21 12:36:18,2026-02-16 16:47:19,20.0,outbound,2
ENT-01478,CPT-02823,1,251.69,2025-08-18 13:29:33,2025-08-18 13:29:33,20.0,outbound,2
ENT-01146,CPT-02163,3,24439.68,2025-10-09 09:16:17,2026-05-06 09:56:39,19.9,inbound,7
ENT-01453,CPT-01020,2,22199.12,2025-08-19 12:42:06,2026-01-20 12:22:55,19.9,inbound,11
ENT-01459,CPT-01298,1,20355.25,2026-04-01 11:08:01,2026-04-01 11:08:01,19.9,inbound,2
ENT-01203,CPT-00860,1,17180.46,2026-04-20 12:02:59,2026-04-20 12:02:59,19.9,inbound,16
ENT-01386,CPT-04532,4,13924.36,2026-04-21 15:13:30,2026-07-08 10:54:56,19.9,inbound,5
ENT-01226,CPT-05262,2,13786.25,2025-10-17 14:37:23,2026-03-02 14:30:35,19.9,inbound,2
ENT-01386,CPT-01105,3,13261.52,2025-10-15 09:26:47,2026-07-30 11:10:02,19.9,inbound,1
ENT-01241,CPT-04445,1,13216.01,2025-10-21 11:37:40,2025-10-21 11:37:40,19.9,inbound,4
ENT-01466,CPT-03049,4,12139.78,2025-08-28 09:33:29,2026-05-07 10:47:07,19.9,outbound,5
ENT-01367,CPT-03721,2,10261.18,2025-10-20 12:37:49,2026-06-15 16:48:47,19.9,inbound,1
ENT-01247,CPT-01708,1,9968.03,2026-01-05 09:11:33,2026-01-05 09:11:33,19.9,inbound,7
ENT-01266,CPT-04582,3,9396.9,2025-11-12 12:38:14,2026-06-05 16:18:44,19.9,inbound,6
ENT-01241,CPT-04703,1,9039.01,2026-07-17 10:50:04,2026-07-17 10:50:04,19.9,inbound,3
ENT-01261,CPT-05486,5,9013.48,2025-08-13 12:45:19,2026-07-03 16:43:49,19.9,inbound,5
ENT-01197,CPT-03206,2,8324.72,2026-02-11 13:00:31,2026-04-15 16:11:08,19.9,outbound,38
ENT-01069,CPT-02616,3,8225.68,2026-03-19 12:18:19,2026-06-11 16:51:23,19.9,outbound,2
ENT-01346,CPT-03919,2,7436.78,2025-11-12 11:18:58,2026-02-13 15:11:09,19.9,inbound,5
ENT-01083,CPT-02821,5,6199.01,2025-10-16 09:27:27,2026-07-15 17:02:29,19.9,outbound,28
ENT-01122,CPT-05664,2,6038.57,2026-01-22 14:27:37,2026-04-14 12:31:41,19.9,inbound,5
ENT-01311,CPT-03855,2,5302.76,2026-01-05 12:25:17,2026-02-20 09:04:50,19.9,inbound,2
ENT-01335,CPT-02500,2,5293.91,2025-09-16 12:28:41,2026-05-26 09:28:54,19.9,outbound,60
ENT-01205,CPT-02272,1,3789.32,2025-10-01 14:18:56,2025-10-01 14:18:56,19.9,inbound,5
ENT-01453,CPT-03660,1,3681.39,2026-02-17 13:20:50,2026-02-17 13:20:50,19.9,inbound,3
ENT-01410,CPT-03415,1,3648.63,2025-11-24 12:48:45,2025-11-24 12:48:45,19.9,outbound,4
ENT-01211,CPT-03695,2,2327.11,2026-03-02 14:45:16,2026-07-07 11:13:03,19.9,inbound,12
ENT-01171,CPT-02870,2,2155.42,2025-09-11 10:37:25,2026-01-14 12:40:08,19.9,outbound,54
ENT-01191,CPT-03844,1,1974.04,2025-12-19 17:30:06,2025-12-19 17:30:06,19.9,inbound,1
ENT-00189,CPT-00603,3,1486.63,2025-12-16 14:07:36,2026-07-31 12:25:55,19.9,outbound,2
ENT-01440,CPT-02504,1,960.15,2026-03-05 12:23:58,2026-03-05 12:23:58,19.9,outbound,3
ENT-01083,CPT-05278,1,424.41,2026-05-29 11:28:27,2026-05-29 11:28:27,19.9,inbound,1
ENT-00532,CPT-02306,3,286.29,2025-10-24 18:21:20,2026-04-16 14:59:50,19.9,outbound,2
ENT-00526,CPT-04324,1,147.02,2026-04-28 18:09:43,2026-04-28 18:09:43,19.9,outbound,71
ENT-01236,CPT-05301,6,19861.24,2025-10-02 14:46:03,2026-07-28 09:13:59,19.8,inbound,6
ENT-01094,CPT-01321,2,16989.18,2025-10-23 14:25:00,2026-06-12 15:34:40,19.8,inbound,2
ENT-01492,CPT-05743,1,15437.85,2025-11-25 11:36:21,2025-11-25 11:36:21,19.8,inbound,4
ENT-01395,CPT-05259,3,13507.41,2026-01-28 10:01:45,2026-07-21 17:02:36,19.8,inbound,16
ENT-01088,CPT-03379,2,11664.94,2025-11-28 09:17:31,2026-03-27 16:17:56,19.8,outbound,7
ENT-01472,CPT-01108,2,11378.99,2026-04-20 14:33:56,2026-06-12 14:12:28,19.8,inbound,1
ENT-01055,CPT-00774,2,10591.02,2025-10-06 14:22:14,2026-03-26 17:18:53,19.8,inbound,13
ENT-01224,CPT-03297,3,9589.43,2025-08-25 11:58:52,2026-04-09 14:58:14,19.8,outbound,110
ENT-01297,CPT-02493,3,7186.27,2026-05-12 13:51:42,2026-06-25 11:39:59,19.8,outbound,101
ENT-01340,CPT-03725,2,6512.42,2025-09-18 12:15:02,2026-06-09 13:50:38,19.8,inbound,2
ENT-01458,CPT-01151,2,5962.71,2026-03-20 15:52:51,2026-04-23 12:14:23,19.8,inbound,1
ENT-01380,CPT-05418,4,5962.1,2025-10-15 17:46:59,2026-06-09 10:49:15,19.8,inbound,1
ENT-01135,CPT-01742,1,5739.14,2026-06-12 15:16:19,2026-06-12 15:16:19,19.8,inbound,27
ENT-01281,CPT-03085,1,3294.02,2025-10-31 16:18:35,2025-10-31 16:18:35,19.8,outbound,9
ENT-01340,CPT-04753,2,3014.55,2025-12-15 09:32:16,2025-12-19 15:32:33,19.8,inbound,2
ENT-00981,CPT-01159,1,985.35,2025-09-22 12:03:26,2025-09-22 12:03:26,19.8,outbound,1
ENT-00049,CPT-04299,2,512.89,2025-08-13 19:55:22,2026-01-22 17:09:18,19.8,outbound,44
ENT-01058,CPT-02089,1,398.95,2025-11-14 10:30:12,2025-11-14 10:30:12,19.8,inbound,3
ENT-00155,CPT-03929,1,339.49,2026-07-30 18:37:14,2026-07-30 18:37:14,19.8,outbound,1
ENT-00982,CPT-01343,1,47.3,2026-06-19 18:02:48,2026-06-19 18:02:48,19.8,outbound,1
ENT-01432,CPT-05055,3,25497.77,2026-01-20 10:50:53,2026-05-25 11:15:08,19.7,inbound,6
ENT-01206,CPT-03214,5,20527.3,2025-10-08 15:27:52,2026-06-10 13:30:39,19.7,outbound,5
ENT-01204,CPT-05259,1,16555.05,2026-03-25 09:36:39,2026-03-25 09:36:39,19.7,inbound,16
ENT-01093,CPT-01551,1,15301.88,2025-12-16 14:50:17,2025-12-16 14:50:17,19.7,inbound,7
ENT-01319,CPT-04624,2,11533.83,2025-11-13 09:22:13,2026-01-20 16:37:30,19.7,inbound,1
ENT-00880,CPT-01742,6,9733.34,2025-08-15 09:31:03,2026-05-06 13:33:33,19.7,inbound,27
ENT-01230,CPT-05510,1,8873.6,2025-10-22 17:18:59,2025-10-22 17:18:59,19.7,inbound,3
ENT-01203,CPT-05752,1,8036.41,2025-09-03 09:24:38,2025-09-03 09:24:38,19.7,inbound,4
ENT-01440,CPT-05686,2,7491.85,2025-10-29 10:33:47,2026-02-04 14:26:03,19.7,inbound,6
ENT-01257,CPT-05107,1,5517.35,2025-11-14 16:54:41,2025-11-14 16:54:41,19.7,inbound,15
ENT-01476,CPT-03167,1,1846.71,2026-03-17 12:54:30,2026-03-17 12:54:30,19.7,outbound,1
ENT-01133,CPT-01079,1,1683.49,2026-07-23 17:55:05,2026-07-23 17:55:05,19.7,inbound,4
ENT-01111,CPT-04846,1,1544.5,2025-10-02 15:32:43,2025-10-02 15:32:43,19.7,inbound,2
ENT-01092,CPT-03492,1,863.79,2025-10-07 17:25:10,2025-10-07 17:25:10,19.7,outbound,8
ENT-00149,CPT-04425,2,326.51,2025-12-15 11:33:12,2026-06-26 19:24:28,19.7,outbound,18
ENT-01266,CPT-03731,2,27381.88,2026-02-06 11:57:19,2026-03-06 12:06:33,19.6,inbound,22
ENT-01441,CPT-03869,3,16230.56,2026-02-16 11:59:01,2026-06-22 17:47:28,19.6,inbound,2
ENT-01179,CPT-00770,4,12495.66,2025-09-15 12:01:53,2026-07-09 12:21:52,19.6,inbound,5
ENT-01057,CPT-01551,1,10572.14,2026-05-21 15:47:13,2026-05-21 15:47:13,19.6,inbound,7
ENT-01414,CPT-03885,1,7161.46,2026-03-25 14:53:10,2026-03-25 14:53:10,19.6,inbound,2
ENT-01197,CPT-02540,4,6524.76,2025-10-24 13:08:48,2026-02-24 17:27:20,19.6,outbound,5
ENT-01115,CPT-03204,1,1997.48,2025-10-27 13:51:22,2025-10-27 13:51:22,19.6,outbound,9
ENT-01448,CPT-01061,1,1886.89,2026-05-07 17:36:05,2026-05-07 17:36:05,19.6,inbound,5
ENT-01340,CPT-03209,1,1088.12,2025-09-23 16:38:49,2025-09-23 16:38:49,19.6,outbound,8
ENT-01010,CPT-01043,3,972.43,2025-10-02 09:26:23,2026-04-22 16:48:04,19.6,inbound;outbound,1
ENT-01171,CPT-02724,1,915.08,2025-11-26 17:01:11,2025-11-26 17:01:11,19.6,outbound,2
ENT-01476,CPT-02418,1,900.53,2026-07-10 12:13:28,2026-07-10 12:13:28,19.6,outbound,28
ENT-00678,CPT-02010,1,177.15,2026-07-13 18:58:27,2026-07-13 18:58:27,19.6,outbound,1
ENT-00333,CPT-04290,1,118.02,2026-01-29 20:40:43,2026-01-29 20:40:43,19.6,outbound,7
ENT-01005,CPT-00625,1,106.65,2025-11-21 12:16:08,2025-11-21 12:16:08,19.6,outbound,6
ENT-01375,CPT-05830,2,30568.37,2026-01-12 10:00:00,2026-03-03 16:07:23,19.5,inbound,5
ENT-01460,CPT-05237,2,25138.12,2025-10-21 15:52:18,2025-11-10 09:54:03,19.5,inbound,3
ENT-01410,CPT-04450,3,18465.1,2025-10-31 14:39:44,2026-03-26 11:22:20,19.5,inbound,5
ENT-01333,CPT-03729,2,10772.59,2025-08-25 13:13:53,2025-10-24 11:59:03,19.5,inbound,69
ENT-01348,CPT-02521,3,9700.48,2025-11-13 16:27:09,2026-05-15 14:13:08,19.5,outbound,4
ENT-00424,CPT-01293,3,8694.92,2025-09-19 15:24:32,2025-10-07 14:46:32,19.5,inbound,7
ENT-01331,CPT-02662,1,4637.05,2025-10-21 15:51:44,2025-10-21 15:51:44,19.5,outbound,1
ENT-01051,CPT-04879,1,4520.28,2026-07-09 17:44:02,2026-07-09 17:44:02,19.5,inbound,2
ENT-01436,CPT-03006,3,4443.39,2025-11-14 15:58:12,2026-05-18 16:11:27,19.5,outbound,7
ENT-01465,CPT-03729,1,3808.47,2025-12-09 12:23:41,2025-12-09 12:23:41,19.5,inbound,69
ENT-01241,CPT-04935,2,2501.62,2026-02-23 09:11:27,2026-06-11 11:50:43,19.5,inbound,7
ENT-01199,CPT-04350,2,2091.22,2026-04-03 16:31:53,2026-04-08 15:59:41,19.5,inbound,15
ENT-01427,CPT-03172,1,1770.03,2025-11-28 10:08:58,2025-11-28 10:08:58,19.5,outbound,2
ENT-01342,CPT-02493,2,1674.23,2026-01-22 15:25:46,2026-03-05 15:15:23,19.5,outbound,101
ENT-01450,CPT-03158,1,500.0,2025-11-17 15:41:16,2025-11-17 15:41:16,19.5,outbound,2
ENT-01346,CPT-04311,2,24768.11,2025-12-31 17:44:59,2026-03-03 09:17:58,19.4,inbound,4
ENT-01103,CPT-03936,1,13993.94,2026-07-29 11:50:56,2026-07-29 11:50:56,19.4,inbound,3
ENT-01498,CPT-04696,3,9280.99,2025-10-09 11:25:03,2025-12-11 17:15:53,19.4,inbound,2
ENT-01170,CPT-01383,2,7497.0,2026-02-09 12:31:39,2026-05-05 15:33:59,19.4,inbound,13
ENT-01071,CPT-04303,4,7255.94,2025-10-02 13:16:33,2026-05-05 11:22:45,19.4,inbound,22
ENT-01175,CPT-01902,4,5453.96,2025-10-06 16:28:04,2026-07-31 12:26:36,19.4,inbound,5
ENT-01199,CPT-01954,2,4332.55,2025-11-21 16:26:56,2026-02-04 11:30:56,19.4,inbound,3
ENT-01196,CPT-05616,1,4038.79,2025-09-19 17:42:49,2025-09-19 17:42:49,19.4,inbound,4
ENT-01186,CPT-04419,2,3982.11,2026-02-18 09:21:03,2026-03-30 15:53:03,19.4,inbound,11
ENT-01199,CPT-05078,1,2997.05,2025-09-04 11:46:46,2025-09-04 11:46:46,19.4,inbound,49
ENT-01387,CPT-05414,1,2448.23,2026-06-01 14:08:00,2026-06-01 14:08:00,19.4,inbound,22
ENT-01335,CPT-05958,2,2318.49,2025-11-12 15:49:35,2026-07-08 12:45:16,19.4,inbound,13
ENT-01179,CPT-02887,1,2207.2,2026-07-17 16:59:36,2026-07-17 16:59:36,19.4,outbound,15
ENT-01331,CPT-03800,2,1621.22,2025-12-29 10:31:50,2026-07-22 12:02:37,19.4,inbound,4
ENT-01440,CPT-03360,1,628.38,2026-07-01 10:00:53,2026-07-01 10:00:53,19.4,outbound,8
ENT-00997,CPT-02214,1,241.65,2025-12-17 20:38:56,2025-12-17 20:38:56,19.4,outbound,2
ENT-00882,CPT-01932,1,117.53,2026-05-04 18:57:21,2026-05-04 18:57:21,19.4,outbound,1
ENT-01434,CPT-02349,3,24420.05,2026-02-24 17:45:13,2026-05-12 09:15:56,19.3,inbound,2
ENT-01111,CPT-05724,2,21125.32,2026-06-23 10:57:47,2026-07-21 12:48:53,19.3,inbound,1
ENT-01466,CPT-04674,3,20565.32,2025-08-26 13:35:20,2026-01-13 14:18:54,19.3,inbound,5
ENT-01188,CPT-05086,2,15805.46,2026-04-06 11:34:10,2026-06-26 17:19:21,19.3,inbound,15
ENT-01454,CPT-01440,1,14946.44,2026-01-20 14:30:02,2026-01-20 14:30:02,19.3,inbound,22
ENT-00500,CPT-02362,1,10798.74,2026-03-09 16:22:39,2026-03-09 16:22:39,19.3,inbound,4
ENT-01246,CPT-02431,2,8631.99,2026-06-04 12:57:01,2026-06-16 11:43:34,19.3,outbound,30
ENT-01395,CPT-02431,4,8608.16,2025-09-03 10:58:11,2026-05-28 11:33:34,19.3,outbound,30
ENT-01340,CPT-04299,4,7765.52,2025-12-24 11:14:16,2026-06-11 11:36:05,19.3,inbound,44
ENT-01196,CPT-05259,1,7382.43,2026-07-24 11:09:27,2026-07-24 11:09:27,19.3,inbound,16
ENT-01347,CPT-04331,2,5959.84,2026-04-08 15:58:57,2026-06-26 16:59:05,19.3,inbound,4
ENT-01356,CPT-04964,1,5825.71,2025-11-24 09:52:33,2025-11-24 09:52:33,19.3,inbound,12
ENT-01408,CPT-03727,1,5731.74,2026-03-17 16:18:16,2026-03-17 16:18:16,19.3,inbound,2
ENT-01178,CPT-04344,2,5530.97,2025-09-03 10:47:27,2026-03-12 10:31:11,19.3,inbound,6
ENT-01183,CPT-00774,2,5498.69,2026-01-30 09:06:35,2026-02-10 10:29:05,19.3,inbound,13
ENT-01374,CPT-04678,2,4673.73,2026-01-26 09:11:03,2026-07-27 09:54:42,19.3,inbound,8
ENT-01232,CPT-04244,2,4402.77,2025-12-04 15:08:35,2026-01-15 11:18:15,19.3,inbound,4
ENT-01349,CPT-03795,1,4253.63,2025-10-20 11:27:01,2025-10-20 11:27:01,19.3,inbound,9
ENT-01103,CPT-05411,1,2144.84,2025-10-31 17:50:50,2025-10-31 17:50:50,19.3,inbound,3
ENT-01072,CPT-03522,1,1978.87,2025-12-17 16:57:20,2025-12-17 16:57:20,19.3,outbound,2
ENT-01058,CPT-03376,1,1841.11,2025-12-17 14:18:09,2025-12-17 14:18:09,19.3,outbound,16
ENT-01169,CPT-02574,1,1661.08,2025-08-22 15:37:33,2025-08-22 15:37:33,19.3,outbound,3
ENT-01204,CPT-03348,1,1611.53,2026-07-30 12:52:32,2026-07-30 12:52:32,19.3,outbound,1
ENT-01182,CPT-03297,1,1112.3,2025-10-09 17:06:18,2025-10-09 17:06:18,19.3,outbound,110
ENT-01299,CPT-04299,2,19836.97,2026-04-28 16:40:43,2026-05-12 10:01:46,19.2,inbound,44
ENT-01259,CPT-04855,2,19743.31,2025-12-11 14:09:05,2026-01-16 14:09:13,19.2,inbound,18
ENT-01153,CPT-02493,2,15007.97,2025-12-08 16:40:53,2026-05-19 14:44:16,19.2,outbound,101
ENT-01478,CPT-03921,2,14994.1,2025-12-16 09:31:34,2026-03-10 14:57:34,19.2,inbound,3
ENT-01415,CPT-04891,1,14733.2,2026-02-04 10:19:21,2026-02-04 10:19:21,19.2,inbound,11
ENT-01489,CPT-03143,2,11795.08,2026-03-09 14:10:24,2026-05-29 12:23:39,19.2,outbound,2
ENT-01459,CPT-00838,1,10398.93,2026-06-25 17:11:04,2026-06-25 17:11:04,19.2,inbound,1
ENT-01194,CPT-05020,1,9290.6,2025-09-10 14:22:19,2025-09-10 14:22:19,19.2,inbound,5
ENT-01126,CPT-05017,1,7766.97,2025-08-14 14:29:55,2025-08-14 14:29:55,19.2,inbound,64
ENT-01247,CPT-05177,2,6120.05,2025-11-04 09:38:16,2025-11-27 17:54:03,19.2,inbound,4
ENT-01079,CPT-02107,1,5070.15,2026-05-19 15:16:45,2026-05-19 15:16:45,19.2,inbound,1
ENT-01452,CPT-03101,1,869.73,2026-05-05 12:22:47,2026-05-05 12:22:47,19.2,outbound,6
ENT-01492,CPT-02500,1,736.74,2026-07-09 09:36:26,2026-07-09 09:36:26,19.2,outbound,60
ENT-01185,CPT-02500,1,548.13,2026-02-23 10:17:33,2026-02-23 10:17:33,19.2,outbound,60
ENT-01353,CPT-05838,3,18905.38,2025-11-11 16:51:31,2026-06-19 12:19:48,19.1,inbound,3
ENT-01312,CPT-03376,5,17909.64,2025-10-22 16:26:26,2026-06-02 13:18:10,19.1,outbound,16
ENT-01171,CPT-05474,2,12129.23,2026-06-24 14:32:02,2026-07-22 12:38:02,19.1,inbound,4
ENT-01094,CPT-02286,1,10010.43,2026-02-13 11:05:40,2026-02-13 11:05:40,19.1,inbound,17
ENT-01203,CPT-01039,1,8704.7,2025-12-05 09:25:59,2025-12-05 09:25:59,19.1,inbound,2
ENT-01150,CPT-04266,2,5023.51,2026-04-30 16:28:49,2026-07-06 15:53:51,19.1,inbound,1
ENT-01378,CPT-02787,1,4692.12,2026-07-07 14:31:19,2026-07-07 14:31:19,19.1,outbound,42
ENT-01231,CPT-04344,2,3910.02,2025-10-02 13:12:50,2025-10-23 17:30:42,19.1,inbound,6
ENT-01266,CPT-03068,1,3048.61,2025-09-17 13:31:45,2025-09-17 13:31:45,19.1,outbound,22
ENT-01105,CPT-03955,9,57295.1,2025-11-04 14:06:09,2026-07-13 15:40:43,19.0,inbound,3
ENT-01224,CPT-01112,5,21433.41,2025-10-30 12:04:57,2026-01-23 09:17:30,19.0,inbound,49
ENT-01484,CPT-04592,3,20666.74,2025-10-14 14:37:46,2026-03-11 12:20:57,19.0,inbound,17
ENT-01179,CPT-02098,4,15657.1,2025-11-28 13:29:52,2026-06-04 17:39:53,19.0,inbound,3
ENT-01454,CPT-03078,3,12682.9,2026-03-26 12:49:45,2026-07-30 17:57:41,19.0,outbound,3
ENT-01222,CPT-03759,2,10591.59,2025-11-18 14:44:26,2026-06-16 12:36:14,19.0,inbound,4
ENT-01500,CPT-02427,3,10007.05,2025-12-11 17:06:40,2026-07-28 14:54:29,19.0,outbound,2
ENT-01328,CPT-05194,1,9439.09,2026-03-04 09:56:07,2026-03-04 09:56:07,19.0,inbound,3
ENT-01356,CPT-04556,2,9073.67,2025-10-06 15:13:54,2026-03-26 16:38:04,19.0,inbound,7
ENT-01374,CPT-05055,2,8345.88,2025-09-05 17:55:16,2025-12-31 15:00:50,19.0,inbound,6
ENT-01218,CPT-01513,3,5580.63,2025-10-24 09:43:16,2026-03-13 11:00:44,19.0,inbound,1
ENT-00902,CPT-01742,2,4119.74,2026-03-31 14:46:39,2026-04-01 17:43:29,19.0,inbound;outbound,27
ENT-01204,CPT-05437,1,3899.08,2026-07-15 11:31:00,2026-07-15 11:31:00,19.0,inbound,2
ENT-01061,CPT-03114,2,3308.41,2025-10-14 13:33:41,2026-07-24 15:29:08,19.0,outbound,11
ENT-01455,CPT-01440,2,2838.09,2025-11-04 11:20:40,2025-11-26 16:19:52,19.0,inbound,22
ENT-01196,CPT-04942,1,2298.03,2026-01-06 16:50:29,2026-01-06 16:50:29,19.0,inbound,36
ENT-01169,CPT-02766,1,500.0,2026-07-08 17:14:13,2026-07-08 17:14:13,19.0,outbound,8
ENT-01241,CPT-02493,4,23392.41,2025-09-18 14:33:11,2026-06-08 15:32:32,18.9,outbound,101
ENT-01079,CPT-03958,1,17983.97,2025-10-30 09:57:50,2025-10-30 09:57:50,18.9,inbound,8
ENT-00368,CPT-01551,6,17518.76,2025-09-09 12:18:32,2026-06-08 16:55:13,18.9,inbound,7
ENT-01440,CPT-02828,1,11423.94,2026-04-10 13:03:33,2026-04-10 13:03:33,18.9,outbound,5
ENT-01358,CPT-05165,2,8077.22,2025-12-04 10:49:44,2026-06-24 12:30:47,18.9,inbound,3
ENT-00042,CPT-01846,4,7966.61,2026-01-05 14:43:37,2026-05-29 13:20:39,18.9,inbound;outbound,3
ENT-01131,CPT-05831,1,6406.43,2026-05-15 09:15:30,2026-05-15 09:15:30,18.9,inbound,4
ENT-01171,CPT-03297,3,3428.82,2025-09-01 10:00:08,2026-03-16 17:11:30,18.9,outbound,110
ENT-01061,CPT-03297,2,3194.65,2025-12-17 16:46:20,2026-04-14 12:00:40,18.9,outbound,110
ENT-01199,CPT-05017,2,2805.98,2025-10-15 09:46:48,2026-01-22 11:35:52,18.9,inbound,64
ENT-01224,CPT-03114,2,1568.44,2026-05-14 10:14:56,2026-06-02 16:01:22,18.9,outbound,11
ENT-01085,CPT-05752,2,19198.65,2026-01-28 11:12:39,2026-06-18 10:12:02,18.8,inbound,4
ENT-01348,CPT-05137,2,16739.83,2026-04-27 14:42:40,2026-05-26 16:47:56,18.8,inbound,4
ENT-01424,CPT-04950,2,16520.7,2026-06-12 17:22:04,2026-06-16 14:27:37,18.8,inbound,4
ENT-01353,CPT-03777,1,16173.54,2026-06-26 14:54:10,2026-06-26 14:54:10,18.8,inbound,2
ENT-01434,CPT-05189,2,15776.97,2025-11-26 14:13:47,2026-06-16 13:14:21,18.8,inbound,11
ENT-01379,CPT-05789,3,15540.0,2025-09-11 09:15:42,2026-02-19 17:25:38,18.8,inbound,5
ENT-01059,CPT-03989,1,9050.8,2026-01-08 13:15:12,2026-01-08 13:15:12,18.8,inbound,14
ENT-01083,CPT-02849,2,8643.03,2026-03-30 12:58:44,2026-06-19 11:27:27,18.8,outbound,2
ENT-01372,CPT-05078,2,6735.04,2026-04-08 15:21:58,2026-06-03 11:52:39,18.8,inbound,49
ENT-01206,CPT-05958,4,4415.8,2025-10-22 11:02:02,2026-04-23 09:22:30,18.8,inbound,13
ENT-01345,CPT-05040,2,4339.79,2025-08-15 10:19:43,2026-07-07 13:48:00,18.8,inbound,8
ENT-01088,CPT-05637,1,2117.45,2026-02-16 17:37:25,2026-02-16 17:37:25,18.8,inbound,1
ENT-00624,CPT-01476,1,228.24,2026-06-18 21:38:40,2026-06-18 21:38:40,18.8,outbound,1
ENT-01241,CPT-04411,2,26217.26,2026-05-04 16:10:49,2026-05-19 10:21:06,18.7,inbound,6
ENT-01345,CPT-03826,2,25839.95,2026-03-09 16:40:54,2026-04-03 14:02:57,18.7,inbound,2
ENT-01415,CPT-04785,2,22478.31,2026-02-02 17:28:53,2026-03-10 13:46:42,18.7,inbound,6
ENT-01459,CPT-04303,2,15936.54,2026-01-28 15:00:53,2026-06-23 13:49:09,18.7,inbound,22
ENT-01131,CPT-01423,2,15750.08,2026-04-15 11:05:18,2026-06-19 11:24:18,18.7,inbound,4
ENT-01292,CPT-04519,2,15202.14,2025-08-25 13:16:04,2026-03-24 15:27:10,18.7,inbound,2
ENT-01448,CPT-03983,1,12996.74,2026-02-26 09:45:11,2026-02-26 09:45:11,18.7,inbound,33
ENT-00797,CPT-02191,6,12811.27,2025-09-30 14:39:45,2026-05-15 09:56:16,18.7,inbound;outbound,2
ENT-01389,CPT-03374,2,9696.74,2025-10-01 14:46:58,2026-06-22 12:19:20,18.7,outbound,2
ENT-01453,CPT-03001,2,6059.09,2025-10-21 11:13:09,2026-05-07 13:44:25,18.7,outbound,2
ENT-01069,CPT-04003,1,5892.46,2026-02-27 09:21:05,2026-02-27 09:21:05,18.7,inbound,2
ENT-01441,CPT-04923,2,5446.16,2025-12-17 10:55:07,2026-03-03 09:14:09,18.7,inbound,4
ENT-01236,CPT-02507,1,4927.33,2026-07-14 09:30:54,2026-07-14 09:30:54,18.7,outbound,5
ENT-01261,CPT-04855,4,4586.05,2025-11-27 14:55:03,2026-04-15 16:19:03,18.7,inbound,18
ENT-01165,CPT-01619,2,3154.72,2025-12-02 10:45:54,2026-05-25 13:54:27,18.7,inbound,2
ENT-01224,CPT-02568,1,3035.1,2025-12-04 12:31:07,2025-12-04 12:31:07,18.7,outbound,3
ENT-01115,CPT-04400,2,1614.74,2025-09-16 15:44:09,2025-10-06 17:33:49,18.7,inbound,11
ENT-01312,CPT-00755,1,1364.78,2025-11-12 11:50:07,2025-11-12 11:50:07,18.7,inbound,2
ENT-00625,CPT-01419,1,305.24,2026-06-12 20:02:46,2026-06-12 20:02:46,18.7,outbound,1
ENT-01360,CPT-05325,4,32176.25,2025-11-11 10:29:48,2026-02-09 17:52:24,18.6,inbound,1
ENT-01449,CPT-03795,2,21619.85,2025-08-22 10:28:41,2026-03-12 09:37:33,18.6,inbound,9
ENT-01051,CPT-03026,4,18519.42,2026-01-15 10:14:05,2026-06-30 16:17:29,18.6,outbound,4
ENT-01222,CPT-05845,2,16565.81,2026-01-26 09:16:59,2026-04-22 15:39:44,18.6,inbound,1
ENT-01347,CPT-04425,2,13727.23,2026-03-26 14:06:29,2026-04-09 11:48:45,18.6,inbound,18
ENT-01105,CPT-02288,4,11881.48,2025-11-07 16:13:03,2026-06-26 14:36:09,18.6,inbound,1
ENT-01058,CPT-02500,4,11837.32,2025-09-17 14:18:45,2026-05-13 09:44:33,18.6,outbound,60
ENT-01155,CPT-01230,3,11477.92,2025-09-29 17:02:09,2026-04-07 16:52:47,18.6,inbound,2
ENT-01335,CPT-04316,2,10439.6,2026-05-19 16:21:19,2026-07-13 16:04:32,18.6,inbound,3
ENT-01051,CPT-03731,2,9949.84,2025-10-21 15:47:42,2025-12-04 16:37:49,18.6,inbound,22
ENT-01347,CPT-05424,3,9308.19,2026-03-13 14:05:40,2026-04-22 09:15:17,18.6,inbound,1
ENT-01150,CPT-04499,6,7388.35,2025-10-10 13:10:59,2026-07-06 12:41:11,18.6,inbound,1
ENT-01340,CPT-04907,2,6638.42,2026-01-08 13:14:25,2026-06-17 14:38:45,18.6,inbound,5
ENT-01152,CPT-01874,1,6637.45,2025-08-28 10:34:32,2025-08-28 10:34:32,18.6,inbound,1
ENT-01140,CPT-02344,1,6109.02,2026-07-01 17:28:48,2026-07-01 17:28:48,18.6,inbound,1
ENT-01194,CPT-03756,1,6041.94,2025-11-21 16:13:21,2025-11-21 16:13:21,18.6,inbound,6
ENT-01226,CPT-04400,2,5224.45,2025-11-13 15:39:04,2026-06-16 10:58:24,18.6,inbound,11
ENT-01427,CPT-01286,3,4834.31,2026-01-07 13:46:55,2026-07-22 12:27:17,18.6,inbound,1
ENT-01280,CPT-03023,3,3146.19,2025-10-20 17:55:50,2026-03-26 16:50:45,18.6,outbound,4
ENT-01410,CPT-02478,1,2130.08,2026-07-20 12:31:43,2026-07-20 12:31:43,18.6,outbound,2
ENT-01171,CPT-03128,2,1907.29,2026-03-05 13:47:59,2026-07-30 17:16:50,18.6,outbound,10
ENT-01132,CPT-03729,1,553.15,2025-12-18 11:36:24,2025-12-18 11:36:24,18.6,inbound,69
ENT-00589,CPT-01440,1,228.72,2025-11-25 20:19:49,2025-11-25 20:19:49,18.6,outbound,22
ENT-01152,CPT-04955,2,20064.5,2025-11-21 14:42:58,2026-07-13 11:02:12,18.5,inbound,4
ENT-01247,CPT-04672,2,15914.74,2025-09-23 09:33:07,2026-04-28 11:13:09,18.5,inbound,14
ENT-01410,CPT-05509,3,15291.94,2025-11-28 17:22:54,2026-04-10 13:33:59,18.5,inbound,14
ENT-01242,CPT-01044,2,13301.95,2026-03-26 12:28:05,2026-07-06 11:38:08,18.5,inbound,1
ENT-01319,CPT-03729,5,11970.21,2025-09-29 14:10:36,2026-05-12 12:34:35,18.5,inbound,69
ENT-01245,CPT-05664,3,11702.84,2025-10-06 14:16:04,2026-04-28 17:26:14,18.5,inbound,5
ENT-01260,CPT-01461,2,10484.53,2026-02-25 14:56:44,2026-05-04 15:50:15,18.5,inbound,3
ENT-01398,CPT-02081,2,9412.12,2026-02-18 15:13:00,2026-04-10 09:48:58,18.5,inbound,5
ENT-01453,CPT-03358,3,8883.71,2025-10-21 11:11:42,2026-05-05 18:23:49,18.5,outbound,3
ENT-01372,CPT-05077,3,7075.61,2025-10-29 11:50:13,2026-05-18 13:37:35,18.5,inbound,2
ENT-01103,CPT-02493,3,5691.16,2025-08-25 11:23:34,2026-03-06 15:17:28,18.5,outbound,101
ENT-00036,CPT-05040,3,4195.71,2025-09-03 12:28:08,2025-12-24 16:52:03,18.5,outbound,8
ENT-01280,CPT-02562,2,3087.55,2025-11-03 12:30:26,2025-12-26 16:48:25,18.5,outbound,3
ENT-01113,CPT-04013,1,3085.41,2026-03-23 11:34:27,2026-03-23 11:34:27,18.5,inbound,1
ENT-01083,CPT-04638,3,3076.23,2025-12-23 12:00:34,2026-06-30 14:43:31,18.5,inbound,1
ENT-01186,CPT-03772,1,2913.18,2026-06-01 15:25:29,2026-06-01 15:25:29,18.5,inbound,3
ENT-01455,CPT-03085,1,2500.0,2026-02-20 10:47:41,2026-02-20 10:47:41,18.5,outbound,9
ENT-01217,CPT-02771,2,2106.3,2026-02-05 15:07:19,2026-03-17 13:33:19,18.5,outbound,25
ENT-01226,CPT-04407,1,1718.9,2026-05-18 11:10:57,2026-05-18 11:10:57,18.5,inbound,1
ENT-00678,CPT-01449,1,314.82,2026-05-04 20:53:35,2026-05-04 20:53:35,18.5,outbound,7
ENT-01175,CPT-03980,3,19627.04,2025-10-20 15:21:19,2026-01-21 11:42:43,18.4,inbound,32
ENT-01201,CPT-01285,2,15412.27,2025-11-12 15:46:31,2026-03-27 09:09:20,18.4,inbound,25
ENT-01191,CPT-01760,3,10580.15,2025-11-18 16:54:03,2026-06-26 09:21:09,18.4,inbound,5
ENT-01348,CPT-02227,5,9832.43,2025-09-25 10:51:55,2026-06-16 16:35:58,18.4,inbound,12
ENT-00289,CPT-01127,1,9751.06,2026-01-21 10:08:33,2026-01-21 10:08:33,18.4,outbound,1
ENT-01407,CPT-04894,1,9627.6,2026-07-30 10:12:34,2026-07-30 10:12:34,18.4,inbound,1
ENT-01403,CPT-01742,1,8191.59,2026-02-23 10:37:45,2026-02-23 10:37:45,18.4,inbound,27
ENT-01133,CPT-00890,1,7785.62,2026-03-30 13:33:49,2026-03-30 13:33:49,18.4,inbound,2
ENT-01051,CPT-03980,2,5590.46,2026-06-19 14:08:17,2026-07-15 12:27:24,18.4,inbound,32
ENT-01193,CPT-03360,1,5030.98,2025-12-05 10:56:45,2025-12-05 10:56:45,18.4,outbound,8
ENT-01478,CPT-02500,2,4582.45,2025-09-22 09:12:26,2026-03-03 14:10:30,18.4,outbound,60
ENT-01356,CPT-01927,1,2977.94,2025-09-11 17:02:38,2025-09-11 17:02:38,18.4,inbound,18
ENT-01255,CPT-03399,2,2397.19,2026-02-26 14:48:56,2026-05-15 15:18:27,18.4,outbound,12
ENT-01380,CPT-05169,2,1840.85,2025-10-13 11:33:02,2026-06-26 09:37:22,18.4,inbound,2
ENT-01197,CPT-01855,1,1581.68,2025-08-28 15:34:53,2025-08-28 15:34:53,18.4,inbound,2
ENT-01232,CPT-01124,1,1364.66,2025-12-23 11:08:58,2025-12-23 11:08:58,18.4,inbound,4
ENT-00980,CPT-01153,2,948.58,2025-09-17 17:56:05,2025-10-30 21:16:34,18.4,outbound,2
ENT-01228,CPT-02272,4,18169.27,2025-10-30 10:46:18,2026-04-23 09:45:38,18.3,inbound,5
ENT-01167,CPT-04162,3,14944.5,2026-01-01 13:40:13,2026-07-08 13:12:05,18.3,inbound,4
ENT-01122,CPT-00826,2,14519.7,2025-10-17 17:50:18,2026-06-04 12:35:07,18.3,inbound,4
ENT-01212,CPT-02399,2,10669.53,2025-10-02 11:09:03,2026-01-12 15:53:52,18.3,outbound,8
ENT-01341,CPT-03246,4,9003.64,2025-08-29 16:01:48,2026-04-02 13:35:43,18.3,outbound,4
ENT-01424,CPT-01734,2,7884.69,2025-08-28 14:46:51,2026-01-27 15:51:03,18.3,inbound,3
ENT-01465,CPT-01613,1,7575.67,2026-02-27 14:01:00,2026-02-27 14:01:00,18.3,inbound,2
ENT-01462,CPT-05517,2,6646.48,2025-09-16 14:10:37,2026-04-21 11:58:17,18.3,inbound,6
ENT-01189,CPT-03949,1,5518.73,2025-09-30 11:25:45,2025-09-30 11:25:45,18.3,inbound,11
ENT-01340,CPT-02870,2,5144.2,2026-03-18 15:47:00,2026-05-11 11:19:37,18.3,outbound,54
ENT-01397,CPT-02813,1,921.86,2026-05-06 09:50:05,2026-05-06 09:50:05,18.3,outbound,2
ENT-01200,CPT-03297,1,693.12,2026-02-03 12:55:59,2026-02-03 12:55:59,18.3,outbound,110
ENT-00246,CPT-04675,1,397.98,2026-07-13 20:06:51,2026-07-13 20:06:51,18.3,outbound,1
ENT-00852,CPT-03788,2,216.56,2025-09-23 16:40:25,2026-04-06 11:59:30,18.3,outbound,4
ENT-00698,CPT-04942,1,151.16,2026-06-09 10:39:50,2026-06-09 10:39:50,18.3,outbound,36
ENT-01183,CPT-01727,2,14601.61,2026-04-27 10:25:43,2026-05-27 10:51:36,18.2,inbound,12
ENT-01305,CPT-03728,1,11606.66,2026-04-02 12:55:24,2026-04-02 12:55:24,18.2,inbound,8
ENT-01148,CPT-05743,1,10719.84,2026-06-01 15:06:33,2026-06-01 15:06:33,18.2,inbound,4
ENT-01119,CPT-01440,1,9379.76,2025-12-23 17:44:19,2025-12-23 17:44:19,18.2,inbound,22
ENT-01432,CPT-05154,1,8304.93,2026-07-22 11:35:05,2026-07-22 11:35:05,18.2,inbound,2
ENT-01297,CPT-04303,2,6247.79,2026-02-24 10:22:16,2026-04-21 17:11:45,18.2,inbound,22
ENT-01103,CPT-03696,2,4425.09,2026-03-11 16:18:45,2026-06-10 09:31:13,18.2,inbound,3
ENT-01239,CPT-03297,2,2302.08,2025-12-02 16:50:25,2026-03-31 16:40:42,18.2,outbound,110
ENT-01175,CPT-02283,1,1720.37,2026-05-18 12:48:16,2026-05-18 12:48:16,18.2,inbound,1
ENT-00125,CPT-00710,2,382.94,2026-01-12 08:51:28,2026-01-20 19:40:44,18.2,outbound,1
ENT-00678,CPT-01250,1,122.19,2026-07-23 17:15:41,2026-07-23 17:15:41,18.2,outbound,2
ENT-01242,CPT-00657,4,37211.39,2025-11-06 09:39:22,2026-07-24 17:51:13,18.1,inbound,4
ENT-01225,CPT-04028,5,24395.07,2025-10-31 15:02:28,2026-06-17 13:08:32,18.1,inbound,3
ENT-01239,CPT-03175,5,14543.75,2025-12-09 17:45:46,2026-06-17 09:36:33,18.1,outbound,12
ENT-01434,CPT-01285,1,14089.67,2025-12-08 12:55:33,2025-12-08 12:55:33,18.1,inbound,25
ENT-01226,CPT-02181,1,11179.48,2025-09-01 11:44:38,2025-09-01 11:44:38,18.1,inbound,31
ENT-01211,CPT-04462,1,10290.51,2026-05-01 10:26:42,2026-05-01 10:26:42,18.1,inbound,3
ENT-01441,CPT-03534,4,9136.61,2026-03-31 10:20:17,2026-06-11 16:00:47,18.1,outbound,30
ENT-01113,CPT-04102,2,4140.57,2026-01-06 14:47:57,2026-04-02 16:16:23,18.1,inbound,1
ENT-01360,CPT-01742,2,3020.84,2025-10-07 12:50:34,2026-02-05 15:54:32,18.1,inbound,27
ENT-01236,CPT-02627,2,2966.8,2025-10-31 09:06:51,2026-05-11 16:52:01,18.1,outbound,2
ENT-01162,CPT-02493,3,2848.54,2025-11-13 10:15:04,2026-05-29 09:59:43,18.1,outbound,101
ENT-00698,CPT-00830,1,1020.71,2026-04-28 19:15:36,2026-04-28 19:15:36,18.1,outbound,8
ENT-01152,CPT-03687,1,978.59,2025-10-30 15:27:50,2025-10-30 15:27:50,18.1,inbound,2
ENT-01281,CPT-02748,1,337.16,2026-04-08 14:21:48,2026-04-08 14:21:48,18.1,outbound,13
ENT-00868,CPT-01905,1,95.66,2026-07-23 15:59:54,2026-07-23 15:59:54,18.1,outbound,17
ENT-01386,CPT-03958,3,24306.44,2025-12-02 09:25:28,2026-04-16 12:42:23,18.0,inbound,8
ENT-01205,CPT-05786,3,19099.7,2025-10-29 15:12:52,2026-07-15 11:01:36,18.0,inbound,2
ENT-01105,CPT-02573,2,18796.51,2025-12-17 14:49:39,2026-01-26 15:48:45,18.0,outbound,2
ENT-01386,CPT-02866,2,16811.11,2025-10-01 12:01:02,2026-03-09 10:24:32,18.0,outbound,10
ENT-01265,CPT-04539,2,14120.63,2026-01-02 15:04:47,2026-03-13 11:18:36,18.0,inbound,2
ENT-01103,CPT-00762,2,8075.0,2026-02-06 10:55:20,2026-05-21 09:57:29,18.0,inbound,1
ENT-01164,CPT-05017,2,4282.52,2025-12-09 10:40:22,2026-06-02 17:58:05,18.0,inbound,64
ENT-00731,CPT-02134,3,4213.45,2025-09-22 09:20:58,2026-06-02 11:31:18,18.0,inbound,1
ENT-01085,CPT-03865,2,3945.62,2025-09-22 17:30:48,2025-11-20 15:58:06,18.0,inbound,8
ENT-01471,CPT-02392,2,3041.21,2025-12-11 14:28:53,2026-01-08 10:27:24,18.0,outbound,1
ENT-01204,CPT-04371,1,2591.13,2025-11-13 15:39:42,2025-11-13 15:39:42,18.0,inbound,19
ENT-01320,CPT-02245,4,21327.73,2025-08-27 15:30:08,2026-02-05 15:12:39,17.9,inbound,4
ENT-01377,CPT-05338,2,16426.41,2026-01-26 17:54:07,2026-07-17 14:39:14,17.9,inbound,6
ENT-01372,CPT-02163,2,13292.07,2025-09-05 15:48:02,2026-07-08 13:07:52,17.9,inbound,7
ENT-01378,CPT-05568,3,13187.47,2026-04-13 13:32:19,2026-07-23 17:00:14,17.9,inbound,1
ENT-01312,CPT-00964,4,11425.7,2025-09-25 11:33:01,2026-07-28 15:44:35,17.9,inbound,6
ENT-01232,CPT-05078,1,10977.85,2026-03-18 09:49:53,2026-03-18 09:49:53,17.9,inbound,49
ENT-01452,CPT-00641,2,10915.53,2026-01-29 10:06:08,2026-06-22 10:26:08,17.9,inbound,2
ENT-01410,CPT-01106,3,7328.92,2025-09-29 16:27:55,2026-06-04 09:57:59,17.9,inbound,11
ENT-01170,CPT-02674,1,7297.22,2025-11-06 09:55:21,2025-11-06 09:55:21,17.9,outbound,10
ENT-01212,CPT-04790,3,5129.35,2025-12-23 10:39:21,2026-07-14 17:13:02,17.9,inbound,7
ENT-01299,CPT-00675,1,3681.31,2026-06-25 16:52:15,2026-06-25 16:52:15,17.9,inbound,4
ENT-01349,CPT-04181,1,3153.21,2026-01-22 17:35:44,2026-01-22 17:35:44,17.9,inbound,1
ENT-01088,CPT-03989,1,2908.75,2026-02-17 12:10:26,2026-02-17 12:10:26,17.9,inbound,14
ENT-01356,CPT-01210,2,2245.94,2025-11-06 16:39:55,2025-12-09 10:59:09,17.9,inbound,3
ENT-01165,CPT-03248,1,1934.16,2026-05-01 10:11:33,2026-05-01 10:11:33,17.9,outbound,12
ENT-01199,CPT-03729,1,1228.66,2026-06-04 16:07:01,2026-06-04 16:07:01,17.9,inbound,69
ENT-01347,CPT-02145,1,1088.7,2026-05-08 13:31:44,2026-05-08 13:31:44,17.9,inbound,2
ENT-01171,CPT-02937,1,924.26,2026-06-18 13:29:46,2026-06-18 13:29:46,17.9,outbound,12
ENT-00549,CPT-01838,2,459.09,2025-08-29 19:53:49,2026-05-11 12:21:16,17.9,outbound,24
ENT-00624,CPT-02167,1,239.26,2026-03-02 15:59:32,2026-03-02 15:59:32,17.9,outbound,2
ENT-01265,CPT-04054,2,21580.04,2026-02-10 13:39:47,2026-07-27 12:07:49,17.8,inbound,3
ENT-01218,CPT-04400,2,16768.34,2025-08-26 17:27:38,2026-03-23 10:12:20,17.8,inbound,11
ENT-01299,CPT-04318,3,15667.16,2025-12-02 11:43:12,2026-07-06 14:06:58,17.8,inbound,7
ENT-01311,CPT-00809,1,13234.99,2026-04-10 12:20:01,2026-04-10 12:20:01,17.8,inbound,1
ENT-01133,CPT-04280,2,11444.35,2026-04-09 14:21:53,2026-04-22 17:16:22,17.8,inbound,7
ENT-01159,CPT-02081,1,9384.26,2025-12-19 10:43:07,2025-12-19 10:43:07,17.8,inbound,5
ENT-01414,CPT-04730,1,8899.79,2026-06-10 09:16:47,2026-06-10 09:16:47,17.8,inbound,2
ENT-01206,CPT-05554,3,6474.53,2025-11-25 14:35:22,2026-02-20 13:48:15,17.8,inbound,4
ENT-01434,CPT-02657,3,5416.25,2025-09-17 10:12:02,2026-07-07 15:52:07,17.8,outbound,4
ENT-01335,CPT-04786,1,5320.92,2026-06-18 09:27:06,2026-06-18 09:27:06,17.8,inbound,5
ENT-01183,CPT-00832,2,4147.31,2026-06-03 10:46:09,2026-06-09 13:47:16,17.8,inbound,1
ENT-01169,CPT-03244,1,3719.33,2026-05-12 17:24:22,2026-05-12 17:24:22,17.8,outbound,3
ENT-01282,CPT-05314,2,3332.4,2026-04-13 17:13:26,2026-07-23 09:41:55,17.8,inbound,2
ENT-01467,CPT-03128,2,3212.58,2025-10-09 12:51:02,2025-12-18 14:54:40,17.8,outbound,10
ENT-01456,CPT-01742,2,3062.98,2025-11-24 12:00:56,2026-04-23 15:58:33,17.8,inbound,27
ENT-01167,CPT-05123,1,2925.46,2025-12-22 12:59:55,2025-12-22 12:59:55,17.8,inbound,1
ENT-01333,CPT-03399,1,1330.71,2026-07-28 15:24:03,2026-07-28 15:24:03,17.8,outbound,12
ENT-00282,CPT-01378,4,763.65,2025-12-31 12:35:08,2026-05-20 20:15:48,17.8,inbound,1
ENT-01159,CPT-05706,3,16030.02,2026-02-24 16:35:52,2026-05-20 16:02:38,17.7,inbound,14
ENT-01170,CPT-02154,1,12398.43,2026-02-11 15:38:25,2026-02-11 15:38:25,17.7,inbound,1
ENT-00278,CPT-02126,1,11485.48,2025-11-26 12:36:57,2025-11-26 12:36:57,17.7,inbound,5
ENT-01126,CPT-01224,3,10062.68,2025-08-22 14:07:04,2026-02-13 10:57:00,17.7,inbound,2
ENT-01426,CPT-05344,1,9498.28,2026-05-04 09:44:10,2026-05-04 09:44:10,17.7,inbound,4
ENT-01492,CPT-04844,1,9275.33,2026-03-27 11:43:20,2026-03-27 11:43:20,17.7,inbound,2
ENT-01229,CPT-03523,2,8493.74,2026-05-05 17:38:51,2026-05-05 17:40:15,17.7,outbound,4
ENT-01398,CPT-01888,2,8469.44,2026-01-21 09:48:41,2026-02-05 10:34:39,17.7,inbound,2
ENT-01113,CPT-02385,1,8354.93,2026-04-10 12:49:19,2026-04-10 12:49:19,17.7,inbound,3
ENT-01071,CPT-02493,3,6981.46,2025-10-21 15:23:24,2026-02-27 15:57:24,17.7,outbound,101
ENT-01115,CPT-05509,4,6500.83,2025-10-16 15:52:29,2026-06-26 09:20:35,17.7,inbound,14
ENT-01466,CPT-02771,3,6231.87,2025-09-05 13:40:42,2026-01-30 17:31:14,17.7,outbound,25
ENT-01340,CPT-05402,4,5996.18,2026-01-13 13:51:20,2026-07-15 13:59:47,17.7,inbound,1
ENT-01471,CPT-05040,1,5342.74,2025-08-28 17:26:45,2025-08-28 17:26:45,17.7,inbound,8
ENT-01379,CPT-02093,1,3452.61,2026-05-28 10:47:17,2026-05-28 10:47:17,17.7,inbound,1
ENT-01448,CPT-03552,2,3035.19,2026-03-24 15:13:08,2026-04-14 16:27:47,17.7,outbound,3
ENT-01466,CPT-03904,1,1886.13,2026-06-15 16:05:19,2026-06-15 16:05:19,17.7,inbound,2
ENT-01241,CPT-05130,1,1420.29,2026-03-10 15:17:47,2026-03-10 15:17:47,17.7,inbound,4
ENT-01464,CPT-03558,1,297.9,2025-11-26 16:23:17,2025-11-26 16:23:17,17.7,outbound,7
ENT-00447,CPT-01683,6,15876.96,2025-09-09 16:18:56,2026-07-10 15:17:21,17.6,inbound,13
ENT-01449,CPT-05186,5,12607.53,2025-10-06 10:14:28,2026-05-15 17:23:00,17.6,inbound,1
ENT-01453,CPT-04994,1,11428.71,2026-01-07 15:32:06,2026-01-07 15:32:06,17.6,inbound,2
ENT-01224,CPT-02647,5,10764.99,2025-10-15 14:48:15,2026-07-23 15:20:40,17.6,outbound,3
ENT-01222,CPT-05259,1,9064.31,2026-04-22 11:51:15,2026-04-22 11:51:15,17.6,inbound,16
ENT-01292,CPT-04963,1,8845.45,2026-01-27 15:31:18,2026-01-27 15:31:18,17.6,inbound,5
ENT-01478,CPT-02245,3,8806.32,2025-10-07 11:55:19,2025-10-15 12:57:40,17.6,inbound,4
ENT-01224,CPT-02470,4,8657.97,2025-09-05 10:22:58,2026-07-15 15:22:52,17.6,outbound,6
ENT-01335,CPT-01588,1,8124.44,2026-03-12 11:25:00,2026-03-12 11:25:00,17.6,inbound,2
ENT-01185,CPT-02932,1,6493.49,2026-04-30 15:56:51,2026-04-30 15:56:51,17.6,outbound,6
ENT-01293,CPT-03729,1,5584.82,2025-09-12 11:18:06,2025-09-12 11:18:06,17.6,inbound,69
ENT-01133,CPT-05077,1,3463.34,2025-08-25 09:21:22,2025-08-25 09:21:22,17.6,inbound,2
ENT-01280,CPT-04661,2,2810.27,2025-12-01 14:24:48,2025-12-30 15:55:57,17.6,inbound,26
ENT-01136,CPT-04832,1,2696.16,2025-09-04 12:29:52,2025-09-04 12:29:52,17.6,inbound,25
ENT-01323,CPT-04344,1,2279.69,2026-01-23 09:08:40,2026-01-23 09:08:40,17.6,inbound,6
ENT-01247,CPT-03357,2,2070.81,2026-04-09 14:57:53,2026-05-28 14:03:04,17.6,outbound,9
ENT-01094,CPT-03197,1,1701.04,2025-11-06 11:20:05,2025-11-06 11:20:05,17.6,outbound,39
ENT-01108,CPT-01112,1,1246.62,2026-01-28 15:12:31,2026-01-28 15:12:31,17.6,inbound,49
ENT-01169,CPT-02493,1,430.16,2026-01-06 17:32:57,2026-01-06 17:32:57,17.6,outbound,101
ENT-01432,CPT-05954,3,24070.74,2025-11-10 10:31:22,2026-05-25 14:03:53,17.5,inbound,6
ENT-01151,CPT-05086,2,20614.37,2025-11-17 12:57:17,2026-01-05 13:33:23,17.5,inbound,15
ENT-01115,CPT-03206,3,14774.26,2026-02-20 10:17:45,2026-05-20 11:36:21,17.5,outbound,38
ENT-01059,CPT-05805,2,13655.24,2026-02-25 13:19:11,2026-06-25 15:33:06,17.5,inbound,10
ENT-01197,CPT-05067,2,13348.14,2025-11-27 14:55:44,2026-04-14 11:29:22,17.5,inbound,2
ENT-01478,CPT-05450,3,12344.45,2026-04-06 16:10:14,2026-06-05 12:06:54,17.5,inbound,29
ENT-01332,CPT-02784,4,8889.5,2025-09-29 17:30:19,2026-07-14 10:07:03,17.5,outbound,40
ENT-01191,CPT-03242,2,4449.23,2025-08-19 15:42:08,2026-04-23 17:40:17,17.5,outbound,34
ENT-01226,CPT-05864,1,2691.76,2025-11-18 12:28:39,2025-11-18 12:28:39,17.5,inbound,4
ENT-01377,CPT-03809,1,1293.21,2026-01-26 15:37:36,2026-01-26 15:37:36,17.5,inbound,1
ENT-00248,CPT-01759,1,814.53,2026-05-20 21:03:18,2026-05-20 21:03:18,17.5,outbound,1
ENT-01277,CPT-01204,2,21619.34,2025-10-23 13:53:39,2026-06-03 16:02:14,17.4,inbound,3
ENT-01103,CPT-02251,2,17069.49,2026-03-05 15:48:45,2026-03-10 10:40:11,17.4,inbound,3
ENT-01265,CPT-04964,2,13765.76,2025-09-11 16:08:35,2025-12-04 17:09:06,17.4,inbound,12
ENT-01093,CPT-04945,1,10997.37,2025-09-10 12:48:29,2025-09-10 12:48:29,17.4,inbound,24
ENT-01386,CPT-03330,1,8883.32,2025-11-21 12:48:18,2025-11-21 12:48:18,17.4,outbound,67
ENT-01456,CPT-02375,5,8053.61,2025-11-20 10:39:45,2026-06-09 11:01:07,17.4,inbound,1
ENT-01397,CPT-04073,2,7413.28,2026-03-27 15:47:46,2026-06-30 12:07:53,17.4,inbound,2
ENT-01171,CPT-03914,3,7230.42,2026-01-13 10:31:02,2026-06-10 15:23:30,17.4,inbound,3
ENT-01135,CPT-03983,1,7089.22,2025-10-07 15:43:38,2025-10-07 15:43:38,17.4,inbound,33
ENT-01100,CPT-01922,1,5999.55,2026-07-29 10:05:43,2026-07-29 10:05:43,17.4,inbound,1
ENT-01472,CPT-04832,1,5001.4,2026-01-14 11:17:32,2026-01-14 11:17:32,17.4,inbound,25
ENT-01189,CPT-04965,1,4435.24,2026-01-20 09:16:37,2026-01-20 09:16:37,17.4,inbound,4
ENT-01179,CPT-03514,2,3299.54,2025-12-04 12:08:30,2026-05-22 16:58:08,17.4,outbound,3
ENT-01197,CPT-04945,3,2116.4,2025-11-12 09:28:54,2026-06-15 15:56:16,17.4,inbound,24
ENT-00500,CPT-01026,2,1583.05,2026-01-06 14:58:18,2026-07-02 19:53:32,17.4,inbound;outbound,3
ENT-01372,CPT-03368,1,1065.21,2026-01-15 10:34:36,2026-01-15 10:34:36,17.4,outbound,4
ENT-01335,CPT-01972,4,32161.61,2025-11-21 16:46:52,2026-06-11 14:06:15,17.3,inbound,3
ENT-01224,CPT-05781,4,28877.99,2026-01-22 12:14:16,2026-05-20 12:48:28,17.3,inbound,1
ENT-01189,CPT-04832,3,20763.52,2025-11-18 12:11:11,2026-03-19 15:53:34,17.3,inbound,25
ENT-01415,CPT-01905,1,18720.93,2026-04-10 12:57:11,2026-04-10 12:57:11,17.3,inbound,17
ENT-01415,CPT-05504,2,15540.88,2025-12-18 12:17:56,2026-01-06 11:48:07,17.3,inbound,2
ENT-01176,CPT-03822,3,13995.46,2025-10-13 12:11:57,2026-06-01 10:48:22,17.3,inbound,2
ENT-01410,CPT-04221,3,9461.48,2025-11-03 11:30:20,2026-01-28 12:06:56,17.3,inbound,1
ENT-01498,CPT-04830,3,8027.32,2026-04-17 10:38:23,2026-06-04 15:34:08,17.3,inbound,7
ENT-01230,CPT-04707,1,7378.3,2025-11-14 11:29:15,2025-11-14 11:29:15,17.3,inbound,4
ENT-01486,CPT-05031,2,6698.05,2025-10-09 10:45:25,2025-11-27 13:24:27,17.3,inbound,5
ENT-01230,CPT-01040,1,5563.12,2025-10-17 13:41:59,2025-10-17 13:41:59,17.3,inbound,3
ENT-01456,CPT-04901,3,5134.18,2026-02-17 16:48:39,2026-04-06 09:54:43,17.3,inbound,9
ENT-01395,CPT-02191,2,5076.12,2026-02-05 12:40:27,2026-04-29 11:51:48,17.3,inbound,2
ENT-01058,CPT-04267,2,3186.73,2025-10-06 15:33:51,2025-11-14 13:53:31,17.3,inbound,4
ENT-01057,CPT-01362,1,2883.96,2025-12-11 15:52:33,2025-12-11 15:52:33,17.3,inbound,1
ENT-01167,CPT-02493,1,1179.06,2026-05-08 14:51:35,2026-05-08 14:51:35,17.3,outbound,101
ENT-01339,CPT-03248,1,539.62,2026-07-10 09:36:02,2026-07-10 09:36:02,17.3,outbound,12
ENT-01424,CPT-05405,1,14598.07,2025-11-12 13:19:05,2025-11-12 13:19:05,17.2,inbound,6
ENT-01299,CPT-04425,2,12008.65,2025-11-14 14:15:50,2026-02-20 17:36:51,17.2,inbound,18
ENT-01257,CPT-03902,1,9005.97,2025-12-31 14:42:31,2025-12-31 14:42:31,17.2,inbound,3
ENT-01500,CPT-03989,2,5303.86,2026-02-13 17:23:51,2026-05-05 09:42:35,17.2,inbound,14
ENT-01411,CPT-04262,4,4770.53,2026-02-12 11:07:18,2026-07-21 09:00:18,17.2,inbound,2
ENT-01320,CPT-04955,1,4531.87,2026-05-14 15:16:21,2026-05-14 15:16:21,17.2,inbound,4
ENT-01217,CPT-02870,1,3158.91,2025-11-11 16:03:35,2025-11-11 16:03:35,17.2,outbound,54
ENT-01175,CPT-01760,1,3009.48,2026-07-17 16:40:20,2026-07-17 16:40:20,17.2,inbound,5
ENT-01120,CPT-01924,1,2826.85,2025-10-02 14:17:58,2025-10-02 14:17:58,17.2,inbound,2
ENT-01446,CPT-03005,1,2648.6,2026-06-29 16:33:04,2026-06-29 16:33:04,17.2,outbound,6
ENT-01150,CPT-02446,1,2011.13,2026-07-24 12:35:11,2026-07-24 12:35:11,17.2,outbound,3
ENT-01356,CPT-02284,1,1837.77,2025-10-07 09:58:49,2025-10-07 09:58:49,17.2,inbound,2
ENT-01083,CPT-01192,2,1544.78,2025-10-24 15:39:23,2026-03-09 16:15:38,17.2,inbound,3
ENT-01049,CPT-00103,14,30187.0,2025-08-15 08:02:37,2026-07-31 10:29:02,17.1,inbound,2
ENT-01386,CPT-03747,2,16448.69,2025-11-20 14:06:53,2026-06-16 15:42:14,17.1,inbound,1
ENT-01194,CPT-02045,3,13909.0,2025-11-14 13:49:24,2026-07-20 11:58:50,17.1,inbound,3
ENT-01440,CPT-04324,2,13519.22,2025-11-10 12:35:53,2026-01-15 09:29:40,17.1,inbound,71
ENT-01297,CPT-02161,3,9893.59,2025-11-12 11:25:18,2026-04-10 12:25:29,17.1,inbound,27
ENT-01245,CPT-04290,2,5570.91,2025-08-11 09:09:12,2026-07-08 16:54:24,17.1,inbound,7
ENT-01159,CPT-05072,1,5513.91,2026-07-03 13:33:51,2026-07-03 13:33:51,17.1,inbound,31
ENT-01241,CPT-05618,1,4930.61,2026-07-30 11:29:20,2026-07-30 11:29:20,17.1,inbound,6
ENT-00855,CPT-02330,3,3628.51,2026-05-01 12:54:17,2026-07-10 09:57:57,17.1,inbound;outbound,1
ENT-01403,CPT-03729,1,1845.44,2026-02-02 14:05:55,2026-02-02 14:05:55,17.1,inbound,69
ENT-00549,CPT-04830,2,1165.62,2026-07-10 15:31:09,2026-07-23 18:28:20,17.1,outbound,7
ENT-01349,CPT-03087,1,199.87,2025-10-27 10:30:20,2025-10-27 10:30:20,17.1,outbound,2
ENT-01113,CPT-01861,2,11288.71,2026-02-06 11:25:30,2026-03-02 15:07:52,17.0,inbound,5
ENT-01212,CPT-03342,1,8051.83,2025-10-06 16:37:18,2025-10-06 16:37:18,17.0,outbound,14
ENT-01096,CPT-02784,1,3271.93,2026-02-26 09:03:09,2026-02-26 09:03:09,17.0,outbound,40
ENT-01171,CPT-03472,2,2610.75,2026-01-13 13:13:14,2026-04-22 16:38:36,17.0,outbound,3
ENT-01454,CPT-05189,1,1991.35,2025-09-12 09:46:51,2025-09-12 09:46:51,17.0,inbound,11
ENT-01148,CPT-05691,1,1332.06,2026-06-01 09:23:38,2026-06-01 09:23:38,17.0,inbound,9
ENT-01440,CPT-02821,1,916.49,2026-06-25 14:40:03,2026-06-25 14:40:03,17.0,outbound,28
ENT-01246,CPT-02711,2,798.79,2026-04-17 12:29:04,2026-07-24 14:09:47,17.0,outbound,4
ENT-01280,CPT-04334,1,757.64,2025-11-10 11:02:28,2025-11-10 11:02:28,17.0,inbound,4
ENT-00969,CPT-01852,2,686.73,2025-12-12 15:53:58,2025-12-15 18:51:50,17.0,outbound,2
ENT-01261,CPT-02664,1,635.85,2026-01-20 16:54:04,2026-01-20 16:54:04,17.0,outbound,6
ENT-01347,CPT-05249,1,511.1,2026-05-14 17:21:06,2026-05-14 17:21:06,17.0,inbound,2
ENT-00871,CPT-00998,2,293.49,2025-09-25 19:03:27,2026-02-13 13:18:02,17.0,outbound,3
ENT-00852,CPT-03963,1,76.65,2025-10-13 19:47:04,2025-10-13 19:47:04,17.0,outbound,2
ENT-01105,CPT-01698,4,14606.78,2026-01-19 10:58:29,2026-06-25 16:54:05,16.9,inbound,4
ENT-01189,CPT-03936,2,8408.94,2026-03-17 17:20:29,2026-04-10 15:39:23,16.9,inbound,3
ENT-01403,CPT-01106,2,8238.58,2025-12-01 12:19:38,2026-03-11 11:28:17,16.9,inbound,11
ENT-01120,CPT-01514,1,6591.0,2025-10-29 17:55:33,2025-10-29 17:55:33,16.9,inbound,8
ENT-01196,CPT-04897,1,6096.55,2026-07-23 13:51:50,2026-07-23 13:51:50,16.9,inbound,1
ENT-00079,CPT-01321,4,4907.59,2025-09-10 13:41:24,2026-07-20 10:50:31,16.9,inbound;outbound,2
ENT-01137,CPT-05107,1,2727.59,2025-10-23 09:03:40,2025-10-23 09:03:40,16.9,inbound,15
ENT-01380,CPT-03325,1,2551.66,2026-05-22 09:58:09,2026-05-22 09:58:09,16.9,outbound,3
ENT-01124,CPT-02553,1,305.15,2026-01-21 11:44:06,2026-01-21 11:44:06,16.9,outbound,6
ENT-01196,CPT-01158,3,13698.27,2026-04-15 11:01:42,2026-06-08 16:34:35,16.8,inbound,2
ENT-01288,CPT-03114,1,12434.07,2025-11-10 14:34:46,2025-11-10 14:34:46,16.8,outbound,11
ENT-01169,CPT-04785,3,10313.64,2025-09-18 11:15:06,2026-07-24 10:45:09,16.8,inbound,6
ENT-01137,CPT-01333,1,6973.59,2025-11-03 12:43:49,2025-11-03 12:43:49,16.8,inbound,3
ENT-01119,CPT-02604,1,4383.94,2025-11-25 18:09:20,2025-11-25 18:09:20,16.8,outbound,1
ENT-01060,CPT-01096,1,3738.1,2025-12-29 15:45:33,2025-12-29 15:45:33,16.8,inbound,17
ENT-01377,CPT-00930,1,2570.87,2025-11-20 11:38:23,2025-11-20 11:38:23,16.8,inbound,2
ENT-01103,CPT-02803,1,2440.64,2026-07-09 17:39:32,2026-07-09 17:39:32,16.8,outbound,2
ENT-01477,CPT-03197,1,2085.64,2026-02-16 10:58:49,2026-02-16 10:58:49,16.8,outbound,39
ENT-01397,CPT-05117,1,1380.13,2026-03-10 15:16:39,2026-03-10 15:16:39,16.8,inbound,3
ENT-00624,CPT-01901,3,1333.35,2026-02-05 21:11:14,2026-05-01 12:32:56,16.8,outbound,2
ENT-01115,CPT-04299,1,1136.37,2026-05-13 16:03:42,2026-05-13 16:03:42,16.8,inbound,44
ENT-01432,CPT-02695,1,1069.29,2025-10-15 14:47:21,2025-10-15 14:47:21,16.8,outbound,166
ENT-00104,CPT-00932,2,551.18,2025-09-10 09:34:42,2026-06-23 13:31:50,16.8,outbound,6
ENT-01465,CPT-05450,2,19315.45,2025-10-07 14:41:30,2025-10-30 17:44:00,16.7,inbound,29
ENT-01478,CPT-03242,4,12325.62,2025-09-11 17:49:21,2026-06-15 13:15:34,16.7,outbound,34
ENT-01230,CPT-05045,1,12292.89,2025-11-12 10:59:11,2025-11-12 10:59:11,16.7,inbound,2
ENT-01434,CPT-05179,2,11608.19,2026-03-03 11:58:41,2026-04-24 17:12:48,16.7,inbound,4
ENT-01141,CPT-05450,2,10973.66,2025-08-19 09:53:28,2026-01-06 09:42:28,16.7,inbound,29
ENT-01060,CPT-01478,3,10702.8,2026-03-19 13:00:31,2026-07-14 14:05:26,16.7,inbound,1
ENT-00081,CPT-00592,5,7587.49,2025-10-14 16:55:49,2026-07-28 14:09:43,16.7,inbound;outbound,3
ENT-01297,CPT-03983,2,7275.74,2025-10-06 10:39:08,2026-01-12 11:19:31,16.7,inbound,33
ENT-00855,CPT-01285,4,6592.25,2025-08-13 11:48:21,2026-05-25 10:18:53,16.7,inbound;outbound,25
ENT-01403,CPT-04592,2,6324.88,2026-05-14 09:45:15,2026-06-25 14:28:52,16.7,inbound,17
ENT-01271,CPT-03021,1,4815.2,2026-06-03 11:50:08,2026-06-03 11:50:08,16.7,outbound,2
ENT-01356,CPT-01742,1,3107.25,2025-09-22 15:54:49,2025-09-22 15:54:49,16.7,inbound,27
ENT-01297,CPT-04564,1,1793.43,2025-09-19 09:14:00,2025-09-19 09:14:00,16.7,inbound,5
ENT-01342,CPT-03206,1,809.79,2026-03-27 10:22:11,2026-03-27 10:22:11,16.7,outbound,38
ENT-00246,CPT-01838,3,404.63,2025-09-12 15:17:55,2026-07-09 15:13:39,16.7,inbound;outbound,24
ENT-01226,CPT-05234,2,18779.64,2025-08-29 10:00:58,2026-07-07 14:27:01,16.6,inbound,1
ENT-01372,CPT-01460,4,17420.66,2025-10-07 09:57:36,2026-02-24 16:10:09,16.6,inbound,2
ENT-01299,CPT-05815,4,10234.81,2026-02-11 13:42:54,2026-05-22 10:47:27,16.6,inbound,2
ENT-01293,CPT-03330,2,9840.67,2025-11-20 14:00:53,2026-03-02 15:19:39,16.6,outbound,67
ENT-01169,CPT-05059,4,8439.48,2025-11-04 17:20:44,2026-02-25 15:02:01,16.6,inbound,5
ENT-01204,CPT-01138,1,7393.45,2026-04-23 11:48:53,2026-04-23 11:48:53,16.6,inbound,1
ENT-00880,CPT-01548,4,5406.26,2025-09-24 17:59:50,2026-04-28 13:30:27,16.6,inbound;outbound,4
ENT-01200,CPT-00674,1,3650.39,2025-10-06 17:09:01,2025-10-06 17:09:01,16.6,inbound,2
ENT-01353,CPT-02669,1,2837.93,2025-10-23 17:41:02,2025-10-23 17:41:02,16.6,outbound,4
ENT-01397,CPT-04557,1,2495.57,2026-07-23 10:55:19,2026-07-23 10:55:19,16.6,inbound,2
ENT-01287,CPT-02758,2,2312.4,2025-08-26 11:05:33,2025-11-25 17:51:20,16.6,outbound,35
ENT-01171,CPT-05351,1,1897.51,2025-12-19 14:55:05,2025-12-19 14:55:05,16.6,inbound,2
ENT-00149,CPT-02181,2,629.09,2026-02-12 18:11:25,2026-04-28 12:10:41,16.6,outbound,31
ENT-01348,CPT-03376,1,389.09,2026-04-01 13:58:20,2026-04-01 13:58:20,16.6,outbound,16
ENT-00248,CPT-00851,2,261.69,2025-10-02 12:55:04,2026-07-24 17:45:30,16.6,outbound,2
ENT-01378,CPT-02163,2,19507.71,2026-06-10 15:45:05,2026-06-11 13:02:23,16.5,inbound,7
ENT-01230,CPT-03273,1,8759.53,2026-05-13 09:25:16,2026-05-13 09:25:16,16.5,outbound,1
ENT-01358,CPT-02418,2,8334.85,2025-12-25 17:31:00,2025-12-25 17:57:36,16.5,outbound,28
ENT-01316,CPT-04648,1,6945.01,2026-03-12 14:38:54,2026-03-12 14:38:54,16.5,inbound,1
ENT-01335,CPT-01182,1,6135.02,2026-03-23 15:29:20,2026-03-23 15:29:20,16.5,inbound,3
ENT-01205,CPT-03534,2,5978.84,2025-09-16 12:03:05,2025-10-02 14:59:39,16.5,outbound,30
ENT-01363,CPT-01096,3,5216.82,2025-11-24 12:24:56,2026-04-10 15:39:29,16.5,inbound,17
ENT-01440,CPT-04909,3,4805.99,2025-10-23 14:56:59,2026-03-05 09:58:10,16.5,inbound,2
ENT-01380,CPT-02726,2,3229.12,2025-12-01 17:03:43,2026-06-30 14:22:07,16.5,outbound,2
ENT-01397,CPT-02784,3,2677.69,2025-10-09 13:11:39,2026-05-12 17:09:32,16.5,outbound,40
ENT-01372,CPT-04843,1,2670.88,2025-12-22 13:01:56,2025-12-22 13:01:56,16.5,inbound,8
ENT-01058,CPT-04244,1,1790.67,2025-10-08 14:19:04,2025-10-08 14:19:04,16.5,inbound,4
ENT-01397,CPT-04995,1,1357.85,2025-10-30 14:51:45,2025-10-30 14:51:45,16.5,inbound,4
ENT-01275,CPT-03037,1,1263.75,2025-12-01 09:34:59,2025-12-01 09:34:59,16.5,outbound,10
ENT-01498,CPT-02695,1,1247.33,2025-09-15 15:21:56,2025-09-15 15:21:56,16.5,outbound,166
ENT-01372,CPT-00615,4,27796.93,2025-12-04 16:25:03,2026-06-11 11:01:41,16.4,inbound,1
ENT-01454,CPT-04004,2,16159.87,2025-09-19 14:23:41,2026-01-20 11:22:42,16.4,inbound,7
ENT-01332,CPT-01415,2,15238.58,2026-03-24 17:04:00,2026-05-01 11:56:14,16.4,inbound,1
ENT-01459,CPT-03817,1,15196.34,2026-01-29 14:46:52,2026-01-29 14:46:52,16.4,inbound,9
ENT-01312,CPT-05007,2,12466.17,2026-02-09 17:25:54,2026-02-25 15:32:23,16.4,inbound,9
ENT-01105,CPT-02362,4,11150.4,2025-09-29 10:49:51,2025-12-01 17:17:10,16.4,inbound,4
ENT-01170,CPT-05618,1,7891.2,2025-08-26 15:07:01,2025-08-26 15:07:01,16.4,inbound,6
ENT-01201,CPT-04138,2,7571.08,2026-04-03 10:57:52,2026-07-29 11:08:01,16.4,inbound,2
ENT-01220,CPT-04995,3,7519.58,2025-09-25 11:20:15,2026-06-18 15:11:47,16.4,inbound,4
ENT-01057,CPT-02498,2,6645.89,2026-05-19 12:19:58,2026-07-08 11:43:35,16.4,outbound,45
ENT-01226,CPT-05235,1,6250.3,2025-12-31 09:26:24,2025-12-31 09:26:24,16.4,inbound,1
ENT-01452,CPT-04443,1,2621.94,2025-12-03 09:14:53,2025-12-03 09:14:53,16.4,inbound,4
ENT-01092,CPT-05700,1,2396.63,2025-09-02 14:02:40,2025-09-02 14:02:40,16.4,inbound,3
ENT-01096,CPT-03795,1,1571.12,2026-02-02 13:55:26,2026-02-02 13:55:26,16.4,inbound,9
ENT-01266,CPT-01285,1,1156.38,2026-03-10 17:38:11,2026-03-10 17:38:11,16.4,inbound,25
ENT-01441,CPT-04931,1,876.19,2025-08-15 12:20:15,2025-08-15 12:20:15,16.4,inbound,5
ENT-01246,CPT-02414,1,252.26,2025-10-29 12:43:54,2025-10-29 12:43:54,16.4,outbound,22
ENT-01205,CPT-01771,1,193.2,2026-04-02 17:37:34,2026-04-02 17:37:34,16.4,inbound,2
ENT-00418,CPT-02179,1,100.15,2025-10-15 11:30:04,2025-10-15 11:30:04,16.4,outbound,1
ENT-00821,CPT-02005,1,83.76,2025-12-25 15:59:21,2025-12-25 15:59:21,16.4,outbound,3
ENT-01236,CPT-00646,3,10833.83,2025-10-21 15:50:48,2026-04-20 09:22:47,16.3,inbound,7
ENT-01203,CPT-03795,2,10398.72,2025-11-04 11:21:01,2026-06-29 12:11:48,16.3,inbound,9
ENT-01262,CPT-01010,4,9578.46,2026-02-04 12:12:00,2026-07-29 14:05:08,16.3,inbound,1
ENT-01280,CPT-02356,1,9557.16,2025-08-25 13:49:47,2025-08-25 13:49:47,16.3,inbound,2
ENT-01119,CPT-02467,3,8960.44,2026-03-05 13:24:29,2026-06-25 11:09:53,16.3,outbound,4
ENT-01259,CPT-02975,3,7576.33,2026-01-22 11:04:34,2026-03-12 14:58:21,16.3,outbound,3
ENT-01332,CPT-05366,3,5817.68,2025-09-24 10:59:44,2026-01-21 12:18:03,16.3,inbound,6
ENT-01088,CPT-01096,3,5739.6,2026-03-30 14:01:34,2026-07-21 12:23:42,16.3,inbound,17
ENT-01194,CPT-05254,1,2814.96,2026-07-08 14:25:57,2026-07-08 14:25:57,16.3,inbound,18
ENT-01425,CPT-01333,2,2307.0,2025-10-02 16:17:26,2026-01-19 11:03:07,16.3,inbound,3
ENT-01203,CPT-05642,1,1791.08,2025-10-14 10:57:44,2025-10-14 10:57:44,16.3,inbound,7
ENT-01100,CPT-02748,1,814.11,2025-10-14 12:13:57,2025-10-14 12:13:57,16.3,outbound,13
ENT-01247,CPT-02622,2,351.16,2026-02-05 16:04:26,2026-05-28 13:37:42,16.3,outbound,3
ENT-00197,CPT-01924,1,138.41,2026-01-01 20:40:11,2026-01-01 20:40:11,16.3,outbound,2
ENT-01358,CPT-04037,1,13757.36,2025-12-15 13:44:54,2025-12-15 13:44:54,16.2,inbound,1
ENT-01171,CPT-04975,2,12648.4,2025-08-21 17:31:10,2026-02-18 12:12:56,16.2,inbound,5
ENT-01453,CPT-04445,2,7931.14,2025-09-01 10:14:28,2026-02-20 14:26:39,16.2,inbound,4
ENT-01183,CPT-02867,2,6585.82,2025-08-26 12:23:36,2026-05-06 09:59:00,16.2,outbound,4
ENT-01378,CPT-03729,2,3688.82,2026-02-24 16:43:36,2026-02-25 11:42:39,16.2,inbound,69
ENT-01360,CPT-03865,2,3000.46,2025-12-01 09:48:35,2026-03-13 13:26:46,16.2,inbound,8
ENT-01304,CPT-02418,2,2996.57,2025-09-29 17:07:55,2025-10-10 17:38:14,16.2,outbound,28
ENT-01241,CPT-02486,2,2274.66,2026-06-10 11:31:08,2026-07-14 16:39:19,16.2,outbound,11
ENT-01255,CPT-02784,1,2091.15,2025-12-11 13:20:56,2025-12-11 13:20:56,16.2,outbound,40
ENT-00891,CPT-05451,1,209.83,2026-06-16 20:22:47,2026-06-16 20:22:47,16.2,outbound,2
ENT-01252,CPT-05824,2,22576.73,2026-03-18 11:06:05,2026-05-28 13:09:39,16.1,inbound,13
ENT-01203,CPT-04280,1,14421.97,2026-02-17 11:30:51,2026-02-17 11:30:51,16.1,inbound,7
ENT-01105,CPT-05074,2,10554.73,2026-06-03 09:40:07,2026-06-17 11:22:17,16.1,inbound,2
ENT-01492,CPT-04790,1,7165.28,2026-05-28 11:54:56,2026-05-28 11:54:56,16.1,inbound,7
ENT-01282,CPT-03729,1,4418.72,2026-03-23 12:26:37,2026-03-23 12:26:37,16.1,inbound,69
ENT-01204,CPT-02035,1,3567.24,2026-06-11 12:30:14,2026-06-11 12:30:14,16.1,inbound,2
ENT-01179,CPT-03342,1,743.76,2025-11-11 11:38:39,2025-11-11 11:38:39,16.1,outbound,14
ENT-00589,CPT-01175,1,547.61,2026-07-22 17:15:32,2026-07-22 17:15:32,16.1,outbound,6
ENT-00079,CPT-05039,2,192.08,2025-12-19 15:41:38,2026-06-11 17:59:25,16.1,outbound,17
ENT-01335,CPT-05177,2,17964.23,2025-09-17 16:28:34,2026-01-19 15:51:09,16.0,inbound,4
ENT-01358,CPT-03702,1,14181.98,2025-11-03 13:26:07,2025-11-03 13:26:07,16.0,inbound,7
ENT-01440,CPT-04294,2,7747.2,2025-09-24 17:07:04,2025-11-27 10:44:53,16.0,inbound,6
ENT-01211,CPT-05455,1,3827.69,2025-09-19 17:39:19,2025-09-19 17:39:19,16.0,inbound,5
ENT-01262,CPT-04330,2,3787.02,2025-09-15 17:14:57,2026-06-30 11:24:03,16.0,inbound,6
ENT-01170,CPT-02787,2,2146.58,2025-10-21 14:08:25,2025-10-21 14:19:00,16.0,outbound,42
ENT-01348,CPT-05414,1,547.22,2025-08-18 14:09:53,2025-08-18 14:09:53,16.0,inbound,22
ENT-00430,CPT-02202,2,136.71,2025-10-13 18:28:24,2026-07-03 13:17:11,16.0,outbound,9
ENT-01426,CPT-04971,1,10545.92,2025-12-03 11:14:22,2025-12-03 11:14:22,15.9,inbound,2
ENT-01386,CPT-05017,2,9091.81,2026-01-13 15:57:33,2026-03-30 16:30:05,15.9,inbound,64
ENT-01332,CPT-02821,3,8187.03,2025-10-16 14:50:48,2026-01-16 16:08:50,15.9,outbound,28
ENT-01474,CPT-03144,1,7081.02,2026-02-13 10:22:28,2026-02-13 10:22:28,15.9,outbound,4
ENT-01222,CPT-04425,1,4476.39,2025-11-14 17:58:23,2025-11-14 17:58:23,15.9,inbound,18
ENT-01324,CPT-04676,2,4207.46,2025-11-10 12:36:47,2026-04-10 11:14:36,15.9,inbound,5
ENT-01297,CPT-01449,1,3850.79,2026-03-31 09:49:51,2026-03-31 09:49:51,15.9,inbound,7
ENT-01246,CPT-02669,1,3305.13,2026-02-17 11:18:29,2026-02-17 11:18:29,15.9,outbound,4
ENT-01305,CPT-05086,1,2525.74,2026-07-03 16:03:52,2026-07-03 16:03:52,15.9,inbound,15
ENT-01426,CPT-01431,1,2220.38,2026-03-03 11:07:39,2026-03-03 11:07:39,15.9,inbound,16
ENT-01257,CPT-01868,1,2115.38,2025-10-27 16:36:32,2025-10-27 16:36:32,15.9,inbound,1
ENT-01277,CPT-05274,1,2017.32,2026-06-23 16:47:20,2026-06-23 16:47:20,15.9,inbound,2
ENT-01407,CPT-04420,2,15666.96,2026-05-07 09:41:42,2026-05-15 09:31:11,15.8,inbound,2
ENT-01230,CPT-04527,2,15393.63,2025-12-15 10:36:16,2026-01-12 09:30:19,15.8,inbound,7
ENT-01236,CPT-03116,1,14825.85,2026-04-23 17:02:48,2026-04-23 17:02:48,15.8,outbound,17
ENT-01212,CPT-05026,2,12516.39,2025-09-29 15:07:27,2026-06-19 15:00:36,15.8,inbound,1
ENT-01260,CPT-05259,1,10209.72,2026-01-20 12:33:13,2026-01-20 12:33:13,15.8,inbound,16
ENT-01010,CPT-00998,6,8530.25,2025-09-08 14:20:04,2026-07-07 15:58:24,15.8,inbound;outbound,3
ENT-01194,CPT-03616,1,7495.5,2026-07-23 16:48:29,2026-07-23 16:48:29,15.8,inbound,3
ENT-01206,CPT-04117,3,7277.9,2026-02-18 11:25:24,2026-06-16 14:27:47,15.8,inbound,2
ENT-01057,CPT-04832,1,6957.86,2026-05-20 12:19:04,2026-05-20 12:19:04,15.8,inbound,25
ENT-01440,CPT-03919,3,6062.41,2025-10-15 09:01:14,2026-03-19 11:49:27,15.8,inbound,5
ENT-01331,CPT-02864,2,3286.47,2025-12-19 09:41:35,2026-07-10 15:50:03,15.8,outbound,10
ENT-01391,CPT-02498,1,1665.02,2026-05-11 16:31:21,2026-05-11 16:31:21,15.8,outbound,45
ENT-01332,CPT-05554,2,14345.63,2026-03-24 09:09:19,2026-07-28 17:10:31,15.7,inbound,4
ENT-01241,CPT-03275,3,11309.01,2026-01-27 12:10:35,2026-07-02 16:36:09,15.7,outbound,1
ENT-01236,CPT-03518,1,9111.52,2026-04-07 09:32:25,2026-04-07 09:32:25,15.7,outbound,3
ENT-01372,CPT-05618,3,5702.65,2025-11-10 09:48:16,2026-07-20 11:57:28,15.7,inbound,6
ENT-01324,CPT-03360,3,4335.18,2025-09-17 14:29:10,2026-06-29 16:36:00,15.7,outbound,8
ENT-01425,CPT-05867,3,3361.96,2025-11-11 10:53:54,2026-07-03 14:43:22,15.7,inbound,4
ENT-01332,CPT-02687,2,617.46,2025-12-29 09:28:14,2026-06-05 14:59:09,15.7,outbound,15
ENT-01440,CPT-03297,1,412.25,2026-02-18 13:41:22,2026-02-18 13:41:22,15.7,outbound,110
ENT-01005,CPT-01968,1,80.71,2025-12-29 09:20:18,2025-12-29 09:20:18,15.7,outbound,6
ENT-01387,CPT-04832,2,13913.29,2025-10-16 10:01:23,2026-01-26 09:04:03,15.6,inbound,25
ENT-01133,CPT-04785,3,13628.49,2025-10-07 11:03:04,2026-04-29 12:59:49,15.6,inbound,6
ENT-01414,CPT-04311,1,11383.37,2025-11-05 12:51:41,2025-11-05 12:51:41,15.6,inbound,4
ENT-01148,CPT-02227,1,10084.33,2026-04-13 11:30:17,2026-04-13 11:30:17,15.6,inbound,12
ENT-01119,CPT-02357,2,6189.14,2025-12-23 17:15:50,2026-03-26 10:52:22,15.6,inbound,4
ENT-01299,CPT-04219,2,4525.88,2025-11-26 16:26:51,2026-03-12 17:50:58,15.6,inbound,5
ENT-01220,CPT-04942,1,3880.67,2025-12-08 15:56:15,2025-12-08 15:56:15,15.6,inbound,36
ENT-01397,CPT-05224,1,3327.69,2026-05-19 10:38:09,2026-05-19 10:38:09,15.6,inbound,2
ENT-01194,CPT-02092,1,2145.69,2026-02-10 10:49:56,2026-02-10 10:49:56,15.6,inbound,2
ENT-01427,CPT-02929,1,500.0,2026-07-27 17:33:52,2026-07-27 17:33:52,15.6,outbound,15
ENT-00577,CPT-04334,1,103.43,2025-10-08 12:47:25,2025-10-08 12:47:25,15.6,outbound,4
ENT-01184,CPT-02066,3,34327.6,2025-09-29 17:13:27,2026-03-23 12:32:12,15.5,inbound,1
ENT-01179,CPT-04810,3,8300.54,2025-09-17 15:03:41,2026-06-09 17:46:39,15.5,inbound,2
ENT-01411,CPT-05137,2,4870.34,2025-09-05 09:39:35,2026-02-09 14:05:22,15.5,inbound,4
ENT-01339,CPT-03859,2,4604.45,2025-12-05 16:55:25,2026-06-05 14:16:01,15.5,inbound,1
ENT-01167,CPT-02446,1,4392.88,2026-07-09 12:15:40,2026-07-09 12:15:40,15.5,outbound,3
ENT-01378,CPT-03008,1,3476.8,2026-06-16 12:43:57,2026-06-16 12:43:57,15.5,outbound,6
ENT-00891,CPT-04661,1,1036.2,2026-06-30 12:12:22,2026-06-30 12:12:22,15.5,outbound,26
ENT-01340,CPT-03330,1,388.71,2025-12-12 12:29:09,2025-12-12 12:29:09,15.5,outbound,67
ENT-01440,CPT-01423,4,14703.26,2025-11-07 16:02:40,2026-03-03 11:22:43,15.4,inbound,4
ENT-01403,CPT-04061,1,12884.71,2026-02-27 09:30:42,2026-02-27 09:30:42,15.4,inbound,1
ENT-01467,CPT-03755,1,12373.54,2026-02-02 09:27:50,2026-02-02 09:27:50,15.4,inbound,3
ENT-01261,CPT-03534,4,9346.58,2025-09-23 13:25:36,2026-07-14 09:52:39,15.4,outbound,30
ENT-01205,CPT-04672,3,9121.62,2025-10-23 13:19:50,2026-04-23 15:24:10,15.4,inbound,14
ENT-01183,CPT-05203,1,5327.92,2026-01-02 15:05:22,2026-01-02 15:05:22,15.4,inbound,1
ENT-01191,CPT-02498,1,4286.0,2025-08-14 14:32:02,2025-08-14 14:32:02,15.4,outbound,45
ENT-01319,CPT-02843,1,4183.25,2026-01-13 17:05:11,2026-01-13 17:05:11,15.4,outbound,6
ENT-01497,CPT-03416,1,2214.64,2026-06-02 10:34:26,2026-06-02 10:34:26,15.4,outbound,2
ENT-01057,CPT-03541,1,2078.31,2025-12-24 09:51:37,2025-12-24 09:51:37,15.4,outbound,2
ENT-01155,CPT-02431,2,1813.91,2025-12-29 10:47:17,2026-04-01 12:06:01,15.4,outbound,30
ENT-01150,CPT-02851,1,1620.51,2026-04-15 16:33:34,2026-04-15 16:33:34,15.4,outbound,2
ENT-01352,CPT-01538,1,1361.19,2026-07-09 09:38:32,2026-07-09 09:38:32,15.4,inbound,1
ENT-01360,CPT-05323,4,17210.1,2025-12-18 15:25:51,2026-07-28 14:03:35,15.3,inbound,2
ENT-01492,CPT-00977,1,14285.42,2026-02-24 12:20:37,2026-02-24 12:20:37,15.3,inbound,2
ENT-01057,CPT-03969,1,8432.13,2026-03-04 16:38:37,2026-03-04 16:38:37,15.3,inbound,2
ENT-01462,CPT-02239,2,7048.41,2026-01-15 11:03:32,2026-06-09 16:45:35,15.3,inbound,4
ENT-01191,CPT-03074,2,5386.95,2026-01-29 09:59:44,2026-04-21 17:20:42,15.3,outbound,1
ENT-01494,CPT-05086,1,4634.86,2025-11-19 13:11:06,2025-11-19 13:11:06,15.3,inbound,15
ENT-01467,CPT-05509,2,2997.65,2025-10-22 17:00:45,2026-06-30 09:37:17,15.3,inbound,14
ENT-01213,CPT-02629,1,1410.1,2025-09-16 17:04:35,2025-09-16 17:04:35,15.3,outbound,5
ENT-01323,CPT-03144,1,834.42,2025-10-24 11:06:18,2025-10-24 11:06:18,15.3,outbound,4
ENT-01153,CPT-05177,1,355.57,2025-09-03 13:41:18,2025-09-03 13:41:18,15.3,inbound,4
ENT-00969,CPT-05799,1,86.21,2025-09-23 18:22:36,2025-09-23 18:22:36,15.3,outbound,2
ENT-01182,CPT-03695,2,21080.79,2025-11-18 12:29:19,2026-06-08 10:17:36,15.2,inbound,12
ENT-01096,CPT-02858,4,15009.91,2025-10-01 17:40:32,2026-07-28 14:07:02,15.2,outbound,6
ENT-01395,CPT-04337,2,12583.03,2025-11-03 15:24:51,2026-05-07 12:14:51,15.2,inbound,10
ENT-01252,CPT-01666,2,10921.62,2025-10-06 09:02:19,2025-11-14 11:25:32,15.2,inbound,2
ENT-01115,CPT-04577,4,3828.97,2025-09-17 09:41:09,2026-07-03 15:34:55,15.2,inbound,4
ENT-01386,CPT-04917,1,3589.52,2025-09-12 15:33:44,2025-09-12 15:33:44,15.2,inbound,3
ENT-01386,CPT-02414,1,1994.6,2026-07-16 10:40:06,2026-07-16 10:40:06,15.2,outbound,22
ENT-00387,CPT-01708,1,1579.68,2025-12-15 19:38:22,2025-12-15 19:38:22,15.2,outbound,7
ENT-01237,CPT-04299,1,1521.52,2026-06-24 14:53:24,2026-06-24 14:53:24,15.2,inbound,44
ENT-01292,CPT-04832,2,1398.77,2025-09-04 16:28:33,2025-12-31 12:36:12,15.2,inbound,25
ENT-01042,CPT-02161,1,445.98,2025-10-31 09:35:23,2025-10-31 09:35:23,15.2,outbound,27
ENT-00821,CPT-03729,1,379.78,2025-11-12 18:53:05,2025-11-12 18:53:05,15.2,outbound,69
ENT-01152,CPT-03593,3,13956.11,2026-01-13 10:51:04,2026-05-28 16:55:30,15.1,inbound,8
ENT-01353,CPT-05514,3,13653.63,2026-03-20 14:56:21,2026-03-27 16:45:14,15.1,inbound,1
ENT-01449,CPT-05039,2,7310.49,2025-10-21 16:41:42,2026-04-14 10:12:58,15.1,inbound,17
ENT-01204,CPT-05185,1,4502.63,2026-01-06 12:52:16,2026-01-06 12:52:16,15.1,inbound,2
ENT-01395,CPT-00657,2,4435.9,2025-09-19 09:45:15,2025-10-23 17:44:59,15.1,inbound,4
ENT-01410,CPT-02786,1,3831.67,2025-10-13 13:01:32,2025-10-13 13:01:32,15.1,outbound,2
ENT-01356,CPT-01431,1,2943.45,2026-03-06 15:14:43,2026-03-06 15:14:43,15.1,inbound,16
ENT-01133,CPT-05218,1,2808.47,2025-11-25 13:51:18,2025-11-25 13:51:18,15.1,inbound,2
ENT-01342,CPT-02690,1,2011.74,2026-03-25 15:21:10,2026-03-25 15:21:10,15.1,outbound,6
ENT-01141,CPT-05954,1,1789.56,2026-07-09 12:25:59,2026-07-09 12:25:59,15.1,inbound,6
ENT-00492,CPT-04678,2,134.44,2025-09-12 19:14:59,2025-10-01 20:19:29,15.1,outbound,8
ENT-01349,CPT-04674,3,12202.57,2025-12-23 12:29:45,2026-03-31 14:41:50,15.0,inbound,5
ENT-01083,CPT-00989,2,6267.35,2026-05-13 09:29:25,2026-07-31 10:20:05,15.0,inbound,2
ENT-01126,CPT-00699,3,5983.16,2025-12-19 17:07:39,2026-04-22 17:16:04,15.0,inbound,2
ENT-01372,CPT-03650,1,4945.46,2026-06-30 09:54:29,2026-06-30 09:54:29,15.0,inbound,1
ENT-01339,CPT-01563,1,3495.58,2025-09-22 14:03:27,2025-09-22 14:03:27,15.0,inbound,4
ENT-01347,CPT-03297,4,3241.33,2025-09-23 09:22:23,2026-03-10 12:19:39,15.0,outbound,110
ENT-01497,CPT-03197,1,2159.45,2026-06-30 14:51:43,2026-06-30 14:51:43,15.0,outbound,39
ENT-01449,CPT-01262,5,17759.46,2025-09-23 09:52:27,2026-03-20 16:29:52,14.9,inbound,2
ENT-01448,CPT-03258,3,13386.68,2025-10-28 13:38:21,2026-06-18 16:30:05,14.9,outbound,6
ENT-01122,CPT-04942,3,9038.79,2025-10-10 10:00:40,2026-05-12 16:05:04,14.9,inbound,36
ENT-01342,CPT-03174,1,7161.59,2026-01-30 12:06:00,2026-01-30 12:06:00,14.9,outbound,6
ENT-01255,CPT-05078,1,7059.33,2025-11-20 09:58:12,2025-11-20 09:58:12,14.9,inbound,49
ENT-01197,CPT-02897,1,693.03,2026-07-28 15:51:27,2026-07-28 15:51:27,14.9,outbound,1
ENT-01342,CPT-05933,2,10704.9,2025-09-23 09:54:57,2026-04-02 13:39:40,14.8,inbound,4
ENT-01200,CPT-04891,1,7849.12,2026-01-09 09:41:59,2026-01-09 09:41:59,14.8,inbound,11
ENT-01326,CPT-03330,1,6000.86,2025-09-22 15:56:26,2025-09-22 15:56:26,14.8,outbound,67
ENT-00424,CPT-01643,3,5690.45,2025-11-13 13:19:28,2026-05-15 17:12:59,14.8,inbound,5
ENT-01332,CPT-04010,1,3872.13,2026-02-09 17:31:53,2026-02-09 17:31:53,14.8,inbound,2
ENT-01179,CPT-02493,1,2813.46,2026-05-27 13:52:57,2026-05-27 13:52:57,14.8,outbound,101
ENT-00855,CPT-01727,1,1124.44,2026-07-16 09:41:10,2026-07-16 09:41:10,14.8,inbound,12
ENT-00698,CPT-05039,2,356.22,2025-12-24 12:10:41,2026-01-07 12:26:14,14.8,outbound,17
ENT-00980,CPT-05642,1,178.75,2026-07-16 08:03:31,2026-07-16 08:03:31,14.8,outbound,7
ENT-00197,CPT-02136,1,89.81,2025-10-06 18:09:50,2025-10-06 18:09:50,14.8,outbound,5
ENT-01410,CPT-04785,3,20838.79,2026-01-12 12:43:13,2026-06-22 16:37:31,14.7,inbound,6
ENT-01151,CPT-04299,2,10492.79,2025-10-30 13:03:08,2026-02-04 11:14:57,14.7,inbound,44
ENT-01085,CPT-04945,2,4792.78,2025-11-06 12:01:12,2026-02-06 11:31:32,14.7,inbound,24
ENT-01380,CPT-01026,2,4761.03,2026-02-25 17:18:52,2026-04-27 14:47:51,14.7,inbound,3
ENT-01378,CPT-05017,1,4130.87,2025-11-27 11:38:25,2025-11-27 11:38:25,14.7,inbound,64
ENT-01199,CPT-03422,2,3647.07,2026-05-20 15:51:13,2026-07-17 12:25:14,14.7,outbound,2
ENT-01094,CPT-03052,1,3439.41,2025-12-09 10:05:41,2025-12-09 10:05:41,14.7,outbound,2
ENT-01176,CPT-02162,1,2456.72,2026-07-21 17:36:14,2026-07-21 17:36:14,14.7,inbound,1
ENT-01335,CPT-05254,1,1501.72,2025-08-28 09:22:38,2025-08-28 09:22:38,14.7,inbound,18
ENT-01096,CPT-04661,2,1344.61,2025-08-20 16:44:36,2025-10-16 16:17:48,14.7,inbound,26
ENT-01096,CPT-02240,1,843.53,2025-11-05 14:06:06,2025-11-05 14:06:06,14.7,inbound,3
ENT-01397,CPT-03729,1,299.0,2025-08-11 14:07:28,2025-08-11 14:07:28,14.7,inbound,69
ENT-01395,CPT-01295,1,14897.78,2026-05-08 10:53:16,2026-05-08 10:53:16,14.6,inbound,2
ENT-01071,CPT-04329,3,13966.51,2025-12-17 13:42:39,2026-05-22 11:17:56,14.6,inbound,2
ENT-01397,CPT-03688,1,9659.01,2026-01-23 09:10:09,2026-01-23 09:10:09,14.6,inbound,1
ENT-01150,CPT-01734,3,6305.95,2026-06-15 13:41:53,2026-07-24 11:42:34,14.6,inbound,3
ENT-01182,CPT-01326,1,6137.33,2026-04-13 13:53:40,2026-04-13 13:53:40,14.6,inbound,3
ENT-01345,CPT-01714,1,5111.83,2026-07-20 16:04:23,2026-07-20 16:04:23,14.6,inbound,3
ENT-01230,CPT-04114,1,4425.23,2026-04-29 13:14:23,2026-04-29 13:14:23,14.6,inbound,19
ENT-01224,CPT-05711,2,3562.85,2025-09-24 09:22:02,2026-03-11 10:44:31,14.6,inbound,5
ENT-01103,CPT-03205,2,2932.14,2025-11-04 16:23:32,2026-06-24 09:29:50,14.6,outbound,5
ENT-01297,CPT-02448,1,2265.54,2026-03-12 11:57:00,2026-03-12 11:57:00,14.6,outbound,2
ENT-01090,CPT-03361,1,577.68,2026-01-20 14:56:17,2026-01-20 14:56:17,14.6,outbound,3
ENT-01199,CPT-02965,2,8852.61,2025-09-03 17:44:04,2025-11-21 09:02:11,14.5,outbound,4
ENT-00424,CPT-00774,2,7941.38,2026-06-26 13:44:22,2026-07-06 12:36:58,14.5,inbound,13
ENT-01281,CPT-03330,2,7685.59,2026-02-24 16:38:50,2026-04-21 10:16:48,14.5,outbound,67
ENT-01449,CPT-03731,1,7051.75,2026-06-19 13:59:15,2026-06-19 13:59:15,14.5,inbound,22
ENT-01476,CPT-01551,1,3489.09,2026-07-24 14:11:58,2026-07-24 14:11:58,14.5,inbound,7
ENT-00902,CPT-01293,2,2437.85,2026-01-16 20:03:11,2026-01-29 17:14:48,14.5,inbound;outbound,7
ENT-01335,CPT-02768,1,1413.72,2026-03-24 17:28:48,2026-03-24 17:28:48,14.5,outbound,2
ENT-00917,CPT-05072,4,959.79,2025-12-10 17:48:09,2026-01-12 19:31:01,14.5,outbound,31
ENT-01466,CPT-05237,1,296.35,2026-07-28 16:04:10,2026-07-28 16:04:10,14.5,inbound,3
ENT-00981,CPT-01096,1,103.68,2025-10-06 09:23:54,2025-10-06 09:23:54,14.5,outbound,17
ENT-01453,CPT-03975,3,11306.38,2026-02-03 17:18:34,2026-05-21 09:42:38,14.4,inbound,1
ENT-01380,CPT-02500,1,10733.4,2025-09-10 16:32:47,2025-09-10 16:32:47,14.4,outbound,60
ENT-01218,CPT-02657,3,9244.73,2025-09-30 17:47:01,2026-06-04 15:11:39,14.4,outbound,4
ENT-01120,CPT-05799,2,7888.49,2025-10-13 14:51:10,2026-01-28 16:28:18,14.4,inbound,2
ENT-01175,CPT-01285,3,7155.48,2025-08-28 13:27:49,2025-10-08 10:13:10,14.4,inbound,25
ENT-01341,CPT-05259,2,6626.53,2025-09-17 12:53:50,2025-12-29 11:58:53,14.4,inbound,16
ENT-01342,CPT-05132,2,3852.6,2025-10-20 16:13:17,2025-11-07 15:55:32,14.4,inbound,4
ENT-01395,CPT-05301,1,1603.91,2026-07-29 10:03:05,2026-07-29 10:03:05,14.4,inbound,6
ENT-00296,CPT-02368,2,1253.9,2026-01-22 10:39:34,2026-02-10 20:58:44,14.4,outbound,3
ENT-00278,CPT-05414,1,228.99,2026-02-10 10:39:49,2026-02-10 10:39:49,14.4,outbound,22
ENT-01339,CPT-01350,3,14185.37,2025-10-03 16:59:17,2026-02-12 11:34:01,14.3,inbound,4
ENT-01333,CPT-04917,3,7209.2,2025-11-13 09:36:10,2026-03-02 13:39:20,14.3,inbound,3
ENT-01211,CPT-02498,2,5114.72,2026-01-30 09:54:46,2026-04-28 16:39:53,14.3,outbound,45
ENT-01425,CPT-02354,2,4310.01,2025-11-27 17:45:44,2026-07-03 12:03:38,14.3,inbound,2
ENT-01237,CPT-03933,1,2955.71,2026-05-18 16:31:06,2026-05-18 16:31:06,14.3,inbound,15
ENT-01378,CPT-03330,2,2846.68,2025-09-18 12:02:01,2025-10-02 13:22:45,14.3,outbound,67
ENT-01340,CPT-02664,2,2381.6,2025-12-08 16:38:15,2026-01-26 12:56:36,14.3,outbound,6
ENT-01486,CPT-05017,1,947.76,2026-03-06 14:55:42,2026-03-06 14:55:42,14.3,inbound,64
ENT-01150,CPT-03206,1,684.74,2025-09-22 17:09:21,2025-09-22 17:09:21,14.3,outbound,38
ENT-00210,CPT-01112,1,332.48,2025-09-04 17:28:44,2025-09-04 17:28:44,14.3,outbound,49
ENT-01126,CPT-01383,2,15444.75,2025-11-17 14:08:02,2026-05-05 14:39:01,14.2,inbound,13
ENT-01402,CPT-04808,2,7722.46,2025-11-06 17:39:23,2026-05-19 10:33:32,14.2,inbound,6
ENT-01410,CPT-02185,2,5153.01,2025-11-19 16:55:21,2026-06-23 09:06:44,14.2,inbound,2
ENT-01088,CPT-04935,1,2821.45,2026-07-22 10:37:04,2026-07-22 10:37:04,14.2,inbound,7
ENT-01060,CPT-05242,1,2201.17,2026-07-08 11:14:50,2026-07-08 11:14:50,14.2,inbound,3
ENT-01281,CPT-02870,1,1833.38,2026-01-09 12:54:53,2026-01-09 12:54:53,14.2,outbound,54
ENT-01153,CPT-04320,2,1506.05,2025-10-24 09:45:57,2026-03-20 15:41:25,14.2,inbound,1
ENT-01377,CPT-00735,1,557.52,2025-10-23 12:34:07,2025-10-23 12:34:07,14.2,inbound,14
ENT-01226,CPT-01724,1,12264.8,2026-07-09 12:20:20,2026-07-09 12:20:20,14.1,inbound,3
ENT-01119,CPT-04830,1,7842.25,2025-12-24 11:26:50,2025-12-24 11:26:50,14.1,inbound,7
ENT-01189,CPT-00943,1,7282.07,2026-04-21 14:55:54,2026-04-21 14:55:54,14.1,inbound,2
ENT-01228,CPT-04564,2,6647.96,2026-01-06 11:33:07,2026-04-22 09:04:18,14.1,inbound,5
ENT-01217,CPT-02695,1,6278.84,2025-09-09 10:06:34,2025-09-09 10:06:34,14.1,outbound,166
ENT-01060,CPT-05189,1,4481.21,2025-09-02 16:21:24,2025-09-02 16:21:24,14.1,inbound,11
ENT-01297,CPT-05319,2,3768.18,2026-01-26 13:05:36,2026-04-10 15:06:32,14.1,inbound,4
ENT-01297,CPT-02498,1,2109.84,2026-02-12 12:04:52,2026-02-12 12:04:52,14.1,outbound,45
ENT-01196,CPT-05635,1,1773.96,2025-12-19 16:26:18,2025-12-19 16:26:18,14.1,inbound,4
ENT-01096,CPT-04945,1,769.54,2025-10-09 17:21:28,2025-10-09 17:21:28,14.1,inbound,24
ENT-01416,CPT-03081,1,683.7,2025-11-27 12:32:18,2025-11-27 12:32:18,14.1,outbound,2
ENT-01177,CPT-03139,1,362.95,2025-10-27 14:30:52,2025-10-27 14:30:52,14.1,outbound,21
ENT-00227,CPT-00736,1,72.76,2026-04-15 20:19:24,2026-04-15 20:19:24,14.1,outbound,2
ENT-01241,CPT-02473,2,7145.62,2026-04-23 09:26:19,2026-05-15 11:31:48,14.0,outbound,4
ENT-01071,CPT-03390,3,5518.96,2025-08-25 15:33:08,2026-06-25 14:17:08,14.0,outbound,8
ENT-01432,CPT-03039,2,5469.86,2026-05-04 10:54:59,2026-05-12 11:53:30,14.0,outbound,2
ENT-01108,CPT-05509,1,5357.25,2026-05-04 16:10:10,2026-05-04 16:10:10,14.0,inbound,14
ENT-01237,CPT-05509,2,4960.96,2025-12-17 17:16:12,2026-02-05 13:37:11,14.0,inbound,14
ENT-01171,CPT-05706,1,3117.86,2026-01-01 10:15:38,2026-01-01 10:15:38,14.0,inbound,14
ENT-01432,CPT-01440,1,3103.6,2026-01-27 16:47:27,2026-01-27 16:47:27,14.0,inbound,22
ENT-01085,CPT-02843,1,1308.14,2026-05-26 14:21:16,2026-05-26 14:21:16,14.0,outbound,6
ENT-01162,CPT-02870,1,1051.08,2026-05-05 15:05:17,2026-05-05 15:05:17,14.0,outbound,54
ENT-01347,CPT-02715,1,500.0,2025-12-19 13:34:01,2025-12-19 13:34:01,14.0,outbound,13
ENT-00882,CPT-01766,1,366.39,2026-06-16 12:47:08,2026-06-16 12:47:08,14.0,outbound,1
ENT-01386,CPT-02274,2,14821.21,2026-04-24 16:41:14,2026-06-25 13:50:51,13.9,inbound,1
ENT-01372,CPT-02720,2,2362.25,2025-08-27 14:08:33,2025-09-24 16:54:17,13.9,outbound,5
ENT-00526,CPT-01927,2,264.6,2025-11-03 12:20:40,2026-03-03 08:11:59,13.9,outbound,18
ENT-01341,CPT-03128,5,12184.44,2025-12-09 15:31:55,2026-05-28 11:47:19,13.8,outbound,10
ENT-01434,CPT-04384,4,8832.87,2025-12-05 09:36:19,2026-06-04 17:29:20,13.8,inbound,1
ENT-01055,CPT-01039,2,5821.65,2025-11-05 15:43:14,2026-07-27 11:04:30,13.8,inbound,2
ENT-00042,CPT-01440,2,4233.79,2025-08-11 11:54:34,2026-04-20 09:16:42,13.8,inbound,22
ENT-01155,CPT-02712,2,3493.35,2026-06-26 12:12:38,2026-07-03 17:06:21,13.8,outbound,4
ENT-01335,CPT-02870,2,2351.74,2026-01-19 09:37:30,2026-05-08 14:52:04,13.8,outbound,54
ENT-01441,CPT-04676,1,1325.82,2026-06-26 11:42:48,2026-06-26 11:42:48,13.8,inbound,5
ENT-01231,CPT-02821,1,1070.67,2025-09-22 11:34:46,2025-09-22 11:34:46,13.8,outbound,28
ENT-01128,CPT-03558,1,1062.23,2026-01-19 11:18:06,2026-01-19 11:18:06,13.8,outbound,7
ENT-01119,CPT-03933,1,726.89,2026-01-12 14:42:27,2026-01-12 14:42:27,13.8,inbound,15
ENT-01497,CPT-04540,1,522.58,2026-07-16 16:36:57,2026-07-16 16:36:57,13.8,inbound,1
ENT-00120,CPT-03729,1,82.78,2025-08-20 19:05:50,2025-08-20 19:05:50,13.8,outbound,69
ENT-01324,CPT-01791,3,13208.94,2025-11-10 11:10:35,2026-06-04 13:22:50,13.7,inbound,2
ENT-01247,CPT-05171,1,2561.9,2026-01-22 14:15:09,2026-01-22 14:15:09,13.7,inbound,1
ENT-01335,CPT-04999,1,1395.54,2026-05-12 17:55:48,2026-05-12 17:55:48,13.7,inbound,3
ENT-01342,CPT-01047,1,795.53,2025-11-07 13:40:31,2025-11-07 13:40:31,13.7,inbound,9
ENT-00882,CPT-00970,1,479.44,2025-09-19 13:29:51,2025-09-19 13:29:51,13.7,outbound,1
ENT-00642,CPT-04855,1,252.0,2025-11-06 19:16:39,2025-11-06 19:16:39,13.7,outbound,18
ENT-00982,CPT-01914,1,23.58,2026-06-19 17:56:16,2026-06-19 17:56:16,13.7,outbound,1
ENT-00694,CPT-04855,1,18.55,2025-08-27 16:13:16,2025-08-27 16:13:16,13.7,outbound,18
ENT-01260,CPT-01203,3,13327.08,2025-12-15 11:29:25,2026-03-30 11:05:44,13.6,inbound,1
ENT-01255,CPT-04189,4,12716.04,2025-11-10 14:01:11,2025-12-30 16:57:54,13.6,inbound,1
ENT-01152,CPT-02287,1,10166.92,2025-12-30 14:09:56,2025-12-30 14:09:56,13.6,inbound,2
ENT-01103,CPT-04299,2,7473.41,2025-10-10 17:24:40,2026-02-06 17:23:20,13.6,inbound,44
ENT-01281,CPT-04280,3,6716.06,2025-12-03 12:13:45,2026-06-23 13:51:59,13.6,inbound,7
ENT-01335,CPT-03448,2,5520.29,2026-03-03 14:28:59,2026-04-01 12:54:43,13.6,outbound,12
ENT-01395,CPT-05015,1,4618.36,2026-02-05 14:28:05,2026-02-05 14:28:05,13.6,inbound,1
ENT-01090,CPT-03005,1,3967.24,2026-01-29 16:23:28,2026-01-29 16:23:28,13.6,outbound,6
ENT-01323,CPT-02944,1,2575.67,2026-03-23 11:15:33,2026-03-23 11:15:33,13.6,outbound,2
ENT-00981,CPT-01073,3,1336.66,2025-11-20 20:27:26,2026-06-17 12:16:45,13.6,outbound,2
ENT-01171,CPT-03200,1,439.91,2025-12-01 13:08:36,2025-12-01 13:08:36,13.6,outbound,4
ENT-01103,CPT-03525,2,10064.3,2025-10-06 11:09:09,2026-07-20 10:04:59,13.5,outbound,5
ENT-01092,CPT-03817,2,7922.63,2025-08-22 14:27:53,2026-01-20 11:41:30,13.5,inbound,9
ENT-01280,CPT-01054,1,7839.25,2026-07-31 11:39:39,2026-07-31 11:39:39,13.5,inbound,1
ENT-01222,CPT-03949,1,4966.84,2026-02-02 15:07:10,2026-02-02 15:07:10,13.5,inbound,11
ENT-01178,CPT-01398,1,2835.88,2025-09-26 17:43:59,2025-09-26 17:43:59,13.5,inbound,2
ENT-01150,CPT-02695,1,1116.84,2025-08-28 14:34:00,2025-08-28 14:34:00,13.5,outbound,166
ENT-00718,CPT-00644,2,642.87,2025-09-04 08:09:53,2025-09-19 10:31:15,13.5,outbound,1
ENT-01122,CPT-00897,2,10049.1,2025-09-23 11:50:27,2025-12-12 13:29:23,13.4,inbound,4
ENT-01455,CPT-03414,3,6432.24,2025-10-08 15:29:49,2026-04-28 17:19:38,13.4,outbound,8
ENT-01348,CPT-05022,1,6122.3,2025-09-25 16:02:44,2025-09-25 16:02:44,13.4,inbound,9
ENT-01311,CPT-05022,2,5408.96,2025-08-18 09:17:46,2026-02-19 14:05:57,13.4,inbound,9
ENT-01241,CPT-04661,1,5164.17,2026-03-30 13:42:40,2026-03-30 13:42:40,13.4,inbound,26
ENT-01426,CPT-01892,1,3789.82,2026-07-09 10:55:10,2026-07-09 10:55:10,13.4,inbound,1
ENT-01141,CPT-05031,1,3571.53,2026-06-24 11:23:15,2026-06-24 11:23:15,13.4,inbound,5
ENT-01051,CPT-05301,1,3540.28,2026-01-07 16:22:50,2026-01-07 16:22:50,13.4,inbound,6
ENT-01331,CPT-01285,2,3295.69,2026-01-09 15:37:14,2026-03-18 13:43:05,13.4,inbound,25
ENT-01280,CPT-04832,1,3201.32,2025-12-24 15:44:42,2025-12-24 15:44:42,13.4,inbound,25
ENT-01247,CPT-03934,1,2078.14,2025-10-15 09:50:07,2025-10-15 09:50:07,13.4,inbound,4
ENT-01169,CPT-03448,2,1945.64,2026-04-10 14:21:15,2026-04-27 15:39:06,13.4,outbound,12
ENT-01395,CPT-03643,1,1678.41,2026-07-23 09:05:19,2026-07-23 09:05:19,13.4,inbound,2
ENT-00653,CPT-01020,1,450.76,2025-10-02 12:04:21,2025-10-02 12:04:21,13.4,inbound,11
ENT-01137,CPT-04860,1,10828.59,2026-02-03 17:11:29,2026-02-03 17:11:29,13.3,inbound,4
ENT-01055,CPT-04808,1,8532.68,2026-05-26 09:07:49,2026-05-26 09:07:49,13.3,inbound,6
ENT-01071,CPT-02660,1,5022.27,2026-07-14 15:11:40,2026-07-14 15:11:40,13.3,outbound,5
ENT-01436,CPT-02756,3,3716.52,2026-06-08 14:21:44,2026-07-09 10:24:55,13.3,outbound,17
ENT-01060,CPT-05696,1,3694.52,2025-12-05 17:34:37,2025-12-05 17:34:37,13.3,inbound,1
ENT-01393,CPT-04945,1,3488.36,2025-09-22 17:33:39,2025-09-22 17:33:39,13.3,inbound,24
ENT-01124,CPT-02855,2,2178.01,2025-11-14 10:09:44,2025-12-04 17:42:39,13.3,outbound,1
ENT-00589,CPT-01927,2,685.0,2025-12-05 13:16:35,2026-04-24 17:10:40,13.3,outbound,18
ENT-01167,CPT-04672,2,19018.06,2025-11-05 14:21:43,2026-02-05 11:46:38,13.2,inbound,14
ENT-01152,CPT-03789,3,12775.17,2025-11-20 10:35:56,2026-06-24 09:41:14,13.2,inbound,2
ENT-01353,CPT-03492,1,6311.38,2025-12-11 11:40:05,2025-12-11 11:40:05,13.2,outbound,8
ENT-01374,CPT-01240,1,5515.81,2025-08-14 16:26:21,2025-08-14 16:26:21,13.2,inbound,2
ENT-01218,CPT-04371,2,5382.49,2025-11-21 12:30:38,2026-03-25 10:05:46,13.2,inbound,19
ENT-01230,CPT-05824,2,2849.05,2025-12-18 13:51:39,2026-02-18 16:59:24,13.2,inbound,13
ENT-01326,CPT-03081,1,1235.68,2025-10-29 11:42:07,2025-10-29 11:42:07,13.2,outbound,2
ENT-00289,CPT-02377,1,189.54,2026-07-29 09:59:18,2026-07-29 09:59:18,13.2,outbound,1
ENT-01332,CPT-04443,1,3188.15,2025-12-24 16:35:45,2025-12-24 16:35:45,13.1,inbound,4
ENT-01239,CPT-02678,1,2853.4,2026-04-15 15:39:46,2026-04-15 15:39:46,13.1,outbound,4
ENT-01403,CPT-01840,2,2792.91,2025-09-25 13:27:48,2026-05-04 10:41:24,13.1,inbound,2
ENT-00195,CPT-01838,2,904.02,2026-03-17 12:54:45,2026-06-29 13:39:31,13.1,outbound,24
ENT-01410,CPT-03695,3,6492.04,2026-04-29 10:08:09,2026-05-07 13:10:08,13.0,inbound,12
ENT-01178,CPT-05903,1,5991.35,2026-02-12 12:35:10,2026-02-12 12:35:10,13.0,inbound,2
ENT-01171,CPT-05805,2,4607.32,2025-10-24 10:00:10,2026-03-02 12:39:08,13.0,inbound,10
ENT-01218,CPT-02937,1,4435.06,2025-09-12 13:59:36,2025-09-12 13:59:36,13.0,outbound,12
ENT-01273,CPT-02577,1,3758.35,2025-09-18 10:02:51,2025-09-18 10:02:51,13.0,outbound,8
ENT-00891,CPT-01558,1,1934.81,2026-04-30 18:33:51,2026-04-30 18:33:51,13.0,outbound,1
ENT-01455,CPT-03981,1,1833.2,2025-08-20 16:06:29,2025-08-20 16:06:29,13.0,inbound,191
ENT-01226,CPT-05022,1,1090.04,2026-06-08 15:07:17,2026-06-08 15:07:17,13.0,inbound,9
ENT-01386,CPT-02924,1,534.75,2025-10-30 11:54:21,2025-10-30 11:54:21,13.0,outbound,2
ENT-00871,CPT-01813,1,28.15,2025-12-12 17:49:06,2025-12-12 17:49:06,13.0,outbound,1
ENT-01465,CPT-03755,1,15309.71,2026-04-29 12:49:09,2026-04-29 12:49:09,12.9,inbound,3
ENT-01358,CPT-04171,1,11065.73,2026-07-09 10:05:23,2026-07-09 10:05:23,12.9,inbound,2
ENT-01288,CPT-03376,1,7944.08,2025-10-21 11:47:09,2025-10-21 11:47:09,12.9,outbound,16
ENT-01177,CPT-02500,1,540.79,2026-03-25 12:09:00,2026-03-25 12:09:00,12.9,outbound,60
ENT-00532,CPT-05468,1,52.56,2025-12-17 13:04:59,2025-12-17 13:04:59,12.9,outbound,3
ENT-01071,CPT-03101,1,10512.01,2025-12-11 17:17:55,2025-12-11 17:17:55,12.8,outbound,6
ENT-01397,CPT-03810,1,5812.53,2025-10-17 16:28:34,2025-10-17 16:28:34,12.8,inbound,1
ENT-01345,CPT-02959,1,2687.24,2026-03-24 11:10:03,2026-03-24 11:10:03,12.8,outbound,3
ENT-01247,CPT-04502,1,1650.16,2026-07-23 16:05:52,2026-07-23 16:05:52,12.8,inbound,3
ENT-01094,CPT-03062,1,1599.12,2025-11-06 11:19:19,2025-11-06 11:19:19,12.8,outbound,6
ENT-01377,CPT-01607,2,18464.87,2026-01-09 11:30:10,2026-01-12 12:56:48,12.7,inbound,4
ENT-01067,CPT-00594,3,16477.43,2025-10-07 17:37:55,2026-02-19 13:20:22,12.7,inbound,5
ENT-01218,CPT-01431,1,10975.55,2026-04-30 11:18:17,2026-04-30 11:18:17,12.7,inbound,16
ENT-01186,CPT-05949,2,9488.35,2026-06-08 14:29:39,2026-06-18 11:15:09,12.7,inbound,1
ENT-01395,CPT-05814,2,4583.57,2026-03-02 10:12:16,2026-06-09 11:12:41,12.7,inbound,3
ENT-01060,CPT-05624,1,4560.4,2026-02-26 17:06:53,2026-02-26 17:06:53,12.7,inbound,4
ENT-01347,CPT-04067,1,2168.8,2026-07-30 09:15:30,2026-07-30 09:15:30,12.7,inbound,3
ENT-01349,CPT-01440,1,1848.52,2026-03-03 10:18:25,2026-03-03 10:18:25,12.7,inbound,22
ENT-01434,CPT-02787,1,326.17,2026-03-31 16:56:10,2026-03-31 16:56:10,12.7,outbound,42
ENT-00195,CPT-05017,1,36.74,2026-03-17 13:46:12,2026-03-17 13:46:12,12.7,outbound,64
ENT-01133,CPT-05852,1,7555.96,2025-12-11 11:54:30,2025-12-11 11:54:30,12.6,inbound,5
ENT-01331,CPT-05097,3,7049.82,2026-03-03 13:28:00,2026-05-12 12:20:44,12.6,inbound,3
ENT-01179,CPT-03574,2,2273.19,2025-09-01 17:50:25,2025-09-26 10:12:40,12.6,outbound,5
ENT-01186,CPT-02161,1,1647.49,2026-03-11 13:48:50,2026-03-11 13:48:50,12.6,inbound,27
ENT-01484,CPT-02771,1,1023.01,2025-11-18 10:44:55,2025-11-18 10:44:55,12.6,outbound,25
ENT-01155,CPT-02852,1,482.88,2025-08-25 10:40:15,2025-08-25 10:40:15,12.6,outbound,13
ENT-00303,CPT-02227,2,182.5,2026-02-20 12:59:16,2026-06-01 08:03:09,12.6,outbound,12
ENT-01492,CPT-03763,3,20308.3,2026-01-29 15:17:14,2026-07-01 14:45:32,12.5,inbound,2
ENT-01389,CPT-01296,4,13624.9,2025-09-24 12:30:52,2026-05-08 09:16:37,12.5,inbound,6
ENT-01414,CPT-04963,1,8767.28,2026-06-11 14:09:09,2026-06-11 14:09:09,12.5,inbound,5
ENT-01432,CPT-05254,1,6930.03,2025-10-08 13:47:48,2025-10-08 13:47:48,12.5,inbound,18
ENT-01067,CPT-01846,2,3116.11,2025-10-24 17:40:22,2025-11-06 10:32:43,12.5,inbound,3
ENT-01245,CPT-04363,1,2770.38,2026-01-19 09:47:48,2026-01-19 09:47:48,12.5,inbound,1
ENT-01497,CPT-02432,3,1966.81,2025-12-31 13:33:54,2026-07-22 09:11:43,12.5,outbound,2
ENT-01349,CPT-02431,1,1811.31,2026-01-15 17:12:42,2026-01-15 17:12:42,12.5,outbound,30
ENT-00149,CPT-01772,3,1711.36,2026-01-26 19:30:42,2026-03-18 10:47:34,12.5,outbound,3
ENT-00624,CPT-04960,1,197.87,2025-12-23 16:54:17,2025-12-23 16:54:17,12.5,outbound,3
ENT-01183,CPT-01431,2,10207.24,2025-11-13 11:52:53,2026-03-27 17:13:18,12.4,inbound,16
ENT-01057,CPT-02748,1,4676.16,2025-10-29 09:55:25,2025-10-29 09:55:25,12.4,outbound,13
ENT-01276,CPT-03175,2,4113.31,2026-04-02 12:44:25,2026-06-29 15:19:41,12.4,outbound,12
ENT-01250,CPT-02860,2,3353.64,2026-03-19 17:43:41,2026-06-09 13:40:52,12.4,outbound,4
ENT-01222,CPT-02498,1,3178.41,2026-03-24 10:10:54,2026-03-24 10:10:54,12.4,outbound,45
ENT-01427,CPT-02493,2,3051.66,2026-03-02 13:17:35,2026-04-09 15:02:48,12.4,outbound,101
ENT-01212,CPT-03728,2,2923.62,2026-02-11 10:45:16,2026-06-15 17:17:37,12.4,inbound,8
ENT-01464,CPT-02784,1,2889.18,2025-11-27 12:55:39,2025-11-27 12:55:39,12.4,outbound,40
ENT-01339,CPT-02517,1,1725.38,2026-06-09 10:45:21,2026-06-09 10:45:21,12.4,outbound,9
ENT-01453,CPT-05017,1,907.68,2026-02-09 14:12:25,2026-02-09 14:12:25,12.4,inbound,64
ENT-00418,CPT-01293,1,110.78,2025-11-25 18:40:07,2025-11-25 18:40:07,12.4,outbound,7
ENT-01335,CPT-01427,1,14967.35,2026-03-06 13:13:11,2026-03-06 13:13:11,12.3,inbound,2
ENT-01059,CPT-04790,1,9185.59,2025-10-16 13:50:44,2025-10-16 13:50:44,12.3,inbound,7
ENT-01237,CPT-03731,1,8516.83,2026-03-27 12:30:36,2026-03-27 12:30:36,12.3,inbound,22
ENT-01266,CPT-04115,2,6337.26,2025-08-29 13:33:51,2025-11-27 16:15:24,12.3,inbound,4
ENT-01071,CPT-00725,2,5957.82,2025-12-17 13:00:14,2026-07-29 10:02:06,12.3,inbound,1
ENT-01167,CPT-05107,1,4386.5,2025-11-10 11:10:25,2025-11-10 11:10:25,12.3,inbound,15
ENT-01105,CPT-02038,2,3952.27,2025-10-28 15:43:40,2026-01-13 15:34:43,12.3,inbound,2
ENT-01434,CPT-03297,1,3355.18,2025-10-01 11:02:34,2025-10-01 11:02:34,12.3,outbound,110
ENT-01500,CPT-04400,2,2416.38,2025-11-04 13:12:27,2025-12-25 15:56:18,12.3,inbound,11
ENT-01237,CPT-04942,1,2403.04,2025-12-03 14:04:52,2025-12-03 14:04:52,12.3,inbound,36
ENT-01440,CPT-04975,1,846.88,2026-03-18 10:24:06,2026-03-18 10:24:06,12.3,inbound,5
ENT-00677,CPT-00774,1,659.87,2025-12-31 19:45:51,2025-12-31 19:45:51,12.3,outbound,13
ENT-01085,CPT-04419,1,453.82,2026-05-26 13:18:25,2026-05-26 13:18:25,12.3,inbound,11
ENT-01167,CPT-03139,1,348.62,2026-06-22 12:54:08,2026-06-22 12:54:08,12.3,outbound,21
ENT-01071,CPT-03729,1,327.53,2025-10-06 09:16:57,2025-10-06 09:16:57,12.3,inbound,69
ENT-01458,CPT-03206,1,214.57,2026-06-11 11:22:56,2026-06-11 11:22:56,12.3,outbound,38
ENT-00386,CPT-01935,1,180.55,2025-08-14 17:24:20,2025-08-14 17:24:20,12.3,outbound,2
ENT-01079,CPT-05706,1,9648.31,2026-02-19 15:48:21,2026-02-19 15:48:21,12.2,inbound,14
ENT-01051,CPT-05695,1,7311.47,2026-03-06 10:46:24,2026-03-06 10:46:24,12.2,inbound,4
ENT-01150,CPT-01258,1,4310.13,2025-11-06 17:25:33,2025-11-06 17:25:33,12.2,inbound,2
ENT-01460,CPT-04832,1,3270.52,2026-03-11 12:16:19,2026-03-11 12:16:19,12.2,inbound,25
ENT-01335,CPT-03335,1,2682.76,2025-10-09 10:12:06,2025-10-09 10:12:06,12.2,outbound,3
ENT-01434,CPT-03101,2,1900.03,2026-01-09 11:43:50,2026-03-10 15:02:34,12.2,outbound,6
ENT-01257,CPT-02174,1,1494.36,2026-06-04 11:15:20,2026-06-04 11:15:20,12.2,inbound,1
ENT-01410,CPT-04324,1,1281.21,2025-12-30 12:03:34,2025-12-30 12:03:34,12.2,inbound,71
ENT-00797,CPT-00870,2,902.03,2026-05-18 09:28:57,2026-05-18 12:54:34,12.2,inbound;outbound,4
ENT-01186,CPT-01816,1,657.89,2026-04-14 16:28:41,2026-04-14 16:28:41,12.2,inbound,1
ENT-01319,CPT-03397,1,628.81,2026-05-05 13:56:56,2026-05-05 13:56:56,12.2,outbound,2
ENT-00195,CPT-01225,1,378.6,2026-02-19 18:08:23,2026-02-19 18:08:23,12.2,outbound,2
ENT-00424,CPT-05558,1,197.66,2025-09-30 18:29:50,2025-09-30 18:29:50,12.2,outbound,4
ENT-01478,CPT-03866,1,5636.05,2025-12-12 12:20:56,2025-12-12 12:20:56,12.1,inbound,2
ENT-01159,CPT-02220,1,5190.48,2026-04-30 11:16:56,2026-04-30 11:16:56,12.1,inbound,1
ENT-01395,CPT-05510,2,4916.6,2026-02-27 11:17:11,2026-05-25 13:32:19,12.1,inbound,3
ENT-01085,CPT-04383,1,2790.9,2025-11-14 13:46:42,2025-11-14 13:46:42,12.1,inbound,2
ENT-01277,CPT-05509,1,1540.28,2025-09-25 11:29:58,2025-09-25 11:29:58,12.1,inbound,14
ENT-01402,CPT-03993,2,9964.05,2026-03-11 09:51:10,2026-06-03 17:58:27,12.0,inbound,3
ENT-01057,CPT-03980,1,7280.29,2026-04-15 10:38:02,2026-04-15 10:38:02,12.0,inbound,32
ENT-01126,CPT-05156,2,6730.77,2026-01-08 11:12:22,2026-06-29 11:13:26,12.0,inbound,2
ENT-01382,CPT-03242,2,6576.15,2025-10-14 11:29:13,2025-11-12 16:44:22,12.0,outbound,34
ENT-01059,CPT-02161,1,4174.43,2025-10-29 14:29:05,2025-10-29 14:29:05,12.0,inbound,27
ENT-01057,CPT-02721,1,1830.54,2026-03-26 17:14:24,2026-03-26 17:14:24,12.0,outbound,1
ENT-01100,CPT-01643,1,1255.29,2026-02-23 17:01:27,2026-02-23 17:01:27,12.0,inbound,5
ENT-01434,CPT-04089,4,14504.23,2025-10-08 11:37:14,2026-04-22 11:06:18,11.9,inbound,2
ENT-01167,CPT-05742,2,14304.09,2026-06-05 12:55:27,2026-06-12 12:29:38,11.9,inbound,2
ENT-01387,CPT-03584,2,7527.23,2025-12-16 16:16:39,2026-02-03 14:40:06,11.9,outbound,8
ENT-01167,CPT-05078,2,5496.86,2025-09-23 10:29:16,2025-10-27 12:56:23,11.9,inbound,49
ENT-01389,CPT-04324,1,4077.05,2025-11-24 13:42:34,2025-11-24 13:42:34,11.9,inbound,71
ENT-01397,CPT-03307,1,3154.52,2026-04-30 14:21:14,2026-04-30 14:21:14,11.9,outbound,7
ENT-01259,CPT-04425,1,1905.86,2026-01-06 17:13:38,2026-01-06 17:13:38,11.9,inbound,18
ENT-01467,CPT-02069,1,1506.74,2026-03-06 16:07:31,2026-03-06 16:07:31,11.9,inbound,6
ENT-01440,CPT-02230,1,1040.63,2026-01-09 11:44:53,2026-01-09 11:44:53,11.9,inbound,3
ENT-01182,CPT-01941,1,887.41,2026-06-22 12:36:50,2026-06-22 12:36:50,11.9,inbound,2
ENT-01370,CPT-03534,1,596.08,2025-12-03 10:21:09,2025-12-03 10:21:09,11.9,outbound,30
ENT-01316,CPT-01942,2,13145.64,2025-09-08 12:51:08,2025-12-01 15:25:50,11.8,inbound,1
ENT-01130,CPT-04400,3,11543.3,2025-10-14 15:10:37,2026-03-04 12:09:35,11.8,inbound,11
ENT-01211,CPT-02595,4,7203.99,2025-11-24 16:59:08,2026-02-24 17:09:31,11.8,outbound,10
ENT-01299,CPT-04843,1,5314.39,2026-03-25 13:02:02,2026-03-25 13:02:02,11.8,inbound,8
ENT-01282,CPT-04101,2,3101.9,2026-06-02 12:29:18,2026-07-07 17:06:33,11.8,inbound,2
ENT-01397,CPT-04230,1,2227.74,2025-08-26 15:34:07,2025-08-26 15:34:07,11.8,inbound,2
ENT-01458,CPT-01383,1,811.52,2026-05-27 17:02:47,2026-05-27 17:02:47,11.8,inbound,13
ENT-00876,CPT-04569,1,691.61,2025-10-03 13:33:06,2025-10-03 13:33:06,11.8,outbound,3
ENT-01372,CPT-02756,1,401.58,2026-01-05 14:48:40,2026-01-05 14:48:40,11.8,outbound,17
ENT-01059,CPT-04688,1,10984.5,2026-06-04 10:47:18,2026-06-04 10:47:18,11.7,inbound,3
ENT-01113,CPT-03958,1,9841.82,2025-10-29 13:20:06,2025-10-29 13:20:06,11.7,inbound,8
ENT-01492,CPT-00735,1,1752.67,2026-04-21 14:40:54,2026-04-21 14:40:54,11.7,inbound,14
ENT-01332,CPT-03919,1,1741.58,2026-05-21 09:20:48,2026-05-21 09:20:48,11.7,inbound,5
ENT-01393,CPT-04672,1,1390.24,2025-10-13 10:45:36,2025-10-13 10:45:36,11.7,inbound,14
ENT-01175,CPT-01855,1,853.78,2026-07-14 17:43:49,2026-07-14 17:43:49,11.7,inbound,2
ENT-01217,CPT-03148,1,713.87,2026-04-30 12:54:31,2026-04-30 12:54:31,11.7,outbound,2
ENT-00876,CPT-01630,1,418.16,2025-08-26 11:06:46,2025-08-26 11:06:46,11.7,outbound,2
ENT-00197,CPT-01204,1,319.91,2026-07-15 13:59:13,2026-07-15 13:59:13,11.7,outbound,3
ENT-00650,CPT-00722,1,204.78,2026-07-15 12:26:51,2026-07-15 12:26:51,11.7,outbound,5
ENT-01432,CPT-01760,2,11678.69,2025-09-26 12:48:57,2025-11-26 10:30:11,11.6,inbound,5
ENT-01252,CPT-04053,2,10004.37,2025-10-10 14:36:28,2025-10-21 09:17:33,11.6,inbound,2
ENT-01176,CPT-04601,1,5059.98,2026-06-22 17:45:43,2026-06-22 17:45:43,11.6,inbound,2
ENT-01367,CPT-03480,1,1518.33,2025-11-25 16:32:32,2025-11-25 16:32:32,11.6,outbound,2
ENT-01427,CPT-03098,2,1486.82,2025-12-17 16:05:57,2026-03-09 11:07:32,11.6,outbound,6
ENT-01304,CPT-02870,1,1472.39,2025-09-29 11:39:01,2025-09-29 11:39:01,11.6,outbound,54
ENT-01057,CPT-05064,1,1273.49,2026-04-15 14:56:58,2026-04-15 14:56:58,11.6,inbound,3
ENT-01380,CPT-04917,2,1233.52,2025-09-18 15:05:29,2026-02-16 09:12:24,11.6,inbound,3
ENT-00526,CPT-01144,1,154.16,2026-05-25 19:46:57,2026-05-25 19:46:57,11.6,outbound,1
ENT-01471,CPT-05081,2,11419.66,2026-03-05 15:09:44,2026-07-02 13:10:15,11.5,inbound,9
ENT-01349,CPT-00830,2,8292.09,2025-12-10 15:25:47,2026-02-10 09:34:59,11.5,inbound,8
ENT-01434,CPT-01182,2,3769.39,2026-03-27 10:19:35,2026-04-20 15:59:59,11.5,inbound,3
ENT-01341,CPT-04942,1,2631.08,2026-02-05 10:24:54,2026-02-05 10:24:54,11.5,inbound,36
ENT-01247,CPT-05002,1,2496.85,2026-06-25 11:34:42,2026-06-25 11:34:42,11.5,inbound,2
ENT-01167,CPT-05414,1,779.59,2025-08-22 12:53:49,2025-08-22 12:53:49,11.5,inbound,22
ENT-01497,CPT-04299,1,539.98,2026-03-17 12:42:28,2026-03-17 12:42:28,11.5,inbound,44
ENT-01203,CPT-01644,1,9112.54,2026-02-19 16:52:56,2026-02-19 16:52:56,11.4,inbound,2
ENT-01280,CPT-04613,1,8861.98,2025-10-20 15:27:28,2025-10-20 15:27:28,11.4,inbound,3
ENT-01212,CPT-04942,1,4382.87,2025-12-15 12:05:52,2025-12-15 12:05:52,11.4,inbound,36
ENT-01231,CPT-05017,2,4082.2,2025-08-22 17:14:42,2025-09-30 15:43:45,11.4,inbound,64
ENT-01132,CPT-05706,1,3298.07,2026-05-29 16:49:26,2026-05-29 16:49:26,11.4,inbound,14
ENT-00496,CPT-04114,2,933.49,2025-08-22 13:54:47,2025-10-21 13:16:58,11.4,outbound,19
ENT-01441,CPT-05355,1,9850.07,2026-01-14 12:23:07,2026-01-14 12:23:07,11.3,inbound,9
ENT-00500,CPT-01718,4,9681.02,2025-08-19 14:27:39,2026-02-11 12:40:59,11.3,inbound,1
ENT-01458,CPT-04408,1,7151.73,2025-11-03 09:58:18,2025-11-03 09:58:18,11.3,inbound,4
ENT-00368,CPT-00837,6,4894.37,2025-10-09 16:00:25,2026-07-30 11:58:40,11.3,inbound;outbound,3
ENT-00278,CPT-01045,1,4268.91,2026-05-06 15:03:48,2026-05-06 15:03:48,11.3,inbound,1
ENT-01434,CPT-05144,1,3924.24,2026-01-12 16:36:40,2026-01-12 16:36:40,11.3,inbound,2
ENT-01297,CPT-04032,2,3259.31,2025-09-01 15:12:01,2025-11-14 14:12:56,11.3,inbound,1
ENT-01231,CPT-00860,1,2287.73,2026-06-23 14:31:57,2026-06-23 14:31:57,11.3,inbound,16
ENT-01051,CPT-02546,1,320.52,2026-01-15 09:58:21,2026-01-15 09:58:21,11.3,outbound,2
ENT-01415,CPT-02184,2,8096.56,2025-08-28 11:31:55,2026-03-11 15:23:11,11.2,inbound,2
ENT-01266,CPT-01857,2,6910.49,2025-09-24 15:31:11,2025-12-10 13:21:27,11.2,inbound,2
ENT-01332,CPT-02141,1,5366.16,2026-07-03 16:23:53,2026-07-03 16:23:53,11.2,inbound,3
ENT-01299,CPT-05078,2,4159.73,2025-12-10 15:37:05,2026-01-28 12:16:13,11.2,inbound,49
ENT-01115,CPT-01215,2,3825.96,2026-02-27 10:16:21,2026-07-23 16:56:17,11.2,inbound,3
ENT-01222,CPT-03330,1,2648.97,2025-11-27 11:28:22,2025-11-27 11:28:22,11.2,outbound,67
ENT-01061,CPT-02925,1,2505.28,2025-10-10 14:32:09,2025-10-10 14:32:09,11.2,outbound,6
ENT-01232,CPT-03005,1,1054.65,2025-12-01 15:32:15,2025-12-01 15:32:15,11.2,outbound,6
ENT-00296,CPT-02161,1,771.67,2026-02-04 13:24:22,2026-02-04 13:24:22,11.2,outbound,27
ENT-00104,CPT-04830,2,295.41,2025-09-08 12:01:16,2026-04-30 10:57:02,11.2,outbound,7
ENT-00871,CPT-01441,1,141.33,2026-05-27 15:39:10,2026-05-27 15:39:10,11.2,outbound,5
ENT-00678,CPT-01447,1,80.6,2026-05-27 13:28:12,2026-05-27 13:28:12,11.2,outbound,2
ENT-01345,CPT-05695,2,10856.31,2025-09-18 12:20:58,2026-03-12 11:30:32,11.1,inbound,4
ENT-01349,CPT-05081,2,5982.81,2026-02-06 11:04:20,2026-03-10 09:50:53,11.1,inbound,9
ENT-01252,CPT-00696,1,5065.54,2025-10-08 15:56:08,2025-10-08 15:56:08,11.1,inbound,3
ENT-01164,CPT-01134,2,4222.11,2026-01-06 14:04:11,2026-02-19 15:21:51,11.1,inbound,1
ENT-01231,CPT-03297,1,3101.69,2025-08-25 13:59:28,2025-08-25 13:59:28,11.1,outbound,110
ENT-00130,CPT-05198,1,1072.18,2025-09-12 11:57:42,2025-09-12 11:57:42,11.1,outbound,6
ENT-01397,CPT-01246,3,20962.13,2025-11-21 17:21:25,2026-03-02 10:12:13,11.0,inbound,3
ENT-01217,CPT-04830,2,9198.89,2026-04-27 11:36:04,2026-05-12 16:15:42,11.0,inbound,7
ENT-01277,CPT-05933,1,8537.15,2025-11-20 10:36:48,2025-11-20 10:36:48,11.0,inbound,4
ENT-01347,CPT-02357,2,7387.91,2026-02-04 16:22:05,2026-03-02 15:49:36,11.0,inbound,4
ENT-01207,CPT-02758,1,2685.04,2026-02-20 11:13:23,2026-02-20 11:13:23,11.0,outbound,35
ENT-01085,CPT-03399,1,1336.49,2026-02-10 15:59:33,2026-02-10 15:59:33,11.0,outbound,12
ENT-00625,CPT-00876,2,802.35,2026-04-09 18:32:57,2026-04-21 19:32:18,11.0,outbound,2
ENT-01424,CPT-03980,1,6220.9,2026-02-09 11:49:38,2026-02-09 11:49:38,10.9,inbound,32
ENT-01331,CPT-01238,4,5812.36,2025-09-17 12:38:26,2026-03-03 09:15:23,10.9,inbound,1
ENT-01159,CPT-04832,2,3805.98,2025-11-10 16:59:29,2026-03-17 15:19:32,10.9,inbound,25
ENT-01486,CPT-04269,1,3759.7,2026-01-22 09:42:07,2026-01-22 09:42:07,10.9,inbound,2
ENT-01380,CPT-00860,1,2283.73,2026-02-27 09:53:14,2026-02-27 09:53:14,10.9,inbound,16
ENT-00997,CPT-00592,2,617.54,2025-11-19 09:36:01,2025-12-18 17:52:58,10.9,outbound,3
ENT-01410,CPT-02378,3,17130.54,2025-11-14 13:34:13,2026-03-18 10:30:43,10.8,inbound,1
ENT-01241,CPT-01243,2,13387.11,2025-10-20 10:55:44,2026-04-09 15:02:32,10.8,inbound,3
ENT-01233,CPT-05309,4,12455.36,2025-11-18 09:09:19,2026-06-03 11:57:06,10.8,inbound,1
ENT-01194,CPT-04931,1,12204.03,2026-04-10 14:50:54,2026-04-10 14:50:54,10.8,inbound,5
ENT-01453,CPT-05544,1,5165.14,2026-01-09 10:41:17,2026-01-09 10:41:17,10.8,inbound,1
ENT-01434,CPT-03278,1,4612.87,2026-03-10 11:42:59,2026-03-10 11:42:59,10.8,outbound,3
ENT-01281,CPT-04468,2,3640.36,2026-03-24 10:21:59,2026-05-28 11:35:26,10.8,inbound,5
ENT-01403,CPT-04252,1,2693.2,2025-11-20 16:37:29,2025-11-20 16:37:29,10.8,inbound,2
ENT-01424,CPT-05658,1,2094.47,2026-07-28 15:39:11,2026-07-28 15:39:11,10.8,inbound,1
ENT-00130,CPT-01487,4,1680.82,2025-09-19 14:57:53,2026-05-19 14:39:36,10.8,inbound;outbound,9
ENT-01259,CPT-01098,1,1169.55,2025-10-09 15:53:59,2025-10-09 15:53:59,10.8,inbound,4
ENT-00969,CPT-01522,1,178.0,2026-05-11 14:23:10,2026-05-11 14:23:10,10.8,outbound,7
ENT-01171,CPT-04901,4,20972.23,2025-08-18 15:28:03,2025-10-22 15:34:25,10.7,inbound,9
ENT-01169,CPT-04553,2,17253.27,2026-01-08 09:33:02,2026-06-12 14:37:13,10.7,inbound,2
ENT-01205,CPT-05059,2,12636.63,2026-04-13 13:57:03,2026-07-14 11:25:07,10.7,inbound,5
ENT-01380,CPT-03696,2,7126.17,2025-12-19 09:30:46,2026-03-18 10:09:16,10.7,inbound,3
ENT-01379,CPT-05407,1,6787.87,2026-04-07 13:02:49,2026-04-07 13:02:49,10.7,inbound,2
ENT-01194,CPT-04936,1,3483.47,2026-07-08 16:55:43,2026-07-08 16:55:43,10.7,inbound,1
ENT-01458,CPT-02771,1,3459.74,2026-07-03 11:11:21,2026-07-03 11:11:21,10.7,outbound,25
ENT-01500,CPT-03462,1,2103.27,2025-12-25 13:03:50,2025-12-25 13:03:50,10.7,outbound,3
ENT-01319,CPT-02929,1,1500.0,2025-12-19 16:16:41,2025-12-19 16:16:41,10.7,outbound,15
ENT-01425,CPT-03328,1,7384.31,2026-02-18 16:33:32,2026-02-18 16:33:32,10.6,outbound,3
ENT-01201,CPT-05017,1,7069.99,2025-08-18 11:15:52,2025-08-18 11:15:52,10.6,inbound,64
ENT-01374,CPT-03980,2,5382.65,2026-01-05 12:42:05,2026-05-25 09:02:17,10.6,inbound,32
ENT-01232,CPT-05764,1,1581.25,2026-05-18 10:19:45,2026-05-18 10:19:45,10.6,inbound,4
ENT-01261,CPT-02758,1,1422.14,2026-01-08 12:39:37,2026-01-08 12:39:37,10.6,outbound,35
ENT-01449,CPT-01865,1,1173.02,2026-04-28 17:23:21,2026-04-28 17:23:21,10.6,inbound,2
ENT-00036,CPT-03695,1,962.01,2025-09-17 12:55:10,2025-09-17 12:55:10,10.6,outbound,12
ENT-01236,CPT-03543,1,527.07,2026-06-03 14:49:12,2026-06-03 14:49:12,10.6,outbound,2
ENT-00104,CPT-01682,1,106.59,2025-12-11 14:24:08,2025-12-11 14:24:08,10.6,outbound,3
ENT-00471,CPT-05509,1,30.95,2026-04-30 19:52:48,2026-04-30 19:52:48,10.6,outbound,14
ENT-01452,CPT-01307,2,10407.03,2026-03-02 12:07:41,2026-03-13 12:20:20,10.5,inbound,1
ENT-01292,CPT-02756,2,5612.46,2025-08-25 11:20:30,2025-12-10 10:26:05,10.5,outbound,17
ENT-01057,CPT-04839,1,2565.93,2025-09-25 14:51:30,2025-09-25 14:51:30,10.5,inbound,2
ENT-01231,CPT-04299,1,1701.45,2026-01-08 09:17:11,2026-01-08 09:17:11,10.5,inbound,44
ENT-01152,CPT-02766,1,779.16,2026-06-01 10:22:07,2026-06-01 10:22:07,10.5,outbound,8
ENT-01042,CPT-01296,1,478.44,2025-09-17 19:32:51,2025-09-17 19:32:51,10.5,outbound,6
ENT-00104,CPT-05666,1,124.62,2026-07-14 15:00:19,2026-07-14 15:00:19,10.5,outbound,1
ENT-01395,CPT-05072,2,14469.91,2025-09-23 12:58:08,2026-02-18 14:06:50,10.4,inbound,31
ENT-01236,CPT-01421,4,7256.61,2025-10-30 16:57:31,2026-07-03 15:52:11,10.4,inbound,3
ENT-01360,CPT-05102,2,7200.46,2026-01-20 14:34:55,2026-04-21 11:39:05,10.4,inbound,3
ENT-01175,CPT-05455,3,4906.7,2025-09-15 10:53:42,2026-06-24 17:08:52,10.4,inbound,5
ENT-01349,CPT-03091,2,4009.43,2026-03-24 13:27:51,2026-03-30 11:44:11,10.4,outbound,2
ENT-01236,CPT-02498,2,3732.99,2025-12-16 13:27:41,2026-04-30 10:00:03,10.4,outbound,45
ENT-01137,CPT-05055,2,3263.34,2026-01-08 16:36:17,2026-05-04 13:05:09,10.4,inbound,6
ENT-01186,CPT-04945,2,1437.61,2025-08-28 11:15:10,2025-11-13 15:06:39,10.4,inbound,24
ENT-01360,CPT-04987,1,1261.66,2026-07-13 10:02:52,2026-07-13 10:02:52,10.4,inbound,1
ENT-01229,CPT-04942,1,926.84,2026-02-20 15:56:42,2026-02-20 15:56:42,10.4,inbound,36
ENT-01425,CPT-02913,1,575.82,2025-09-04 14:34:02,2025-09-04 14:34:02,10.4,outbound,4
ENT-01247,CPT-01447,2,9263.5,2025-12-26 15:18:32,2026-02-04 12:27:45,10.3,inbound,2
ENT-01397,CPT-04525,2,7639.78,2026-02-26 12:44:34,2026-05-18 17:45:02,10.3,inbound,1
ENT-01171,CPT-01490,2,5577.3,2026-01-05 11:17:44,2026-02-05 11:46:53,10.3,inbound,1
ENT-01340,CPT-01442,2,3171.96,2025-10-07 15:28:54,2026-03-26 13:01:41,10.3,inbound,1
ENT-01153,CPT-05752,2,2990.07,2026-01-08 10:01:03,2026-07-13 10:16:55,10.3,inbound,4
ENT-01140,CPT-04450,1,2147.31,2026-05-15 10:51:55,2026-05-15 10:51:55,10.3,inbound,5
ENT-01220,CPT-04394,3,13118.93,2025-08-28 12:40:30,2026-01-14 13:15:01,10.2,inbound,1
ENT-01205,CPT-01986,1,9594.25,2026-04-29 17:58:15,2026-04-29 17:58:15,10.2,inbound,1
ENT-01257,CPT-01395,1,3783.49,2026-01-07 13:25:21,2026-01-07 13:25:21,10.2,inbound,2
ENT-01162,CPT-02100,1,354.54,2026-01-19 09:15:03,2026-01-19 09:15:03,10.2,inbound,3
ENT-01292,CPT-00735,1,323.14,2026-03-19 15:39:58,2026-03-19 15:39:58,10.2,inbound,14
ENT-01440,CPT-02500,1,4576.97,2026-05-18 12:48:33,2026-05-18 12:48:33,10.1,outbound,60
ENT-01372,CPT-05580,1,3649.4,2026-05-14 15:51:31,2026-05-14 15:51:31,10.1,inbound,2
ENT-01335,CPT-04200,1,3331.29,2026-04-17 16:21:15,2026-04-17 16:21:15,10.1,inbound,2
ENT-01143,CPT-03283,1,617.15,2025-12-17 13:29:24,2025-12-17 13:29:24,10.1,outbound,3
ENT-00650,CPT-05766,1,359.95,2026-07-09 10:25:45,2026-07-09 10:25:45,10.1,outbound,6
ENT-01440,CPT-04526,1,9010.01,2026-02-20 16:10:41,2026-02-20 16:10:41,10.0,inbound,1
ENT-01222,CPT-04380,1,8386.4,2026-03-19 17:50:22,2026-03-19 17:50:22,10.0,inbound,2
ENT-01204,CPT-02096,1,6677.31,2026-06-23 11:25:40,2026-06-23 11:25:40,10.0,inbound,1
ENT-01057,CPT-05852,1,3094.4,2025-10-14 13:46:52,2025-10-14 13:46:52,10.0,inbound,5
ENT-01266,CPT-03062,1,333.78,2026-02-24 17:54:03,2026-02-24 17:54:03,10.0,outbound,6
ENT-00644,CPT-01719,1,306.12,2026-02-16 09:03:49,2026-02-16 09:03:49,10.0,outbound,1
ENT-01458,CPT-03660,3,12489.52,2025-09-19 16:51:17,2025-12-09 11:09:38,9.9,inbound,3
ENT-01125,CPT-03501,1,7270.33,2026-01-06 13:03:51,2026-01-06 13:03:51,9.9,outbound,2
ENT-01323,CPT-03043,1,2823.76,2026-03-09 14:34:11,2026-03-09 14:34:11,9.9,outbound,2
ENT-01205,CPT-03933,1,570.98,2026-04-08 16:07:05,2026-04-08 16:07:05,9.9,inbound,15
ENT-01356,CPT-04097,1,9578.31,2026-01-12 14:33:29,2026-01-12 14:33:29,9.8,inbound,1
ENT-01425,CPT-02723,2,6616.42,2025-11-20 14:00:00,2026-05-29 17:17:06,9.8,outbound,5
ENT-01441,CPT-05452,1,4926.65,2025-11-27 10:53:45,2025-11-27 10:53:45,9.8,inbound,2
ENT-01212,CPT-03229,1,4546.1,2026-05-15 16:08:40,2026-05-15 16:08:40,9.8,outbound,1
ENT-01380,CPT-05450,2,3870.83,2026-02-13 13:33:05,2026-04-06 13:05:54,9.8,inbound,29
ENT-01266,CPT-02867,1,3292.6,2026-03-03 11:43:04,2026-03-03 11:43:04,9.8,outbound,4
ENT-01397,CPT-03070,2,830.31,2026-01-29 12:25:21,2026-06-26 13:27:25,9.8,outbound,3
ENT-00386,CPT-01904,1,226.24,2025-11-11 18:32:59,2025-11-11 18:32:59,9.8,outbound,2
ENT-00418,CPT-01514,1,220.42,2025-11-14 18:43:11,2025-11-14 18:43:11,9.8,outbound,8
ENT-01407,CPT-03980,1,8530.78,2025-09-30 10:55:47,2025-09-30 10:55:47,9.7,inbound,32
ENT-01153,CPT-05895,4,7650.02,2025-12-31 09:37:18,2026-07-07 12:47:50,9.7,inbound,5
ENT-01224,CPT-01866,2,7628.23,2025-12-08 16:37:18,2026-06-25 14:22:05,9.7,inbound,2
ENT-01151,CPT-04046,1,6785.39,2025-12-25 12:37:49,2025-12-25 12:37:49,9.7,inbound,1
ENT-01333,CPT-03068,1,2801.21,2026-02-05 09:53:01,2026-02-05 09:53:01,9.7,outbound,22
ENT-01432,CPT-05039,1,2403.0,2025-12-03 15:19:59,2025-12-03 15:19:59,9.7,inbound,17
ENT-01440,CPT-00693,2,2122.14,2025-09-23 14:12:06,2026-05-20 16:48:40,9.7,inbound,3
ENT-01167,CPT-05691,1,1618.56,2026-04-28 11:28:47,2026-04-28 11:28:47,9.7,inbound,9
ENT-01069,CPT-03729,1,1395.0,2025-10-30 14:04:11,2025-10-30 14:04:11,9.7,inbound,69
ENT-01247,CPT-02878,1,1123.55,2026-05-28 13:57:26,2026-05-28 13:57:26,9.7,outbound,5
ENT-00418,CPT-01954,2,858.87,2026-02-11 10:09:02,2026-07-22 18:56:27,9.7,outbound,3
ENT-01150,CPT-02418,1,9227.53,2025-10-15 12:01:04,2025-10-15 12:01:04,9.6,outbound,28
ENT-01425,CPT-02992,1,7123.84,2026-05-20 10:46:18,2026-05-20 10:46:18,9.6,outbound,2
ENT-01402,CPT-05081,1,2083.71,2026-05-21 12:54:27,2026-05-21 12:54:27,9.6,inbound,9
ENT-01380,CPT-02784,1,742.3,2025-10-27 11:15:17,2025-10-27 11:15:17,9.6,outbound,40
ENT-00471,CPT-01522,3,418.84,2026-01-14 11:54:30,2026-05-06 11:26:52,9.6,inbound,7
ENT-01230,CPT-05779,1,10969.38,2026-02-12 15:19:35,2026-02-12 15:19:35,9.5,inbound,1
ENT-01105,CPT-02540,2,10351.2,2026-03-23 14:53:11,2026-03-24 09:03:24,9.5,outbound,5
ENT-01126,CPT-04114,1,7724.38,2025-08-26 12:10:25,2025-08-26 12:10:25,9.5,inbound,19
ENT-01220,CPT-05086,1,2469.8,2026-01-07 14:49:48,2026-01-07 14:49:48,9.5,inbound,15
ENT-00644,CPT-00760,1,207.06,2026-07-07 17:26:08,2026-07-07 17:26:08,9.5,outbound,1
ENT-00907,CPT-01465,1,72.13,2026-05-19 17:35:53,2026-05-19 17:35:53,9.5,outbound,3
ENT-01071,CPT-05711,2,4074.06,2025-11-05 14:35:22,2025-11-28 13:20:50,9.4,inbound,5
ENT-01478,CPT-02151,1,2309.26,2025-09-18 10:38:02,2025-09-18 10:38:02,9.4,inbound,1
ENT-01055,CPT-01566,1,1241.34,2026-06-11 15:23:02,2026-06-11 15:23:02,9.4,inbound,2
ENT-01113,CPT-03062,1,1020.24,2025-09-19 09:27:54,2025-09-19 09:27:54,9.4,outbound,6
ENT-01236,CPT-02467,2,1002.72,2025-11-25 15:27:28,2026-06-19 14:08:19,9.4,outbound,4
ENT-01096,CPT-05695,1,473.67,2026-02-04 12:02:07,2026-02-04 12:02:07,9.4,inbound,4
ENT-01341,CPT-05017,2,5160.35,2025-10-02 13:44:41,2026-01-12 15:49:02,9.3,inbound,64
ENT-01432,CPT-03600,2,3937.93,2025-12-10 17:03:46,2026-03-17 14:33:33,9.3,inbound,1
ENT-01448,CPT-02980,1,789.75,2025-09-16 12:58:55,2025-09-16 12:58:55,9.3,outbound,2
ENT-01324,CPT-03581,2,6465.59,2025-12-25 16:15:37,2026-03-30 16:45:55,9.2,outbound,3
ENT-01402,CPT-04450,1,4144.28,2026-02-11 15:15:38,2026-02-11 15:15:38,9.2,inbound,5
ENT-01204,CPT-05072,1,3955.95,2026-04-27 16:03:18,2026-04-27 16:03:18,9.2,inbound,31
ENT-01498,CPT-02410,1,1383.8,2025-11-11 10:59:00,2025-11-11 10:59:00,9.2,outbound,9
ENT-00195,CPT-01614,1,1062.55,2026-05-14 17:21:47,2026-05-14 17:21:47,9.2,outbound,1
ENT-01347,CPT-04004,1,688.12,2025-12-05 09:14:32,2025-12-05 09:14:32,9.2,inbound,7
ENT-01237,CPT-02364,1,5491.57,2026-01-20 10:17:22,2026-01-20 10:17:22,9.1,inbound,1
ENT-01335,CPT-05706,1,5414.42,2025-10-22 10:54:57,2025-10-22 10:54:57,9.1,inbound,14
ENT-01372,CPT-05484,1,3306.22,2026-05-28 15:18:45,2026-05-28 15:18:45,9.1,inbound,1
ENT-01088,CPT-04350,1,1204.01,2026-07-02 12:17:17,2026-07-02 12:17:17,9.1,inbound,15
ENT-00418,CPT-02181,1,131.55,2026-03-02 12:57:35,2026-03-02 12:57:35,9.1,outbound,31
ENT-01347,CPT-04089,2,5898.55,2025-09-02 10:04:13,2026-03-12 15:39:07,9.0,inbound,2
ENT-01387,CPT-04199,1,5604.02,2026-03-30 09:21:07,2026-03-30 09:21:07,9.0,inbound,2
ENT-01053,CPT-03399,1,5415.11,2026-04-20 09:18:15,2026-04-20 09:18:15,9.0,outbound,12
ENT-01332,CPT-04042,2,5328.16,2025-12-04 10:54:47,2026-07-30 12:22:36,9.0,inbound,3
ENT-01416,CPT-03399,1,4088.73,2026-04-22 16:54:33,2026-04-22 16:54:33,9.0,outbound,12
ENT-01257,CPT-05836,1,1936.12,2025-12-11 12:33:13,2025-12-11 12:33:13,9.0,inbound,4
ENT-01096,CPT-03989,1,888.86,2025-10-13 14:10:25,2025-10-13 14:10:25,9.0,inbound,14
ENT-01449,CPT-02009,1,10206.69,2026-03-20 09:28:36,2026-03-20 09:28:36,8.9,inbound,1
ENT-01094,CPT-01214,1,4574.91,2026-03-30 10:42:30,2026-03-30 10:42:30,8.9,inbound,2
ENT-01236,CPT-02448,1,3108.28,2026-06-11 16:26:35,2026-06-11 16:26:35,8.9,outbound,2
ENT-01133,CPT-02018,1,2888.32,2025-10-07 13:23:09,2025-10-07 13:23:09,8.9,inbound,5
ENT-01281,CPT-05536,2,2778.6,2025-09-29 16:37:55,2026-03-09 14:09:27,8.9,inbound,1
ENT-01454,CPT-04049,1,1425.45,2025-12-03 16:31:44,2025-12-03 16:31:44,8.9,inbound,3
ENT-01142,CPT-04710,2,1069.42,2026-01-16 11:22:34,2026-07-17 12:01:05,8.9,inbound,2
ENT-01170,CPT-01215,1,7059.34,2025-09-24 14:13:43,2025-09-24 14:13:43,8.8,inbound,3
ENT-01061,CPT-02122,2,6578.98,2025-10-30 12:07:22,2025-11-11 10:44:56,8.8,inbound,3
ENT-01458,CPT-04294,2,4961.27,2026-03-13 11:29:45,2026-03-20 09:24:32,8.8,inbound,6
ENT-01500,CPT-04935,1,2762.43,2025-11-14 15:26:27,2025-11-14 15:26:27,8.8,inbound,7
ENT-00532,CPT-01033,1,38.04,2026-06-24 17:05:59,2026-06-24 17:05:59,8.8,outbound,3
ENT-01167,CPT-05182,2,8970.9,2025-09-23 14:14:42,2026-03-06 13:29:07,8.7,inbound,5
ENT-01212,CPT-02286,2,6734.97,2026-03-11 17:45:45,2026-05-11 12:56:50,8.7,inbound,17
ENT-01167,CPT-02869,1,2218.22,2025-12-29 10:05:35,2025-12-29 10:05:35,8.7,outbound,3
ENT-01153,CPT-02567,2,1993.42,2025-09-12 11:04:31,2026-02-12 11:04:38,8.7,outbound,4
ENT-00821,CPT-04449,1,27.18,2026-07-02 15:44:10,2026-07-02 15:44:10,8.7,outbound,2
ENT-01236,CPT-05139,3,7119.01,2026-01-12 16:26:55,2026-06-23 11:11:48,8.6,inbound,3
ENT-01386,CPT-04942,2,6916.83,2026-03-18 12:49:24,2026-03-24 13:05:23,8.6,inbound,36
ENT-01453,CPT-03957,1,4986.9,2026-05-18 10:11:47,2026-05-18 10:11:47,8.6,inbound,3
ENT-01152,CPT-02758,1,2640.2,2026-03-27 13:02:32,2026-03-27 13:02:32,8.6,outbound,35
ENT-01212,CPT-04672,1,1802.31,2026-04-28 11:11:55,2026-04-28 11:11:55,8.6,inbound,14
ENT-00698,CPT-04964,1,379.94,2026-03-09 17:45:24,2026-03-09 17:45:24,8.6,outbound,12
ENT-01178,CPT-01106,1,8647.63,2026-04-27 16:45:34,2026-04-27 16:45:34,8.5,inbound,11
ENT-01427,CPT-01310,2,5473.73,2025-09-26 14:44:26,2025-10-22 16:28:00,8.5,inbound,1
ENT-01324,CPT-04519,2,3559.9,2026-02-25 14:20:02,2026-03-10 12:33:15,8.5,inbound,2
ENT-01410,CPT-02202,1,2412.34,2025-10-21 10:51:09,2025-10-21 10:51:09,8.5,inbound,9
ENT-01090,CPT-02431,1,1837.47,2026-04-09 16:46:09,2026-04-09 16:46:09,8.5,outbound,30
ENT-01262,CPT-03357,2,1701.96,2025-10-21 11:51:04,2026-04-20 16:46:58,8.5,outbound,9
ENT-01293,CPT-03114,1,1473.38,2026-04-23 17:04:19,2026-04-23 17:04:19,8.5,outbound,11
ENT-01372,CPT-02431,1,1463.28,2025-10-16 17:48:21,2025-10-16 17:48:21,8.5,outbound,30
ENT-01474,CPT-03330,1,1188.34,2025-09-04 12:58:04,2025-09-04 12:58:04,8.5,outbound,67
ENT-01177,CPT-03316,1,236.3,2026-05-27 16:41:19,2026-05-27 16:41:19,8.5,outbound,1
ENT-01341,CPT-04924,2,7632.25,2026-06-08 16:48:16,2026-06-23 17:53:40,8.4,inbound,2
ENT-01397,CPT-04425,1,6494.93,2025-12-01 13:16:28,2025-12-01 13:16:28,8.4,inbound,18
ENT-01230,CPT-04822,1,3733.77,2026-02-11 14:15:30,2026-02-11 14:15:30,8.4,inbound,1
ENT-01230,CPT-01431,1,3085.37,2026-02-11 14:07:38,2026-02-11 14:07:38,8.4,inbound,16
ENT-01408,CPT-01607,1,1845.74,2026-04-08 11:53:40,2026-04-08 11:53:40,8.4,inbound,4
ENT-01155,CPT-03139,1,1367.31,2025-11-26 12:33:39,2025-11-26 12:33:39,8.4,outbound,21
ENT-01113,CPT-02391,1,1020.96,2026-02-16 09:54:10,2026-02-16 09:54:10,8.4,outbound,3
ENT-01216,CPT-03206,1,755.38,2025-12-17 13:17:55,2025-12-17 13:17:55,8.4,outbound,38
ENT-00902,CPT-01905,1,460.81,2026-05-15 09:13:21,2026-05-15 09:13:21,8.4,inbound,17
ENT-00871,CPT-05597,1,229.05,2026-01-14 10:01:54,2026-01-14 10:01:54,8.4,outbound,2
ENT-00227,CPT-01096,2,104.47,2025-08-29 17:07:58,2026-01-22 14:14:53,8.4,outbound,17
ENT-01478,CPT-04649,1,11033.65,2026-01-21 12:35:55,2026-01-21 12:35:55,8.3,inbound,5
ENT-01141,CPT-05301,2,8865.19,2025-11-04 10:46:09,2026-03-06 10:47:47,8.3,inbound,6
ENT-01094,CPT-05543,2,5590.26,2025-10-22 14:18:27,2026-06-01 14:11:00,8.3,inbound,3
ENT-01262,CPT-02771,1,3131.69,2025-11-24 16:29:40,2025-11-24 16:29:40,8.3,outbound,25
ENT-01175,CPT-03817,1,960.48,2025-11-12 16:50:44,2025-11-12 16:50:44,8.3,inbound,9
ENT-01297,CPT-05877,3,14720.99,2025-10-27 17:20:22,2026-03-27 16:23:37,8.2,inbound,2
ENT-01449,CPT-03976,3,13220.15,2026-05-14 16:23:38,2026-06-09 10:10:18,8.2,inbound,3
ENT-01320,CPT-04049,1,7861.61,2025-12-04 10:26:03,2025-12-04 10:26:03,8.2,inbound,3
ENT-01462,CPT-01552,2,5874.96,2025-09-19 16:20:52,2026-01-30 11:52:11,8.2,inbound,8
ENT-01171,CPT-04299,1,3930.83,2026-03-09 14:43:27,2026-03-09 14:43:27,8.2,inbound,44
ENT-01211,CPT-05017,1,3055.36,2025-09-29 16:41:06,2025-09-29 16:41:06,8.2,inbound,64
ENT-01333,CPT-04472,2,2403.58,2025-11-14 16:27:37,2026-02-24 10:02:52,8.2,inbound,3
ENT-01142,CPT-03191,1,1716.93,2026-07-28 15:16:40,2026-07-28 15:16:40,8.2,outbound,3
ENT-01241,CPT-05017,1,1147.8,2026-02-06 12:52:36,2026-02-06 12:52:36,8.2,inbound,64
ENT-01060,CPT-03206,1,942.19,2026-01-27 14:00:57,2026-01-27 14:00:57,8.2,outbound,38
ENT-01184,CPT-00678,1,465.82,2025-09-01 10:13:21,2025-09-01 10:13:21,8.2,inbound,4
ENT-01373,CPT-02547,2,9897.19,2025-11-05 10:46:32,2026-04-01 14:53:50,8.1,outbound,5
ENT-01069,CPT-05180,1,8965.22,2025-11-26 13:39:45,2025-11-26 13:39:45,8.1,inbound,1
ENT-00042,CPT-01838,3,8826.04,2025-10-20 13:27:53,2026-05-13 13:28:17,8.1,inbound,24
ENT-01230,CPT-02014,1,968.68,2026-02-03 15:31:36,2026-02-03 15:31:36,8.1,inbound,1
ENT-01331,CPT-03139,1,613.14,2026-03-19 13:44:55,2026-03-19 13:44:55,8.1,outbound,21
ENT-01153,CPT-00626,1,607.26,2025-10-24 15:16:51,2025-10-24 15:16:51,8.1,inbound,3
ENT-00471,CPT-04117,1,73.03,2025-12-15 12:29:54,2025-12-15 12:29:54,8.1,outbound,2
ENT-01071,CPT-03085,1,3455.42,2026-05-27 14:40:59,2026-05-27 14:40:59,8.0,outbound,9
ENT-01281,CPT-03170,1,1792.62,2026-06-22 14:44:46,2026-06-22 14:44:46,8.0,outbound,10
ENT-01175,CPT-05068,1,1715.39,2026-07-10 10:07:20,2026-07-10 10:07:20,8.0,inbound,2
ENT-01058,CPT-03197,1,1140.42,2025-09-03 14:49:30,2025-09-03 14:49:30,8.0,outbound,39
ENT-00418,CPT-01670,1,57.55,2025-12-04 17:42:52,2025-12-04 17:42:52,8.0,outbound,2
ENT-01152,CPT-05240,2,10265.78,2026-01-26 15:01:02,2026-02-26 13:57:56,7.9,inbound,6
ENT-01222,CPT-02824,1,5015.67,2025-09-30 14:12:21,2025-09-30 14:12:21,7.9,outbound,4
ENT-01137,CPT-05078,1,2796.53,2025-12-19 11:21:46,2025-12-19 11:21:46,7.9,inbound,49
ENT-00997,CPT-00647,4,2326.34,2025-12-26 12:44:01,2026-05-15 12:46:14,7.9,outbound,3
ENT-01371,CPT-04895,1,1459.91,2025-12-19 13:21:07,2025-12-19 13:21:07,7.9,inbound,2
ENT-01293,CPT-00786,1,1156.66,2026-07-07 14:13:56,2026-07-07 14:13:56,7.9,inbound,1
ENT-01193,CPT-03197,1,817.35,2026-01-23 15:32:52,2026-01-23 15:32:52,7.9,outbound,39
ENT-01358,CPT-04855,1,434.15,2026-02-19 09:59:11,2026-02-19 09:59:11,7.9,inbound,18
ENT-01146,CPT-02368,2,17705.01,2025-11-11 16:35:12,2025-12-29 12:48:30,7.8,inbound,3
ENT-01205,CPT-04096,2,12815.32,2025-11-05 17:19:12,2025-11-06 13:46:28,7.8,inbound,1
ENT-01241,CPT-05414,1,6077.99,2025-10-27 13:13:14,2025-10-27 13:13:14,7.8,inbound,22
ENT-01184,CPT-01944,1,3895.5,2026-01-20 16:29:43,2026-01-20 16:29:43,7.8,inbound,2
ENT-01222,CPT-03534,1,2253.88,2025-09-30 13:58:10,2025-09-30 13:58:10,7.8,outbound,30
ENT-01071,CPT-04334,2,837.38,2025-10-30 10:05:46,2025-12-29 10:24:27,7.8,inbound,4
ENT-01353,CPT-05107,1,392.44,2026-02-02 13:34:21,2026-02-02 13:34:21,7.8,inbound,15
ENT-00882,CPT-00594,1,367.2,2026-04-28 19:21:19,2026-04-28 19:21:19,7.8,outbound,5
ENT-00642,CPT-04577,1,61.4,2025-11-26 19:03:04,2025-11-26 19:03:04,7.8,outbound,4
ENT-01266,CPT-01074,3,10427.13,2025-09-26 16:30:10,2025-12-12 12:55:09,7.7,inbound,12
ENT-00918,CPT-01128,2,2646.4,2026-01-07 10:19:39,2026-07-21 15:16:52,7.7,outbound,1
ENT-01115,CPT-03376,2,2166.35,2026-02-09 17:47:16,2026-04-01 09:49:30,7.7,outbound,16
ENT-00282,CPT-01059,3,704.71,2025-12-15 14:46:33,2026-04-10 09:26:28,7.7,inbound,2
ENT-01211,CPT-02163,3,10391.17,2026-01-13 15:16:28,2026-07-10 11:43:32,7.6,inbound,7
ENT-01096,CPT-02766,2,4568.83,2025-09-11 11:57:09,2026-01-02 09:52:07,7.6,outbound,8
ENT-01060,CPT-00990,1,3433.68,2026-05-13 12:34:04,2026-05-13 12:34:04,7.6,inbound,2
ENT-01454,CPT-02418,1,799.47,2026-01-13 11:02:57,2026-01-13 11:02:57,7.6,outbound,28
ENT-00500,CPT-02161,1,362.68,2026-03-26 17:35:10,2026-03-26 17:35:10,7.6,inbound,27
ENT-00049,CPT-05854,1,125.06,2025-11-10 16:37:02,2025-11-10 16:37:02,7.6,outbound,1
ENT-01132,CPT-03788,1,7676.58,2026-01-21 09:11:18,2026-01-21 09:11:18,7.5,inbound,4
ENT-01186,CPT-04373,2,4214.77,2026-03-11 12:21:03,2026-06-29 15:24:29,7.5,inbound,7
ENT-01448,CPT-00997,1,4127.97,2026-04-03 17:54:45,2026-04-03 17:54:45,7.5,inbound,4
ENT-01186,CPT-05181,1,3474.42,2026-05-25 16:03:04,2026-05-25 16:03:04,7.5,inbound,3
ENT-01226,CPT-04792,2,3297.61,2026-03-13 12:06:59,2026-07-08 12:04:52,7.5,inbound,1
ENT-00585,CPT-01909,2,2916.15,2025-11-21 16:21:50,2026-06-30 09:54:29,7.5,inbound,2
ENT-01165,CPT-02496,2,2897.28,2026-02-25 15:34:19,2026-07-02 12:57:16,7.5,outbound,3
ENT-01331,CPT-01204,1,2283.68,2025-11-14 17:14:50,2025-11-14 17:14:50,7.5,inbound,3
ENT-01411,CPT-03514,1,1621.07,2026-05-26 09:01:30,2026-05-26 09:01:30,7.5,outbound,3
ENT-00687,CPT-05107,1,37.57,2026-01-28 13:24:58,2026-01-28 13:24:58,7.5,outbound,15
ENT-01320,CPT-04425,1,5636.03,2026-01-19 12:55:19,2026-01-19 12:55:19,7.4,inbound,18
ENT-01057,CPT-02312,1,5268.07,2025-11-21 16:43:48,2025-11-21 16:43:48,7.4,inbound,10
ENT-01266,CPT-04257,1,1918.75,2026-03-09 10:23:05,2026-03-09 10:23:05,7.3,inbound,3
ENT-00677,CPT-01007,1,453.76,2026-04-30 17:49:31,2026-04-30 17:49:31,7.3,outbound,3
ENT-01042,CPT-03882,1,25.01,2026-01-30 18:13:40,2026-01-30 18:13:40,7.3,outbound,4
ENT-01465,CPT-02081,1,8117.59,2025-11-17 10:18:16,2025-11-17 10:18:16,7.2,inbound,5
ENT-00081,CPT-02250,4,7024.99,2025-10-03 14:13:29,2026-03-04 09:13:04,7.2,inbound,1
ENT-01386,CPT-03232,2,6183.82,2025-11-03 09:42:00,2026-01-21 11:09:49,7.2,outbound,4
ENT-00731,CPT-00713,3,2804.9,2025-10-20 15:50:47,2026-05-04 16:28:06,7.2,inbound,7
ENT-01058,CPT-04758,1,1900.85,2026-06-02 15:43:32,2026-06-02 15:43:32,7.2,inbound,1
ENT-01218,CPT-03116,2,1509.29,2026-04-22 10:55:57,2026-04-27 13:15:14,7.2,outbound,17
ENT-01179,CPT-03530,1,489.34,2026-01-23 15:27:07,2026-01-23 15:27:07,7.2,outbound,3
ENT-01201,CPT-05277,1,8836.8,2025-11-11 13:19:56,2025-11-11 13:19:56,7.1,inbound,2
ENT-01085,CPT-05052,1,8511.48,2026-02-19 14:03:18,2026-02-19 14:03:18,7.1,inbound,1
ENT-00981,CPT-02137,3,2118.78,2025-11-04 16:28:58,2026-06-05 08:37:55,7.1,outbound,2
ENT-01217,CPT-02932,1,2049.75,2026-07-03 14:00:29,2026-07-03 14:00:29,7.1,outbound,6
ENT-01228,CPT-04114,1,735.71,2025-10-27 15:23:46,2025-10-27 15:23:46,7.1,inbound,19
ENT-00333,CPT-01246,3,512.85,2026-05-06 12:14:41,2026-06-24 15:57:18,7.1,outbound,3
ENT-00289,CPT-01579,1,511.85,2026-05-27 13:48:29,2026-05-27 13:48:29,7.1,outbound,2
ENT-01057,CPT-04808,1,6721.45,2025-11-13 10:45:14,2025-11-13 10:45:14,7.0,inbound,6
ENT-01427,CPT-03385,1,2839.18,2026-02-25 15:01:11,2026-02-25 15:01:11,7.0,outbound,3
ENT-01333,CPT-02629,1,1841.27,2026-05-14 13:57:38,2026-05-14 13:57:38,7.0,outbound,5
ENT-01500,CPT-03794,1,839.6,2025-10-14 11:45:38,2025-10-14 11:45:38,7.0,inbound,2
ENT-01183,CPT-02720,1,653.91,2026-06-08 10:40:29,2026-06-08 10:40:29,7.0,outbound,5
ENT-01230,CPT-05240,1,9811.71,2026-01-06 14:56:24,2026-01-06 14:56:24,6.9,inbound,6
ENT-01085,CPT-04411,2,4226.11,2026-04-20 12:28:37,2026-04-28 15:39:39,6.9,inbound,6
ENT-01247,CPT-03023,2,3330.59,2026-02-05 15:58:05,2026-04-09 14:58:52,6.9,outbound,4
ENT-01408,CPT-03835,1,1281.82,2025-12-26 14:40:40,2025-12-26 14:40:40,6.9,inbound,3
ENT-01071,CPT-03297,1,390.02,2025-09-08 10:25:32,2025-09-08 10:25:32,6.9,outbound,110
ENT-01427,CPT-01588,4,7709.93,2025-09-25 15:38:23,2026-05-06 10:09:10,6.8,inbound,2
ENT-01427,CPT-03583,2,5820.49,2026-01-20 17:40:22,2026-03-17 09:26:25,6.8,outbound,2
ENT-01380,CPT-05958,1,3275.86,2025-12-15 12:53:13,2025-12-15 12:53:13,6.8,inbound,13
ENT-01341,CPT-04324,1,1428.21,2026-01-16 10:58:20,2026-01-16 10:58:20,6.8,inbound,71
ENT-01428,CPT-03555,1,766.73,2025-09-03 16:09:49,2025-09-03 16:09:49,6.8,outbound,10
ENT-01446,CPT-03162,1,10148.28,2026-05-05 11:12:32,2026-05-05 11:12:32,6.7,outbound,2
ENT-01222,CPT-04488,1,9329.21,2026-07-03 13:53:43,2026-07-03 13:53:43,6.7,inbound,2
ENT-01230,CPT-03205,3,5092.88,2026-01-05 13:24:17,2026-03-26 13:32:08,6.7,outbound,5
ENT-01280,CPT-04429,1,3838.92,2026-07-13 13:37:50,2026-07-13 13:37:50,6.7,inbound,1
ENT-01378,CPT-01907,1,3607.67,2025-11-20 16:29:52,2025-11-20 16:29:52,6.7,inbound,5
ENT-01331,CPT-03602,1,2096.04,2025-12-15 17:07:20,2025-12-15 17:07:20,6.7,inbound,3
ENT-01094,CPT-05764,1,1645.15,2026-06-09 09:14:31,2026-06-09 09:14:31,6.7,inbound,4
ENT-01162,CPT-02018,1,1262.18,2025-09-10 10:04:02,2025-09-10 10:04:02,6.7,inbound,5
ENT-01071,CPT-01278,2,7980.15,2025-12-03 09:26:51,2025-12-26 10:54:55,6.6,inbound,1
ENT-01237,CPT-01211,1,3935.03,2026-06-22 12:14:34,2026-06-22 12:14:34,6.6,inbound,1
ENT-01441,CPT-04752,1,3506.53,2025-11-03 15:52:00,2025-11-03 15:52:00,6.6,inbound,1
ENT-01332,CPT-03040,1,1162.74,2025-10-13 17:23:20,2025-10-13 17:23:20,6.6,outbound,2
ENT-01250,CPT-03063,1,671.37,2026-04-15 17:10:42,2026-04-15 17:10:42,6.6,outbound,2
ENT-00120,CPT-02059,1,58.44,2026-07-07 14:29:12,2026-07-07 14:29:12,6.6,outbound,6
ENT-01353,CPT-04214,4,14717.37,2025-12-18 14:27:27,2026-02-06 12:32:30,6.5,inbound,7
ENT-01199,CPT-04960,1,9412.14,2026-06-10 14:37:43,2026-06-10 14:37:43,6.5,inbound,3
ENT-01058,CPT-01028,2,6747.2,2026-03-30 12:05:50,2026-06-26 09:39:59,6.5,inbound,1
ENT-01060,CPT-05007,1,5589.15,2025-11-19 17:22:14,2025-11-19 17:22:14,6.5,inbound,9
ENT-01311,CPT-04832,1,5342.37,2026-01-27 09:00:43,2026-01-27 09:00:43,6.5,inbound,25
ENT-01316,CPT-01326,1,4355.42,2026-05-19 15:04:35,2026-05-19 15:04:35,6.5,inbound,3
ENT-01374,CPT-04674,1,7266.32,2026-01-29 11:54:23,2026-01-29 11:54:23,6.4,inbound,5
ENT-01434,CPT-03337,1,3365.92,2025-09-16 10:35:42,2025-09-16 10:35:42,6.4,outbound,2
ENT-01212,CPT-02876,2,2125.41,2025-11-20 11:33:23,2026-06-02 12:41:37,6.4,outbound,2
ENT-01230,CPT-04855,1,1663.87,2026-02-24 16:54:04,2026-02-24 16:54:04,6.4,inbound,18
ENT-01500,CPT-01112,1,831.88,2025-09-15 14:12:42,2025-09-15 14:12:42,6.4,inbound,49
ENT-00526,CPT-00858,1,194.14,2026-05-12 09:49:57,2026-05-12 09:49:57,6.4,outbound,4
ENT-00430,CPT-03933,1,124.49,2025-09-29 12:17:51,2025-09-29 12:17:51,6.4,outbound,15
ENT-01397,CPT-03104,1,3420.99,2025-11-14 14:10:45,2025-11-14 14:10:45,6.3,outbound,12
ENT-01247,CPT-01270,1,3069.24,2026-07-08 17:11:26,2026-07-08 17:11:26,6.3,inbound,1
ENT-01389,CPT-03139,2,2562.36,2025-11-21 14:06:57,2025-12-16 17:26:27,6.3,outbound,21
ENT-01426,CPT-03861,1,1473.92,2026-07-20 12:57:40,2026-07-20 12:57:40,6.3,inbound,1
ENT-01331,CPT-03196,1,1322.23,2026-06-25 11:54:20,2026-06-25 11:54:20,6.3,outbound,3
ENT-01427,CPT-02161,1,1169.26,2026-01-07 15:39:22,2026-01-07 15:39:22,6.3,inbound,27
ENT-01153,CPT-01660,1,356.74,2025-11-06 14:54:57,2025-11-06 14:54:57,6.3,inbound,2
ENT-01245,CPT-02229,1,7771.14,2026-02-17 13:22:22,2026-02-17 13:22:22,6.2,inbound,1
ENT-01497,CPT-03949,1,2106.79,2026-05-26 12:08:04,2026-05-26 12:08:04,6.2,inbound,11
ENT-01466,CPT-05102,1,1200.16,2026-04-23 11:13:14,2026-04-23 11:13:14,6.2,inbound,3
ENT-00689,CPT-03634,1,135.86,2026-01-12 18:11:56,2026-01-12 18:11:56,6.2,outbound,9
ENT-01454,CPT-01555,1,10166.97,2025-12-18 11:42:16,2025-12-18 11:42:16,6.1,inbound,1
ENT-01476,CPT-05824,1,5344.92,2025-12-11 11:09:02,2025-12-11 11:09:02,6.1,inbound,13
ENT-01211,CPT-02116,1,4033.0,2026-04-24 10:36:49,2026-04-24 10:36:49,6.1,inbound,2
ENT-00625,CPT-01432,1,183.45,2026-01-23 18:31:28,2026-01-23 18:31:28,6.1,outbound,6
ENT-01257,CPT-02903,1,7797.91,2026-04-28 15:14:01,2026-04-28 15:14:01,6.0,outbound,1
ENT-01155,CPT-04727,2,4617.86,2026-02-09 17:59:11,2026-03-24 12:49:45,6.0,inbound,4
ENT-01167,CPT-04299,1,3650.92,2025-08-22 12:32:07,2025-08-22 12:32:07,6.0,inbound,44
ENT-01241,CPT-02828,1,1509.68,2026-01-05 16:38:43,2026-01-05 16:38:43,6.0,outbound,5
ENT-01197,CPT-04413,1,1209.87,2026-06-18 16:54:21,2026-06-18 16:54:21,6.0,inbound,2
ENT-01293,CPT-04607,1,1208.77,2026-07-23 11:41:57,2026-07-23 11:41:57,6.0,inbound,2
ENT-00855,CPT-01599,1,815.49,2025-11-18 11:52:58,2025-11-18 11:52:58,6.0,inbound,5
ENT-01297,CPT-05733,1,408.52,2026-03-23 09:20:36,2026-03-23 09:20:36,6.0,inbound,1
ENT-00492,CPT-05763,1,72.29,2025-09-18 12:59:38,2025-09-18 12:59:38,6.0,outbound,1
ENT-01328,CPT-05078,1,2881.01,2025-12-18 11:36:21,2025-12-18 11:36:21,5.9,inbound,49
ENT-01281,CPT-05551,2,2763.94,2025-12-05 17:11:09,2026-07-15 11:34:53,5.9,inbound,2
ENT-01132,CPT-04532,1,2066.67,2026-03-05 09:22:01,2026-03-05 09:22:01,5.9,inbound,5
ENT-01057,CPT-03116,1,1666.4,2026-04-09 10:44:59,2026-04-09 10:44:59,5.9,outbound,17
ENT-01293,CPT-03459,1,453.69,2026-04-03 11:31:09,2026-04-03 11:31:09,5.9,outbound,5
ENT-01230,CPT-02170,2,4335.0,2025-10-20 15:39:07,2026-03-06 11:09:17,5.8,inbound,1
ENT-01130,CPT-04134,1,1261.55,2026-07-30 13:16:43,2026-07-30 13:16:43,5.8,inbound,2
ENT-01167,CPT-02476,1,953.22,2025-12-31 09:33:10,2025-12-31 09:33:10,5.8,outbound,2
ENT-01231,CPT-03408,1,680.4,2026-05-08 10:03:16,2026-05-08 10:03:16,5.8,outbound,2
ENT-01183,CPT-03892,2,9817.28,2026-03-05 13:34:04,2026-04-10 15:03:13,5.7,inbound,6
ENT-01432,CPT-02414,1,4929.23,2026-04-13 10:36:29,2026-04-13 10:36:29,5.7,outbound,22
ENT-01293,CPT-03204,1,4732.6,2026-06-12 14:06:03,2026-06-12 14:06:03,5.7,outbound,9
ENT-01259,CPT-02821,1,4372.87,2026-03-12 14:46:32,2026-03-12 14:46:32,5.7,outbound,28
ENT-01236,CPT-05600,1,2654.63,2026-04-10 10:39:32,2026-04-10 10:39:32,5.7,inbound,1
ENT-01232,CPT-03232,2,1479.51,2025-11-26 11:36:48,2026-04-01 14:06:00,5.7,outbound,4
ENT-01232,CPT-04280,1,1442.19,2025-10-30 14:26:34,2025-10-30 14:26:34,5.7,inbound,7
ENT-01324,CPT-03460,2,920.16,2025-12-31 14:44:39,2026-03-10 12:09:30,5.7,outbound,2
ENT-00430,CPT-02357,1,90.94,2025-12-05 19:20:00,2025-12-05 19:20:00,5.7,outbound,4
ENT-00649,CPT-01697,1,32.51,2026-03-18 17:56:44,2026-03-18 17:56:44,5.7,outbound,1
ENT-01165,CPT-02444,2,6342.23,2025-10-07 16:50:01,2026-01-29 12:32:26,5.6,outbound,8
ENT-01262,CPT-03439,2,4743.83,2025-11-28 10:55:38,2026-06-29 10:13:23,5.6,outbound,5
ENT-01441,CPT-03601,1,4204.24,2025-12-22 10:18:17,2025-12-22 10:18:17,5.6,inbound,9
ENT-01061,CPT-04318,2,4089.85,2025-09-30 09:49:29,2025-11-19 13:37:54,5.6,inbound,7
ENT-01186,CPT-05311,1,2985.68,2026-05-21 12:22:31,2026-05-21 12:22:31,5.6,inbound,3
ENT-01169,CPT-03534,1,1329.28,2026-02-23 09:56:08,2026-02-23 09:56:08,5.6,outbound,30
ENT-00980,CPT-00735,2,221.17,2025-11-25 15:24:43,2026-02-19 17:15:58,5.6,outbound,14
ENT-01142,CPT-02858,1,7720.1,2026-01-27 12:28:00,2026-01-27 12:28:00,5.5,outbound,6
ENT-01059,CPT-02222,1,5557.7,2026-03-27 13:06:03,2026-03-27 13:06:03,5.5,inbound,3
ENT-01389,CPT-03424,1,1613.65,2026-03-23 13:31:41,2026-03-23 13:31:41,5.5,outbound,1
ENT-01349,CPT-02729,1,730.84,2025-12-26 13:16:54,2025-12-26 13:16:54,5.5,outbound,3
ENT-00876,CPT-00971,1,228.8,2025-09-01 11:41:39,2025-09-01 11:41:39,5.5,outbound,1
ENT-00644,CPT-00735,1,184.03,2026-01-29 10:15:43,2026-01-29 10:15:43,5.5,outbound,14
ENT-01356,CPT-04318,1,4094.76,2026-02-11 16:16:13,2026-02-11 16:16:13,5.4,inbound,7
ENT-01395,CPT-03206,1,2026.58,2026-03-12 12:30:52,2026-03-12 12:30:52,5.4,outbound,38
ENT-01335,CPT-04433,1,417.09,2026-06-03 11:37:43,2026-06-03 11:37:43,5.4,inbound,2
ENT-00492,CPT-04425,1,28.19,2025-11-11 14:43:57,2025-11-11 14:43:57,5.4,outbound,18
ENT-01257,CPT-01041,1,3492.66,2026-01-07 14:48:06,2026-01-07 14:48:06,5.3,inbound,2
ENT-01113,CPT-02418,1,2927.06,2026-03-19 12:55:34,2026-03-19 12:55:34,5.3,outbound,28
ENT-01222,CPT-03294,1,726.96,2026-03-24 10:05:57,2026-03-24 10:05:57,5.3,outbound,1
ENT-01171,CPT-02431,1,562.69,2026-02-13 14:58:14,2026-02-13 14:58:14,5.3,outbound,30
ENT-01266,CPT-03152,1,381.13,2026-05-08 10:44:18,2026-05-08 10:44:18,5.3,outbound,4
ENT-01402,CPT-05509,1,3382.15,2025-09-29 13:43:24,2025-09-29 13:43:24,5.2,inbound,14
ENT-01197,CPT-04901,1,2293.89,2026-04-10 14:24:55,2026-04-10 14:24:55,5.2,inbound,9
ENT-01113,CPT-03036,1,2136.75,2026-04-29 14:44:29,2026-04-29 14:44:29,5.2,outbound,1
ENT-01281,CPT-02500,1,1248.21,2025-12-09 15:44:39,2025-12-09 15:44:39,5.2,outbound,60
ENT-01389,CPT-02399,1,1048.79,2025-12-23 17:16:47,2025-12-23 17:16:47,5.2,outbound,8
ENT-00189,CPT-05380,1,198.37,2025-12-29 11:22:44,2025-12-29 11:22:44,5.2,outbound,1
ENT-01333,CPT-03817,1,9472.85,2026-04-09 12:09:21,2026-04-09 12:09:21,5.1,inbound,9
ENT-01476,CPT-02098,3,7203.94,2025-10-24 11:53:10,2026-06-30 09:38:19,5.1,inbound,3
ENT-00042,CPT-00676,2,3838.2,2025-12-26 13:34:25,2026-06-01 15:46:14,5.1,inbound,1
ENT-01427,CPT-01814,1,2597.72,2026-02-12 11:30:52,2026-02-12 11:30:52,5.1,inbound,1
ENT-01425,CPT-02787,1,948.97,2026-01-14 13:49:50,2026-01-14 13:49:50,5.1,outbound,42
ENT-00189,CPT-01079,1,21.69,2026-03-25 19:31:36,2026-03-25 19:31:36,5.1,outbound,4
ENT-01455,CPT-02069,3,5740.35,2025-12-15 17:46:52,2026-03-04 13:08:15,5.0,inbound,6
ENT-01440,CPT-02635,1,947.94,2026-06-18 17:29:43,2026-06-18 17:29:43,5.0,outbound,3
ENT-00368,CPT-04785,1,482.95,2026-01-07 15:34:54,2026-01-07 15:34:54,5.0,outbound,6
ENT-01173,CPT-02794,1,282.93,2026-06-02 10:53:44,2026-06-02 10:53:44,5.0,outbound,3
ENT-01092,CPT-04077,1,4759.08,2026-03-12 15:12:07,2026-03-12 15:12:07,4.9,inbound,3
ENT-01328,CPT-02005,1,1892.52,2026-02-18 09:56:41,2026-02-18 09:56:41,4.9,inbound,3
ENT-01397,CPT-03376,1,1597.64,2025-12-08 13:42:26,2025-12-08 13:42:26,4.9,outbound,16
ENT-01105,CPT-03155,1,1500.0,2026-06-15 17:37:13,2026-06-15 17:37:13,4.9,outbound,2
ENT-01281,CPT-03545,1,6500.0,2026-04-07 16:07:13,2026-04-07 16:07:13,4.8,outbound,4
ENT-01197,CPT-05613,1,1626.08,2025-11-12 16:06:40,2025-11-12 16:06:40,4.8,inbound,7
ENT-01103,CPT-02500,1,991.91,2026-01-20 15:41:05,2026-01-20 15:41:05,4.8,outbound,60
ENT-00278,CPT-01360,1,283.63,2025-10-06 15:23:10,2025-10-06 15:23:10,4.8,inbound,3
ENT-00821,CPT-00594,1,160.13,2025-11-06 14:05:27,2025-11-06 14:05:27,4.8,outbound,5
ENT-00155,CPT-02208,1,86.71,2026-01-23 12:57:20,2026-01-23 12:57:20,4.8,outbound,2
ENT-01372,CPT-05463,1,5455.12,2026-02-24 12:43:08,2026-02-24 12:43:08,4.7,inbound,2
ENT-00454,CPT-05691,2,437.9,2025-10-28 16:44:47,2026-05-25 12:27:29,4.7,outbound,9
ENT-00981,CPT-05933,1,171.97,2025-10-23 09:28:00,2025-10-23 09:28:00,4.7,outbound,4
ENT-01241,CPT-05086,2,5123.1,2025-12-31 12:42:07,2026-05-22 14:44:23,4.6,inbound,15
ENT-01265,CPT-04945,1,3565.85,2026-01-29 13:23:36,2026-01-29 13:23:36,4.6,inbound,24
ENT-01407,CPT-05414,1,1332.15,2026-05-04 13:24:22,2026-05-04 13:24:22,4.6,inbound,22
ENT-01183,CPT-02929,1,1257.97,2025-12-31 13:24:01,2025-12-31 13:24:01,4.6,outbound,15
ENT-01255,CPT-02870,1,500.0,2025-11-12 11:27:21,2025-11-12 11:27:21,4.6,outbound,54
ENT-00430,CPT-01552,1,66.16,2025-11-18 17:11:16,2025-11-18 17:11:16,4.6,outbound,8
ENT-01380,CPT-04276,2,5144.8,2025-11-24 15:38:26,2026-02-13 11:11:25,4.5,inbound,2
ENT-01328,CPT-04506,1,3601.32,2026-04-13 13:06:59,2026-04-13 13:06:59,4.5,inbound,2
ENT-01136,CPT-03521,1,2744.8,2025-10-07 13:07:30,2025-10-07 13:07:30,4.5,outbound,7
ENT-01371,CPT-03870,1,1388.43,2026-06-19 15:37:30,2026-06-19 15:37:30,4.5,inbound,1
ENT-01466,CPT-04967,1,764.93,2026-03-24 13:38:59,2026-03-24 13:38:59,4.5,inbound,3
ENT-00882,CPT-05240,1,308.66,2026-03-23 09:54:38,2026-03-23 09:54:38,4.5,outbound,6
ENT-00120,CPT-02380,1,283.47,2025-11-10 10:08:51,2025-11-10 10:08:51,4.5,outbound,1
ENT-01372,CPT-04925,1,6389.74,2026-04-13 09:52:18,2026-04-13 09:52:18,4.4,inbound,3
ENT-01171,CPT-05022,1,4596.45,2026-05-13 09:36:50,2026-05-13 09:36:50,4.4,inbound,9
ENT-01498,CPT-04275,1,4014.26,2026-01-29 13:06:35,2026-01-29 13:06:35,4.4,inbound,4
ENT-01427,CPT-02109,1,1732.75,2025-11-24 11:49:23,2025-11-24 11:49:23,4.4,inbound,3
ENT-01379,CPT-05838,1,1552.95,2026-04-09 16:24:36,2026-04-09 16:24:36,4.4,inbound,3
ENT-01410,CPT-04375,1,1542.23,2025-10-24 13:55:49,2025-10-24 13:55:49,4.4,inbound,4
ENT-00303,CPT-04371,1,363.48,2026-03-05 17:11:23,2026-03-05 17:11:23,4.4,outbound,19
ENT-01266,CPT-00671,2,6018.25,2025-12-25 14:51:36,2026-05-07 17:31:29,4.3,inbound,1
ENT-01398,CPT-03892,1,5976.09,2026-03-23 10:23:28,2026-03-23 10:23:28,4.3,inbound,6
ENT-01281,CPT-04373,1,2738.95,2026-07-09 16:19:22,2026-07-09 16:19:22,4.3,inbound,7
ENT-01200,CPT-05621,1,2628.78,2025-11-26 12:09:15,2025-11-26 12:09:15,4.3,inbound,2
ENT-01105,CPT-03517,1,1230.88,2026-03-10 13:48:21,2026-03-10 13:48:21,4.3,outbound,2
ENT-01205,CPT-00919,1,1089.74,2026-02-19 12:48:30,2026-02-19 12:48:30,4.3,inbound,5
ENT-01425,CPT-02853,1,628.86,2026-01-19 11:00:02,2026-01-19 11:00:02,4.2,outbound,2
ENT-00907,CPT-00939,2,375.68,2026-01-28 10:34:55,2026-02-18 19:27:04,4.2,outbound,3
ENT-01349,CPT-05392,2,2838.95,2025-09-24 09:23:01,2026-01-26 12:11:49,4.1,inbound,2
ENT-00687,CPT-01449,2,1927.38,2025-12-11 16:28:02,2026-02-19 13:53:14,4.1,outbound,7
ENT-01427,CPT-03472,1,1258.87,2026-07-15 17:53:02,2026-07-15 17:53:02,4.1,outbound,3
ENT-01255,CPT-02743,1,500.0,2026-03-02 14:43:49,2026-03-02 14:43:49,4.1,outbound,8
ENT-01311,CPT-03731,1,6197.66,2026-02-18 11:38:24,2026-02-18 11:38:24,4.0,inbound,22
ENT-01186,CPT-05366,1,2615.6,2026-01-07 14:23:12,2026-01-07 14:23:12,4.0,inbound,6
ENT-01331,CPT-05613,2,2259.31,2025-11-13 15:01:36,2026-04-29 11:21:58,4.0,inbound,7
ENT-01153,CPT-03731,1,1284.92,2026-03-17 13:54:33,2026-03-17 13:54:33,4.0,inbound,22
ENT-00526,CPT-00876,1,885.91,2026-01-08 19:33:28,2026-01-08 19:33:28,4.0,outbound,2
ENT-01494,CPT-02024,1,688.19,2026-01-19 10:46:38,2026-01-19 10:46:38,4.0,inbound,1
ENT-00649,CPT-01420,1,349.94,2026-05-13 11:17:21,2026-05-13 11:17:21,4.0,outbound,2
ENT-01042,CPT-03719,2,241.94,2026-03-04 15:42:47,2026-03-16 19:23:58,4.0,outbound,1
ENT-01282,CPT-02801,2,5561.06,2025-10-10 11:13:27,2026-01-12 16:50:37,3.9,outbound,5
ENT-01293,CPT-03197,1,2472.94,2025-08-27 10:03:07,2025-08-27 10:03:07,3.9,outbound,39
ENT-01348,CPT-03049,1,1808.71,2026-05-29 12:32:00,2026-05-29 12:32:00,3.9,outbound,5
ENT-01339,CPT-03174,1,1613.79,2026-03-11 15:24:10,2026-03-11 15:24:10,3.9,outbound,6
ENT-01142,CPT-04267,1,1599.29,2026-01-07 17:11:13,2026-01-07 17:11:13,3.9,inbound,4
ENT-00149,CPT-01248,1,1332.13,2025-09-25 14:31:57,2025-09-25 14:31:57,3.9,outbound,3
ENT-01402,CPT-02017,1,1283.2,2025-11-20 15:19:04,2025-11-20 15:19:04,3.9,inbound,2
ENT-01440,CPT-03464,1,994.02,2025-12-12 12:38:08,2025-12-12 12:38:08,3.9,outbound,2
ENT-00042,CPT-00995,1,809.68,2026-03-17 09:15:54,2026-03-17 09:15:54,3.9,inbound,1
ENT-00981,CPT-02219,2,487.82,2025-12-11 12:07:12,2026-04-13 17:55:06,3.9,outbound,1
ENT-01458,CPT-05895,3,3475.83,2026-05-11 14:13:15,2026-07-16 16:30:13,3.8,inbound,5
ENT-01432,CPT-03088,1,3264.65,2026-01-13 14:15:52,2026-01-13 14:15:52,3.8,outbound,4
ENT-01432,CPT-04736,1,1487.29,2026-03-30 14:58:07,2026-03-30 14:58:07,3.8,inbound,2
ENT-01057,CPT-05411,1,1329.87,2025-12-29 11:42:00,2025-12-29 11:42:00,3.8,inbound,3
ENT-01389,CPT-03258,1,1236.64,2026-04-28 11:35:31,2026-04-28 11:35:31,3.8,outbound,6
ENT-01410,CPT-02410,1,1118.38,2025-12-02 15:39:18,2025-12-02 15:39:18,3.8,outbound,9
ENT-00387,CPT-04460,1,721.55,2026-06-18 17:09:07,2026-06-18 17:09:07,3.8,outbound,1
ENT-01497,CPT-04791,2,2419.64,2025-10-07 15:51:07,2026-04-27 10:55:33,3.7,inbound,8
ENT-01250,CPT-02592,1,2153.66,2026-04-14 14:36:26,2026-04-14 14:36:26,3.7,outbound,3
ENT-01255,CPT-03989,2,1534.99,2026-02-09 13:36:35,2026-04-02 10:43:12,3.7,inbound,14
ENT-01333,CPT-02613,1,1346.37,2026-02-04 11:24:14,2026-02-04 11:24:14,3.7,outbound,4
ENT-00981,CPT-02061,1,48.93,2026-05-19 15:14:56,2026-05-19 15:14:56,3.7,outbound,4
ENT-01162,CPT-03525,1,5740.6,2025-09-05 12:09:57,2025-09-05 12:09:57,3.6,outbound,5
ENT-01333,CPT-03209,1,4916.15,2026-04-21 14:18:11,2026-04-21 14:18:11,3.6,outbound,8
ENT-00500,CPT-01553,4,4768.87,2025-10-23 17:58:03,2026-03-23 09:15:25,3.6,inbound,1
ENT-01211,CPT-05261,2,2441.5,2025-12-23 14:33:54,2026-02-23 16:43:07,3.6,inbound,1
ENT-01092,CPT-01935,1,2268.98,2026-03-31 14:00:00,2026-03-31 14:00:00,3.6,inbound,2
ENT-01130,CPT-04330,1,1600.97,2026-01-08 15:28:03,2026-01-08 15:28:03,3.6,inbound,6
ENT-01150,CPT-00651,1,579.0,2026-06-10 16:43:53,2026-06-10 16:43:53,3.6,inbound,1
ENT-01356,CPT-04508,1,7565.09,2026-01-12 10:03:03,2026-01-12 10:03:03,3.5,inbound,3
ENT-01347,CPT-04275,1,5406.55,2026-06-24 13:51:02,2026-06-24 13:51:02,3.5,inbound,4
ENT-01088,CPT-04025,3,4981.39,2026-04-22 10:05:40,2026-07-09 15:40:15,3.5,inbound,2
ENT-01341,CPT-05625,2,1928.53,2025-12-12 14:07:58,2026-06-22 11:55:45,3.5,inbound,1
ENT-01071,CPT-04786,1,4575.55,2026-04-17 15:12:54,2026-04-17 15:12:54,3.4,inbound,5
ENT-01497,CPT-00920,2,2140.69,2025-09-17 12:48:10,2026-02-25 09:36:22,3.4,inbound,1
ENT-01247,CPT-03244,1,1912.15,2026-04-09 15:06:46,2026-04-09 15:06:46,3.4,outbound,3
ENT-01349,CPT-03534,1,1108.51,2026-06-01 15:18:50,2026-06-01 15:18:50,3.4,outbound,30
ENT-01432,CPT-02962,1,860.37,2026-04-16 13:13:42,2026-04-16 13:13:42,3.4,outbound,6
ENT-01410,CPT-03197,1,313.42,2026-03-11 13:22:12,2026-03-11 13:22:12,3.4,outbound,39
ENT-01103,CPT-01228,1,2719.26,2025-12-11 10:48:26,2025-12-11 10:48:26,3.3,inbound,1
ENT-01352,CPT-04400,1,1261.04,2026-01-15 11:13:22,2026-01-15 11:13:22,3.3,inbound,11
ENT-01178,CPT-04459,1,842.15,2026-04-22 16:44:15,2026-04-22 16:44:15,3.3,inbound,4
ENT-01153,CPT-04876,1,715.76,2026-03-06 15:22:58,2026-03-06 15:22:58,3.3,inbound,4
ENT-00042,CPT-04303,1,151.64,2025-10-08 15:07:39,2025-10-08 15:07:39,3.3,outbound,22
ENT-01164,CPT-01020,2,5210.28,2026-01-15 11:07:52,2026-04-28 14:38:50,3.2,inbound,11
ENT-01236,CPT-04999,1,4345.48,2026-02-02 13:37:14,2026-02-02 13:37:14,3.2,inbound,3
ENT-01393,CPT-03757,1,4139.31,2026-06-17 15:08:22,2026-06-17 15:08:22,3.2,inbound,2
ENT-01057,CPT-04081,1,3315.42,2025-11-12 13:09:41,2025-11-12 13:09:41,3.2,inbound,2
ENT-01389,CPT-03545,2,2626.76,2025-12-02 10:22:50,2026-01-06 16:23:17,3.2,outbound,4
ENT-01378,CPT-02566,1,2399.49,2025-09-23 16:50:21,2025-09-23 16:50:21,3.2,outbound,2
ENT-01277,CPT-05493,1,1788.72,2026-03-09 16:32:42,2026-03-09 16:32:42,3.2,inbound,2
ENT-01349,CPT-02860,1,1117.42,2026-02-18 13:54:28,2026-02-18 13:54:28,3.2,outbound,4
ENT-01049,CPT-02212,1,2499.08,2025-10-17 13:05:07,2025-10-17 13:05:07,3.1,outbound,2
ENT-01246,CPT-02577,1,1579.23,2026-04-06 15:41:37,2026-04-06 15:41:37,3.1,outbound,8
ENT-01476,CPT-03528,1,1334.45,2026-04-21 16:02:14,2026-04-21 16:02:14,3.1,outbound,9
ENT-00907,CPT-01020,1,786.41,2026-01-05 14:08:47,2026-01-05 14:08:47,3.1,outbound,11
ENT-01096,CPT-01398,1,145.22,2026-04-10 17:05:37,2026-04-10 17:05:37,3.1,inbound,2
ENT-01103,CPT-02613,1,2821.04,2026-01-22 17:56:53,2026-01-22 17:56:53,3.0,outbound,4
ENT-01331,CPT-01758,1,3947.94,2026-04-22 10:50:23,2026-04-22 10:50:23,2.9,inbound,2
ENT-01162,CPT-02910,1,2339.37,2026-07-09 13:59:35,2026-07-09 13:59:35,2.9,outbound,2
ENT-00677,CPT-01397,3,1774.96,2025-11-17 10:15:31,2026-02-25 15:38:38,2.9,outbound,3
ENT-01231,CPT-03158,1,1412.12,2026-06-19 10:11:03,2026-06-19 10:11:03,2.9,outbound,2
ENT-01212,CPT-04869,1,1062.44,2026-04-06 11:20:07,2026-04-06 11:20:07,2.8,inbound,3
ENT-01282,CPT-05668,1,847.7,2026-01-26 13:55:10,2026-01-26 13:55:10,2.8,inbound,3
ENT-01349,CPT-02937,1,560.78,2026-05-06 12:41:46,2026-05-06 12:41:46,2.8,outbound,12
ENT-01257,CPT-05810,1,4984.76,2026-03-02 09:45:59,2026-03-02 09:45:59,2.7,inbound,3
ENT-00289,CPT-01389,1,246.6,2026-05-15 13:26:02,2026-05-15 13:26:02,2.7,outbound,1
ENT-01090,CPT-03414,1,4221.67,2026-05-01 12:38:19,2026-05-01 12:38:19,2.6,outbound,8
ENT-01425,CPT-03004,2,3137.58,2025-09-18 15:33:58,2026-04-23 09:18:43,2.6,outbound,2
ENT-01282,CPT-03958,1,1863.41,2026-05-15 10:48:16,2026-05-15 10:48:16,2.6,inbound,8
ENT-01094,CPT-03802,1,1481.82,2026-04-23 14:01:16,2026-04-23 14:01:16,2.6,inbound,3
ENT-01458,CPT-03976,1,1260.11,2026-05-12 15:25:45,2026-05-12 15:25:45,2.6,inbound,3
ENT-01282,CPT-04751,1,312.4,2025-12-31 09:21:03,2025-12-31 09:21:03,2.6,inbound,5
ENT-00907,CPT-01431,1,115.08,2025-09-02 10:31:36,2025-09-02 10:31:36,2.6,outbound,16
ENT-01441,CPT-02069,1,6904.43,2026-01-02 16:36:23,2026-01-02 16:36:23,2.5,inbound,6
ENT-01241,CPT-00880,1,4272.48,2026-01-23 14:30:12,2026-01-23 14:30:12,2.5,inbound,1
ENT-01341,CPT-04817,1,4150.04,2025-12-03 12:11:06,2025-12-03 12:11:06,2.5,inbound,1
ENT-01458,CPT-03349,2,2539.76,2025-12-11 15:37:22,2026-02-05 09:33:06,2.5,outbound,3
ENT-00303,CPT-02245,2,1457.41,2025-12-01 18:04:24,2026-03-10 12:35:25,2.5,outbound,4
ENT-01281,CPT-04891,1,760.86,2026-01-27 13:00:18,2026-01-27 13:00:18,2.5,inbound,11
ENT-00918,CPT-05230,1,292.48,2025-10-27 12:04:54,2025-10-27 12:04:54,2.5,outbound,1
ENT-01424,CPT-02141,1,3224.95,2026-06-02 15:36:35,2026-06-02 15:36:35,2.4,inbound,3
ENT-01441,CPT-04214,1,1939.2,2025-12-02 14:45:55,2025-12-02 14:45:55,2.4,inbound,7
ENT-01023,CPT-05613,1,454.41,2026-04-20 14:20:06,2026-04-20 14:20:06,2.4,outbound,7
ENT-00688,CPT-01165,2,298.75,2026-03-19 10:06:25,2026-06-17 17:31:09,2.4,outbound,1
ENT-01193,CPT-02723,2,5327.91,2026-01-23 13:34:14,2026-02-24 10:30:42,2.3,outbound,5
ENT-01500,CPT-00590,1,2401.17,2025-12-25 12:25:12,2025-12-25 12:25:12,2.3,inbound,2
ENT-01167,CPT-04459,2,2266.05,2026-03-19 12:02:01,2026-03-23 13:51:37,2.3,inbound,4
ENT-00688,CPT-00926,4,147.7,2025-11-20 12:45:04,2026-04-28 10:34:37,2.3,outbound,2
ENT-01441,CPT-01304,1,3052.08,2026-03-02 17:33:33,2026-03-02 17:33:33,2.2,inbound,1
ENT-01257,CPT-04685,1,1600.45,2026-06-30 09:51:56,2026-06-30 09:51:56,2.2,inbound,2
ENT-00532,CPT-01683,1,1398.77,2026-01-09 12:07:23,2026-01-09 12:07:23,2.2,outbound,13
ENT-01088,CPT-04330,1,770.78,2025-11-27 13:43:37,2025-11-27 13:43:37,2.2,inbound,6
ENT-00526,CPT-01222,1,63.07,2025-10-22 12:29:41,2025-10-22 12:29:41,2.2,outbound,2
ENT-01478,CPT-05586,1,3431.82,2026-07-09 12:01:11,2026-07-09 12:01:11,2.1,inbound,1
ENT-01471,CPT-00858,1,2615.0,2026-02-19 12:32:52,2026-02-19 12:32:52,2.1,inbound,4
ENT-01432,CPT-04649,1,2537.07,2026-04-07 16:54:02,2026-04-07 16:54:02,2.1,inbound,5
ENT-00049,CPT-01514,1,893.84,2025-12-23 11:50:18,2025-12-23 11:50:18,2.1,outbound,8
ENT-01236,CPT-03816,1,498.82,2026-03-03 16:07:02,2026-03-03 16:07:02,2.1,inbound,3
ENT-01132,CPT-03603,1,6404.76,2026-03-02 09:43:51,2026-03-02 09:43:51,2.0,inbound,3
ENT-01346,CPT-00774,1,2448.16,2025-11-13 15:48:41,2025-11-13 15:48:41,2.0,inbound,13
ENT-01460,CPT-01431,1,5996.48,2026-01-19 14:52:03,2026-01-19 14:52:03,1.9,inbound,16
ENT-01092,CPT-02178,1,5352.41,2026-01-08 12:20:21,2026-01-08 12:20:21,1.9,inbound,5
ENT-01115,CPT-02433,1,4152.1,2026-06-22 13:09:24,2026-06-22 13:09:24,1.9,outbound,2
ENT-01332,CPT-03068,1,1194.2,2026-02-25 11:56:45,2026-02-25 11:56:45,1.9,outbound,22
ENT-01319,CPT-02444,1,749.67,2025-12-23 16:35:47,2025-12-23 16:35:47,1.9,outbound,8
ENT-01217,CPT-02126,2,2763.39,2026-01-21 17:41:13,2026-05-25 12:14:40,1.8,inbound,5
ENT-01347,CPT-04655,1,1462.45,2025-11-10 09:28:42,2025-11-10 09:28:42,1.8,inbound,5
ENT-01171,CPT-03601,1,5574.08,2026-03-30 14:19:09,2026-03-30 14:19:09,1.7,inbound,9
ENT-01201,CPT-05086,1,3581.81,2026-02-10 11:56:27,2026-02-10 11:56:27,1.7,inbound,15
ENT-01348,CPT-05921,1,3218.46,2025-12-31 09:35:26,2025-12-31 09:35:26,1.7,inbound,2
ENT-01088,CPT-01757,1,759.45,2026-04-16 13:00:54,2026-04-16 13:00:54,1.7,inbound,1
ENT-01500,CPT-05873,1,589.91,2026-02-02 11:04:52,2026-02-02 11:04:52,1.7,inbound,1
ENT-01175,CPT-05784,1,3762.42,2026-01-06 12:24:11,2026-01-06 12:24:11,1.6,inbound,3
ENT-01371,CPT-03574,2,2757.58,2025-11-18 10:45:46,2025-12-15 13:28:07,1.6,outbound,5
ENT-01333,CPT-04794,1,1229.32,2026-05-29 12:45:48,2026-05-29 12:45:48,1.6,inbound,1
ENT-00155,CPT-04968,1,42.15,2026-03-18 15:41:19,2026-03-18 15:41:19,1.6,outbound,1
ENT-01150,CPT-03170,2,7626.59,2025-11-10 12:15:37,2026-02-05 12:22:22,1.5,outbound,10
ENT-01374,CPT-02225,1,2938.76,2026-03-09 12:12:38,2026-03-09 12:12:38,1.5,inbound,1
ENT-00876,CPT-00930,1,444.94,2025-10-17 13:04:40,2025-10-17 13:04:40,1.5,outbound,2
ENT-01203,CPT-01386,1,361.13,2026-02-25 14:54:09,2026-02-25 14:54:09,1.5,inbound,3
ENT-00821,CPT-01534,1,128.71,2026-05-18 11:08:13,2026-05-18 11:08:13,1.5,outbound,3
ENT-01162,CPT-03085,1,1641.98,2025-12-01 15:48:54,2025-12-01 15:48:54,1.4,outbound,9
ENT-00918,CPT-00919,1,864.04,2026-06-01 13:48:21,2026-06-01 13:48:21,1.4,outbound,5
ENT-01153,CPT-05681,1,366.88,2026-06-18 13:08:09,2026-06-18 13:08:09,1.4,inbound,2
ENT-01126,CPT-04767,1,3600.16,2025-12-19 15:23:47,2025-12-19 15:23:47,1.3,inbound,2
ENT-01374,CPT-01217,1,1488.78,2026-01-27 10:48:19,2026-01-27 10:48:19,1.3,inbound,2
ENT-01266,CPT-04721,1,1130.33,2026-02-13 14:27:08,2026-02-13 14:27:08,1.3,inbound,1
ENT-00104,CPT-05072,1,677.2,2025-11-19 13:50:23,2025-11-19 13:50:23,1.3,outbound,31
ENT-00471,CPT-04595,1,202.54,2026-04-06 12:30:35,2026-04-06 12:30:35,1.3,outbound,1
ENT-01242,CPT-05290,1,3649.22,2025-11-28 14:55:32,2025-11-28 14:55:32,1.1,inbound,3
ENT-01262,CPT-03360,1,2507.15,2026-05-11 13:07:35,2026-05-11 13:07:35,1.1,outbound,8
ENT-01182,CPT-02499,1,2348.31,2026-06-11 11:48:08,2026-06-11 11:48:08,1.1,outbound,3
ENT-01282,CPT-03934,2,1875.28,2025-12-29 15:42:18,2026-04-17 13:12:23,1.1,inbound,4
ENT-01162,CPT-04214,1,986.76,2026-01-16 16:32:40,2026-01-16 16:32:40,1.1,inbound,7
ENT-01455,CPT-04290,1,276.33,2025-09-24 12:38:05,2025-09-24 12:38:05,1.1,inbound,7
ENT-01259,CPT-03717,1,2800.28,2026-03-09 10:57:01,2026-03-09 10:57:01,1.0,inbound,3
ENT-01403,CPT-05712,1,1625.1,2026-01-12 12:39:27,2026-01-12 12:39:27,1.0,inbound,3
ENT-01293,CPT-03949,1,1530.41,2026-03-19 13:24:35,2026-03-19 13:24:35,1.0,inbound,11
ENT-01132,CPT-04876,1,782.31,2026-01-19 14:19:04,2026-01-19 14:19:04,0.9,inbound,4
ENT-01293,CPT-02775,1,1752.46,2026-01-29 10:42:52,2026-01-29 10:42:52,0.8,outbound,3
ENT-00042,CPT-01905,1,849.44,2025-12-31 12:59:06,2025-12-31 12:59:06,0.8,inbound,17
ENT-00871,CPT-02374,1,172.48,2026-04-07 13:24:23,2026-04-07 13:24:23,0.7,outbound,2
ENT-00042,CPT-01243,1,2132.34,2026-05-06 10:05:10,2026-05-06 10:05:10,0.6,inbound,3
ENT-00585,CPT-05527,1,589.36,2026-02-13 14:52:43,2026-02-13 14:52:43,0.6,outbound,4
ENT-01372,CPT-02940,1,547.52,2025-12-01 10:17:45,2025-12-01 10:17:45,0.6,outbound,3
ENT-01153,CPT-04157,1,933.43,2026-06-09 14:46:41,2026-06-09 14:46:41,0.5,inbound,2
ENT-00303,CPT-00770,2,430.47,2026-02-20 10:30:46,2026-05-20 13:29:07,0.5,outbound,5
ENT-01378,CPT-03603,1,4546.49,2026-05-04 12:11:45,2026-05-04 12:11:45,0.4,inbound,3
ENT-01057,CPT-04198,1,4207.69,2026-03-31 12:34:19,2026-03-31 12:34:19,0.4,inbound,3
ENT-01266,CPT-02077,1,2466.15,2026-01-27 12:41:45,2026-01-27 12:41:45,0.4,inbound,2
ENT-01115,CPT-03156,1,2310.42,2026-03-16 09:50:47,2026-03-16 09:50:47,0.4,outbound,2
ENT-01432,CPT-02045,1,805.06,2026-03-11 11:07:08,2026-03-11 11:07:08,0.4,inbound,3
ENT-01280,CPT-00825,1,821.81,2025-12-15 12:52:45,2025-12-15 12:52:45,0.3,inbound,1
ENT-00687,CPT-01497,1,33.46,2026-02-18 13:11:14,2026-02-18 13:11:14,0.3,outbound,1
ENT-01371,CPT-05189,1,1973.03,2026-01-26 15:58:23,2026-01-26 15:58:23,0.2,inbound,11
ENT-01262,CPT-01861,1,1126.78,2026-02-12 11:28:26,2026-02-12 11:28:26,0.2,inbound,5
ENT-01059,CPT-02563,1,690.47,2026-03-31 12:47:38,2026-03-31 12:47:38,0.2,outbound,3
ENT-00688,CPT-03596,1,108.0,2026-03-23 12:55:20,2026-03-23 12:55:20,0.2,outbound,2
ENT-00042,CPT-01789,1,431.97,2026-04-28 13:50:07,2026-04-28 13:50:07,0.1,inbound,2
ENT-01230,CPT-02621,1,846.39,2026-03-30 12:31:02,2026-03-30 12:31:02,0.0,outbound,1
ENT-01083,CPT-00950,1,559.09,2026-05-11 13:56:35,2026-05-11 13:56:35,0.0,inbound,1
